cActivitypre,"How often did you participate in some sort of outdoor activity this time last year and now, after you have been asked to practice social distancing because of the coronavirus outbreak? - This time last year",Less than one time per moth=1,1-2 times per month=2,1 time per week=3,2-4 times per week=4,5 or more times per week=5,
cActivitypost,"How often did you participate in some sort of outdoor activity this time last year and now, after you have been asked to practice social distancing because of the coronavirus outbreak? - Now, after you have been asked to practice social distancing",Less than one time per moth=1,1-2 times per month=2,1 time per week=3,2-4 times per week=4,5 or more times per week=5,
cPhysicalpre,How would you rate your health both before and after you were asked to practice social distancing... - Before you were asked to practice social distancing? - Your physical health,Terrible=1,Poor=2,Average=3,Good=4,Excellent=5,
cMentalpre,How would you rate your health both before and after you were asked to practice social distancing... - Before you were asked to practice social distancing? - Your mental health,Terrible=1,Poor=2,Average=3,Good=4,Excellent=5,
cPhysicalpost,How would you rate your health both before and after you were asked to practice social distancing... - After you were asked to practice social distancing? - Your physical health,Terrible=1,Poor=2,Average=3,Good=4,Excellent=5,
cMentalpost,How would you rate your health both before and after you were asked to practice social distancing... - After you were asked to practice social distancing? - Your mental health,Terrible=1,Poor=2,Average=3,Good=4,Excellent=5,
cGender,What gender do you identify as?,Male=0,Female=1,Non-binary=2,I identify another way=3,Prefer not to answer=4,
Home,What best describes the place where you live now?,Rural area=1,Small city or town=2,Suburb near a large city=3,Large city=4,,
,,,,,,,
,,,,,,,
cActivitypre,cActivitypost,cPhysicalpre,cMentalpre,cPhysicalpost,cMentalpost,cGender,Home
"How often did you participate in some sort of outdoor activity this time last year and now, after you have been asked to practice social distancing because of the coronavirus outbreak? - This time last year","How often did you participate in some sort of outdoor activity this time last year and now, after you have been asked to practice social distancing because of the coronavirus outbreak? - Now, after you have been asked to practice social distancing",How would you rate your health both before and after you were asked to practice social distancing... - Before you were asked to practice social distancing? - Your physical health,How would you rate your health both before and after you were asked to practice social distancing... - Before you were asked to practice social distancing? - Your mental health,How would you rate your health both before and after you were asked to practice social distancing... - After you were asked to practice social distancing? - Your physical health,How would you rate your health both before and after you were asked to practice social distancing... - After you were asked to practice social distancing? - Your mental health,What gender do you identify as?,What best describes the place where you live now?
Less than one time per moth=1,Less than one time per moth=1,Terrible=1,Terrible=1,Terrible=1,Terrible=1,Male=0,Rural area=1
1-2 times per month=2,1-2 times per month=2,Poor=2,Poor=2,Poor=2,Poor=2,Female=1,Small city or town=2
1 time per week=3,1 time per week=3,Average=3,Average=3,Average=3,Average=3,Non-binary=2,Suburb near a large city=3
2-4 times per week=4,2-4 times per week=4,Good=4,Good=4,Good=4,Good=4,I identify another way=3,Large city=4
5 or more times per week=5,5 or more times per week=5,Excellent=5,Excellent=5,Excellent=5,Excellent=5,Prefer not to answer=4,