origin,cross_cultural_empathy,cross_cultural_skills,psychological_distress
native,4,4,1
native,3.8,4.4,3.75
native,3.6,3.8,1.5
native,4.6,4.6,1.5
native,3.6,4,2.25
native,3.4,4,1
native,2.4,2.8,1
native,4.6,3.4,1.25
native,3.4,4.8,1.5
native,3.4,4,2.25
native,3,3,2
native,3.6,3.8,2.5
native,4.2,3.8,3.5
native,3,5,1.75
native,3,3.8,3
native,5,4.8,2.5
native,4,4.2,1.25
native,4.2,3.6,3
native,4.4,4.8,2.25
native,4,3,1.75
native,4,4.2,2.5
native,3.2,3.6,1.5
native,4.6,5,1
native,3.4,4,1.75
native,4.4,4.2,1
native,3.4,5,1.25
native,3.2,3.2,1.75
native,3.6,3.2,2.75
native,4.2,5,1.75
native,3,4,1.25
native,3.2,3.4,3
native,3.4,3.2,1.5
native,4,4.6,1.75
native,5,3.8,1.75
native,3,4.4,2
native,3.8,4.2,1.25
native,3.4,3.6,2.25
native,2.8,3.6,1.5
native,3.8,4.4,2
native,4.2,3.6,1.75
native,4,4.6,2.75
native,4.2,4,1
native,4.4,4,1.25
native,2.8,3.4,2
native,4,3.6,1.75
native,3.8,4,2
native,3.4,4.8,1
native,2.8,4.6,1
native,3.8,4.2,3.5
native,3.6,3.8,1.5
native,3,3.8,2
native,4,3.6,2.25
native,2.8,3.8,2.5
native,3.2,3.4,1.25
native,4.8,4.4,2
native,3.8,4.6,2.5
native,4.6,4.4,2.5
native,4,4.6,1
native,3,4.6,3
native,3.6,4.8,1.25
native,4,4.4,1
native,4.6,3.4,1.75
native,2.8,3.2,2.25
native,3.8,4.2,2.75
native,2.6,4,1.75
native,5,3.6,2.75
native,3.4,3.8,1.75
native,4,4.2,1.5
native,3.4,4.2,2.5
native,4,3.8,2.25
native,3.2,4.2,2
native,4.4,3.6,2
native,3.8,3,2.5
native,3.2,4,2.25
native,2.4,3.6,2.25
native,4.2,4.4,2.25
native,3,3.2,3
native,4.4,3.8,2
native,4,2.8,2
native,2.8,3.6,2.5
native,3.8,3.2,1
native,3,2.4,1
native,4.2,3.6,1.5
native,5,4.4,1.5
native,5,4,1.5
native,5,4,1.25
native,2.6,4,2.25
native,3.8,3.2,1.25
native,4.4,3.4,1
native,2,4.8,3
native,5,4.2,2.75
native,4.2,3.6,2.75
native,4.2,4,1.25
native,3.2,4.4,1.5
native,4,4.6,1.5
native,4.2,4.8,1.25
native,2.4,3.2,2.25
native,4,4,1.5
native,2.6,4.4,2.25
native,4.8,5,2
native,3.6,4.8,1
native,4.6,4.4,1.5
native,4,4.2,1.25
native,4,4.8,1.5
native,3.8,4,2.5
native,3.6,4.2,2.25
native,2.8,2.6,2
native,4.2,4,1
native,4.8,4.6,3.5
native,3.6,3.6,1.75
native,2.2,3.6,1.25
native,4.4,3.8,1.25
native,4.2,3.8,2
native,4.6,3.8,1
native,4.2,3.6,1
native,4.4,4.2,2
native,4.8,4.8,1.5
native,4.2,4.8,3
native,4.8,4.4,1.75
native,3,3.6,2
native,5,4.6,2
native,4.6,5,2.25
native,3.8,3.2,1
native,3.4,3,2.5
native,3.4,3.6,1.25
native,4.2,4,2
native,4,2.4,1.25
native,4.6,4.4,2.75
native,2.4,3.6,2
native,4.8,3.8,1.5
native,5,5,1
native,5,5,2
native,4.2,4.2,2
native,3.4,4,2
native,3.6,3.8,1.5
native,3.4,4,2
native,4.2,3.8,1
native,3,4.2,3.75
native,2.4,2.2,2
native,2.8,4.2,1.75
native,4,4,1.5
native,5,5,2
native,3.8,3.4,1.75
native,2,3.8,3.25
native,3.8,3.4,1.5
native,5,3,2
native,5,4.4,2.5
native,4.4,5,2.25
native,3.6,4.2,2
native,5,5,1
native,3.4,4,1
native,4,3.4,1.5
native,3.4,3.4,2
native,4.2,4.8,2.25
native,3.6,3.6,2
native,4.4,3.8,2.75
native,4,4,2.75
native,3.8,3.4,1.75
native,2.8,4.6,3
native,3,4.2,1.25
native,2.6,3.8,3.25
native,2.4,4.8,2
native,5,4.8,2
native,3.8,4,1.25
native,4.2,2.8,2.5
native,3.2,3.4,1.25
native,3.6,3.6,1.5
native,4.6,4.8,1
native,5,4.2,2
native,2.6,4.2,2.25
native,3.4,4.2,3.5
native,4.4,4.6,3.5
native,2.4,3.6,1.25
native,4,4.6,2.5
native,3.6,4.6,1.5
native,3.6,4,1.25
native,4,4.2,1.25
native,3.6,3.8,2.25
native,4.8,4.2,1.5
native,3,3.4,1.5
native,4.6,5,1
native,2.8,4,3.25
native,3.8,4.6,1.25
native,3.8,3.4,2
native,3.6,4,3
native,4.6,4.8,1.5
native,5,5,1.5
native,2.4,3,2
native,3.2,3.8,3.5
native,3,3,2.75
native,2.4,3.8,3
native,2.2,3.4,3
native,5,4.2,1.25
native,3.6,4,2
native,5,4.6,3.5
native,3.2,3.6,2
native,1.4,2.4,2
native,3,4.2,1
native,3.2,3.8,2
native,3.6,2.6,1.75
native,5,5,2
native,3,3.6,2
native,4.8,4.8,1.25
native,4,4.4,1
native,5,5,1.5
native,3.6,3.8,1.5
native,3.8,3.2,1.25
native,3.8,4.6,1
native,3.8,4.2,2
native,4.8,4.2,2.75
native,4.4,4.4,2.25
native,3.8,4.4,2.75
native,3.4,4,2
native,3.2,3,1.25
native,4.2,5,1
native,4.4,4.8,1.25
native,2.4,3.4,2.5
native,4.8,4.2,1
native,3.8,5,1
native,3.6,4,2
native,4,4,2.5
native,4.2,3.8,1.75
native,3.4,3.8,3
native,3.8,4.2,2.25
native,3.4,4.2,2.5
native,4.4,4.4,1.75
native,4.6,4.4,1.25
native,4.2,5,2
native,3,3.4,1.5
native,4.2,3.6,2
native,4.2,4,1.75
native,3.2,4.6,1.5
native,3.4,3,2
native,4.4,4,1.75
native,2.6,3.4,2
native,2.6,3.4,2.5
native,3.6,3.4,1.75
native,4,4,1.5
native,4,2.8,1.5
native,5,5,2.75
native,3.4,4,1.75
native,4.6,3.2,1.5
native,2.4,3.2,3.25
native,3,3.8,3
native,3.2,3.6,2
native,4.2,5,2.5
native,4.8,4.8,2.25
native,4,3.4,2.75
native,5,5,1.25
native,3,4.2,2.5
native,3.2,4.4,3.5
native,3,3.2,3
native,4.4,3.6,4
native,3.2,3.8,1.5
native,3.4,4,1
native,4.4,4.2,2.25
native,5,2.2,1
native,2.4,3.8,1.75
native,4,4.6,2.25
native,3.4,4.4,2.5
native,4,3.8,1
native,4,4.2,3.25
native,2.8,3.2,1
native,4.2,4,1.25
native,3.2,3.6,2
native,3.2,4.4,3
native,3.8,3.6,2
native,4.4,5,1.5
native,3,3,2
native,5,4,2
native,3.2,4.6,2
native,3.8,3,1.5
native,2.4,3.6,3.5
native,5,4.4,2.75
native,3.8,4.2,2.25
native,4.8,4.2,2.5
native,3,3.8,3
native,4.6,4.4,3
native,4.4,4.8,1
native,4.6,5,2
native,5,4,2
native,4.2,4.4,1
native,3.4,4.4,1.75
native,5,4,1.5
native,5,4,1.5
native,4,4.4,1.25
native,4.8,4.8,2.25
native,3.6,4.8,2.75
native,3.2,4.8,3
native,3.6,2.4,2.75
native,3.2,3.6,1
native,3.4,3.4,2.75
native,2.6,2.8,2.25
native,3.6,4,2
native,3.4,4.4,2
native,4.8,4.4,1.5
native,3.6,3.4,2
native,3.2,4.6,2.75
native,3.2,5,1.5
native,5,4.2,1.25
native,4.2,4,1.75
native,4,4.2,1.5
native,5,4.4,2
native,4.2,5,1
native,3.2,4,1.75
native,4,3.4,1.25
native,4.6,3.6,1.25
native,3.6,3.8,2
native,4,4.4,1.5
native,4.8,5,3
native,2.6,3.6,1.75
native,3.2,4.2,2
native,4.2,3.2,1.75
native,2,4,2
native,3.4,4.2,3.5
native,4,3.8,2.25
native,4.4,5,1.5
native,3.8,4.2,2.5
native,4.2,5,1.5
native,5,4.4,1
native,3.2,2.6,1.75
native,3.6,4.6,1.5
native,4.2,3.8,2.75
native,4.4,3.8,1
native,3,3.6,1.25
native,5,5,2.75
native,3.6,4,2.25
native,1.8,3.8,2.5
native,4,5,2
native,3,3.6,2.5
native,2.4,3.4,1
native,3.2,4.2,1.25
native,4.8,4.4,1.25
native,4,4,2
native,4.6,4.8,2
native,3.8,5,2
native,4.8,4.8,2.25
native,3.2,4,3
native,3.2,3.6,3.5
native,4.4,5,2.75
native,3.2,3.6,1.5
native,3.6,3.8,1.5
native,4.4,4,3
native,4.4,4.6,3
native,3.4,3.4,1.25
native,3.8,3.4,1.25
native,3.8,4,2
native,4,3.2,1
native,5,5,1
native,3.8,4.2,2
native,4,5,1.75
native,3.8,3.8,2.5
native,3.4,3.4,1.25
native,5,3.4,2.5
native,3.8,4.8,1.5
native,3.6,4,1.5
native,4.2,4,1
native,4.8,4,2.5
native,3.8,4.2,2.25
native,4.8,3.6,1
native,2.8,4,1.75
native,4,4.2,2.25
native,4.4,4.4,1.5
native,4.8,4,1.25
native,3.6,3.8,1
native,2.4,4,1.5
native,4,4,1
native,5,4.8,1
native,2,4.6,2
native,3.2,4.6,2.75
native,3.6,4,1.5
native,3.8,4.6,1.75
native,4.4,5,1
native,5,5,2.5
native,3,4.6,2.25
native,3.2,2.8,1
native,3.2,2.8,2.75
native,3.8,4.6,1.5
native,3.4,3.6,1.5
native,4.2,4.8,1.5
native,3.6,4,1.5
native,3.2,3.6,1.5
native,5,5,1
native,4.8,3,1
native,4.6,4.6,2.5
native,3.6,3.6,3
native,4.4,4,1
native,2.8,4,1.75
native,3.4,4,1.75
native,4.8,4.2,1.75
native,3.4,3.2,2.25
native,2.6,2.8,2.25
native,2.8,2.8,1.25
native,4.2,5,1
native,3,4.2,2.25
native,3.8,4,2.75
native,3.8,4.4,2.75
native,2.8,3,3.5
native,4.2,4.4,3
native,3,3.6,2.75
native,3.4,3,1.75
native,4.8,3.2,1.75
native,2.6,4.8,1
native,3.2,3.8,1.25
native,5,4.6,1.25
native,4.6,5,1
native,5,4.8,1.5
native,2.8,4,1.75
native,3,4.6,1.25
native,3.2,3.4,3
native,3,3.4,1.25
native,4.8,4.4,1.25
native,3.6,3.6,1
native,3.6,3.6,1.25
native,4.6,5,1
native,5,4.4,1.25
native,3.6,4.6,1
native,4.2,4.4,3.75
native,4.8,4.2,1.25
native,4,5,2.25
native,1.8,3,3.5
native,5,3.4,2
native,3.4,4.2,2
native,3.6,4.8,2.75
native,4,3.8,1.75
native,4.4,3.4,2.25
native,5,5,1
native,5,5,1
native,4,4,1.75
native,3.8,3.6,3.25
native,4.4,4.8,2
native,3.2,3.8,2.5
native,4.6,3.6,2.5
native,4.6,4.8,1.5
native,4.4,3.6,1.75
native,3,3.8,1.5
native,4.6,3.6,3.75
native,2.2,3.4,3
native,4.4,4.6,2.25
native,4,4.6,2.25
native,3,3.6,2.25
native,4.6,4.2,1.5
native,3.4,4,2.75
native,5,4.2,1.25
native,4.8,4,3.5
native,2.8,3.6,1.25
native,3,3,1.75
native,3.2,4.2,2.5
native,3.8,4.2,2
native,4,3.4,1.5
native,3,4,1.75
native,3.4,3.4,1
native,4.2,4,1
native,3.6,3.2,1.25
native,4,5,2
native,4.6,5,3.5
native,4.2,3.4,1.75
native,3.2,4,1.5
native,4.6,4.2,1.5
native,4.2,3.8,1
native,4.2,4,1.25
native,4.4,4.2,1
native,4,4.2,3
native,3.2,3.6,1.25
native,4.4,3.4,1
native,4.2,4.8,1.5
native,4.2,4.4,1
native,3.8,4,2.25
native,4.2,4.6,1
native,3.8,3.6,1.5
native,4.8,4.2,2.75
native,3.4,3.8,2
native,2.8,4,2.5
native,2.8,4.4,2
native,3.4,4,2.25
native,5,5,1.75
native,4.6,4,3
native,3.8,4.4,1
native,3,3,2.75
native,4.4,4,2.25
native,4.2,4.2,1.5
native,4.8,3.8,1
native,4.2,5,1.75
native,4.8,4,1.5
native,4,3.8,1.5
native,3.4,3.2,1.75
native,3.8,3.2,3
native,3.6,3.4,1.25
native,4,4,1.25
native,4.6,4.2,3.25
native,3.4,3.6,1.5
native,3,3.8,2.25
native,3.4,4.2,2.25
native,3.6,3.2,2
native,4.2,3.8,2
native,3.2,3.2,1.5
native,4,2.8,1.25
native,2.6,4.4,1.25
native,4,3.8,2.5
native,4.8,4.4,1
native,5,4.4,1.75
native,3.6,4,1
native,5,5,1.25
native,5,5,2
native,5,5,2.25
native,4.4,4.6,1
native,3.6,2.8,3
native,5,4.8,1.75
native,3.4,4,2.25
native,4.4,4.2,1
native,3.2,5,1.75
native,4.4,5,2.5
native,4.4,4,1.75
native,4,4,3
native,2.6,3,2.25
native,2.8,3.8,1.5
native,4.2,3.6,2
native,2.6,4.6,1
native,3.4,5,1.75
native,3.8,4.4,2.5
native,3.6,3.4,2
native,4.8,3.6,2
native,4.2,3.4,3.25
native,4.2,3.4,3
native,3.6,3.4,2.25
native,2.6,3.6,3.75
native,3.2,3.4,1
native,3.6,3.6,2.75
native,4.4,3,1.75
native,2.6,4.2,1.75
native,4.2,3.2,1.75
native,4.2,4.4,2.25
native,4.8,3.6,4
native,2,3.2,3.75
native,3.4,3.6,1.5
native,4.2,3.8,2.25
native,4.2,4.6,1.75
native,3,3,2.5
native,2.8,4.2,1.5
native,3.8,4,1
native,3.4,3,1.25
native,3,4.4,1.5
native,3.6,3.8,2
native,3.4,3,2
native,4.6,3.8,1
native,3.4,3.2,1.75
native,5,5,1.5
native,3.2,3.6,2
native,4.8,4,2
native,3.8,4.6,2
native,4.2,4.4,2.25
native,4,4.2,3
native,3.4,3,1.75
native,3.4,3.4,2.5
native,3.8,4.2,1.75
native,4.2,4.2,2
native,4.8,5,2
native,3,3,1
native,3.2,3.8,2
native,3.6,3.4,1.25
native,4.2,5,1
native,4.8,5,1
native,4.2,4,1.25
native,3.8,2.6,1.5
native,4,3.2,2.25
native,3.6,4,2
native,2.2,2.6,1.25
native,2.6,5,1.75
native,3.4,4,1.5
native,2.6,3.8,3
native,2.4,3.8,3.5
native,3.6,4.4,2.5
native,5,4.2,1.5
native,4.8,4.6,1.25
native,3.8,3.8,2.75
native,3.8,4.6,1.75
native,4,4.2,2
native,4.2,5,1.75
native,4.8,4.4,2.25
native,5,5,1.25
native,1.8,2.4,4
native,3.8,3.6,3
native,3,3.2,1.75
native,3,3.8,1
native,1.6,2.8,4
native,3.2,3.4,1.75
native,4.2,4.8,1.25
native,3.6,3.8,2.5
native,3.4,4,2.75
native,3.2,4,2.25
native,3.2,3.4,1
native,4.6,4.2,1.5
native,4.2,4.4,1.5
native,3.2,4,1.25
native,3.2,3.8,2.5
native,4.2,4.4,1
native,3.4,3.8,4
native,4.4,4.4,2.5
native,4,3.4,1.5
native,3.2,3.4,2
native,2.8,3.6,1.75
native,3,4.6,1
native,4.6,4.2,2
native,2.8,4,2
native,3.8,3.6,1.75
native,3.2,3,2.25
native,4.4,1.6,1.25
native,4.6,4,1.25
native,4.8,4.6,2
native,5,4.2,1
native,5,5,1
native,4.2,4.2,1.25
native,3.6,4,2
native,3,4.4,1.25
native,4.6,4.6,4
native,2.8,4.2,2
native,3.6,4.4,1.5
native,5,4.4,1
native,4.4,4,2
native,4.2,4.2,2.75
native,3.6,3.2,1.5
native,4.4,5,1.5
native,4,4,2
native,2,4.6,2.5
native,4.6,3.6,3.75
native,2.4,3.4,1.75
foreign,2.6,4.2,2.25
foreign,3.2,4,1.5
foreign,3.6,3.8,2.5
foreign,2.6,5,2.25
foreign,4.2,4,3
foreign,4,3,2
foreign,3,4.6,1.75
foreign,3.4,4.4,2
foreign,5,5,1.25
foreign,4.8,5,1.5
foreign,3,3.2,2
foreign,5,5,1.75
foreign,4.8,4.4,2
foreign,4.8,4.2,1
foreign,5,4.8,2
foreign,3.8,5,2.75
foreign,3.6,5,1.25
foreign,4.4,4.8,1
foreign,4.2,5,2.5
foreign,4.6,3.6,2
foreign,3.2,4.8,2.75
foreign,3.8,3.6,1
foreign,4.2,4,2.5
foreign,4,2,2
foreign,5,4.8,1
foreign,4.6,3.8,1.75
foreign,4.8,5,2.75
foreign,5,3.8,1.25
foreign,3.2,4.4,1
foreign,4.6,4.6,3
foreign,3.8,3.4,1.5
foreign,4.6,3.8,1.5
foreign,4.2,4.2,1.75
foreign,4.4,5,1.75
foreign,3.2,3.8,2.5
foreign,4.2,4.2,1
foreign,5,3.8,1.25
foreign,4,4.4,1.75
foreign,4.8,4.6,1
foreign,2.8,4,2
foreign,4.8,4.4,1.75
foreign,5,5,1.5
foreign,4.8,5,1.75
foreign,3.4,4.6,3
foreign,4.6,4.6,2.5
foreign,2.8,4.8,1.5
foreign,5,5,2
foreign,2.6,3,2
foreign,5,5,1
foreign,3.6,4.2,1.75
foreign,4,3.4,1.25
foreign,4,4.4,2.5
foreign,4.4,4.2,1.5
foreign,5,4.6,2.75
foreign,4.6,5,1
foreign,4.4,4.4,2
foreign,3.2,3.8,2
foreign,4,4.2,2.75
foreign,4.4,3.6,1.75
foreign,4.8,5,1.75
foreign,2.4,4.2,2.75
foreign,5,4.6,2.25
foreign,3.6,5,3.5
foreign,4.4,4.6,2.75
foreign,5,5,1
foreign,4.2,4.2,1.25
foreign,4.6,4.8,2.75
foreign,4,4.6,1.25
foreign,5,5,2.5
foreign,2,4.4,1
foreign,3.4,5,1.5
foreign,4.4,4.6,2
foreign,5,4.6,3
foreign,4.6,5,1.75
foreign,2.8,3.2,1.75
foreign,3,4.6,2.75
foreign,3.4,4.2,3.5
foreign,4.8,5,4
foreign,5,5,1
foreign,4.2,3.4,1.5
foreign,4.8,4.2,1.25
foreign,3.4,1.2,1.25
foreign,3.2,3.8,3.25
foreign,4.8,4.8,1.5
foreign,5,5,1.5
foreign,4.8,5,1.25
foreign,4.6,4.6,1.25
foreign,4.6,4,2.75
foreign,3,4,2
foreign,3,4.8,2.25
foreign,3,3.4,2.5
foreign,5,5,1.5
foreign,5,4.4,1.25
foreign,3.6,5,1.25
foreign,5,5,1.25
foreign,4,4.6,1.25
foreign,4.2,4.8,2.75
foreign,2.8,5,1.75
foreign,3.6,3,2.5
foreign,2.8,4.8,1.25
foreign,3.2,4.4,3.25
foreign,4.8,4.4,2
foreign,4.6,4.2,1.25
foreign,3,4.4,1.25
foreign,4.4,4.8,1.25
foreign,4.6,5,1.75
foreign,4.8,4.6,2.75
foreign,2,4.2,2.5
foreign,2.8,3.4,1.5
foreign,3.8,4.8,3.5
foreign,4.2,4.2,1.25
foreign,3.6,4,1.5
foreign,4.6,3.2,1.75
foreign,2.8,4.6,2.25
foreign,4,5,3
foreign,3.8,4,3
foreign,3.4,4,1.25
foreign,5,4.4,1
foreign,4.2,4,1.5
foreign,4.8,2.4,1.75
foreign,4.4,3.6,1.25
foreign,3.6,4,1.5
foreign,4,3.8,1.75
foreign,2.2,4,3
foreign,4.8,4.6,1.25
foreign,3.8,3.8,3
foreign,3.8,5,1.25
foreign,2.8,3.4,3
foreign,3.8,3,2
foreign,3.2,4.4,2
foreign,4.4,3.8,2
foreign,2.4,4,2.5
foreign,3.6,4.8,2.5
foreign,2.4,3.8,1.25
foreign,3.8,3,1
foreign,4.6,3.4,3
foreign,3.2,4.2,1.25
foreign,5,4.8,3.75
foreign,4.8,4.4,1.25
foreign,5,4.2,1.5
foreign,3.8,3.4,3
foreign,3.4,3.6,2
foreign,3.8,3.6,2.5
foreign,4,4,2.75
foreign,4.2,5,1.5
foreign,4.8,3.6,1.5
foreign,4,4.4,1.75
foreign,5,4.6,3.75
foreign,5,3.4,1.5
foreign,5,4.8,2
foreign,3.8,4.6,2
foreign,3.6,2,1.5
foreign,2,4,2
foreign,5,4.2,2.75
foreign,2.8,4,2.25
foreign,4.8,4,1.25
foreign,2.4,4,1.5
foreign,3.4,4,2.5
foreign,2.4,4,1.5
foreign,4.8,3.6,1.5
foreign,4,4.2,2.25
foreign,5,3.4,1.25
foreign,4,4,3
foreign,3.2,3.8,2.5
foreign,3.6,4.6,3.25
foreign,4.2,3.6,1
foreign,5,4.8,2.75
foreign,4.4,4.8,1
foreign,4.2,4,1
foreign,3,5,2.75
foreign,4.4,4.8,3
foreign,3.4,3.6,2.5
foreign,2.8,4,2.25
foreign,4.2,4.6,1.5
foreign,4.6,4.4,1
foreign,5,5,2.75
