Gender,Education,Age_cat,MeaningWorkAVG,strenghtAVG,dedicationAVG,VigorAVG,AbsorptionAVG,PerformAVG
female,Higher Vocational,5,1,2.75,2.333333333,4.666666667,3.333333333,6.714285714
female,Higher Vocational,3,2,3.75,4.333333333,3.333333333,4.333333333,5.428571429
female,University,3,2.25,3.75,4.666666667,3.333333333,4.333333333,5.428571429
female,Secondary Vocational,4,2.5,3.25,4.333333333,4,5,4.857142857
female,Higher Vocational,2,2.75,3.25,3.666666667,3,3.666666667,4.142857143
female,Higher Vocational,4,2.75,3.25,3,5,4.666666667,7
female,University,3,3,4,4.333333333,4.333333333,4.666666667,5.285714286
female,Higher Vocational,3,3.25,4.5,5,4.666666667,5.666666667,6.142857143
female,Higher Vocational,3,3.25,4,7,7,7,5.857142857
female,Higher Vocational,4,3.25,3.5,4.666666667,3.666666667,3.333333333,3.285714286
female,University,3,3.25,3.5,5,4.666666667,5.333333333,5.285714286
female,Higher Vocational,2,3.5,3.5,5.333333333,4.333333333,4.666666667,5.285714286
female,Higher Vocational,3,3.5,4,5.333333333,3.333333333,4,6.857142857
female,Higher Vocational,4,3.5,4.75,3.333333333,4,3.666666667,4
female,Higher Vocational,4,3.5,3.75,5.666666667,3,5.333333333,5.714285714
female,University,5,3.5,5,5.333333333,5,5,4.714285714
female,Secondary school,2,3.75,4.5,6.333333333,5.666666667,4.333333333,6.142857143
female,Higher Vocational,3,3.75,4.75,5,4.666666667,4.666666667,5.428571429
female,Higher Vocational,3,3.75,4.75,5.666666667,4,4.333333333,6.142857143
female,Higher Vocational,4,3.75,4,4,4.333333333,4.666666667,5
female,Higher Vocational,4,3.75,5,4,3.666666667,4.333333333,6.857142857
female,University,2,3.75,3.75,4,4,3.666666667,6.142857143
female,University,2,3.75,4.5,5,5,5.333333333,4.857142857
female,Secondary Vocational,2,4,4,6,5.666666667,5.333333333,6
female,Secondary Vocational,5,4,4.75,4.666666667,3.333333333,4.666666667,5.714285714
female,Higher Vocational,2,4,4,4.666666667,4.666666667,4,5.285714286
female,Higher Vocational,2,4,4,4.666666667,4.666666667,4,5.285714286
female,Higher Vocational,3,4,4.5,5,6,6,6.714285714
female,Higher Vocational,3,4,4.25,4.666666667,4,4.666666667,5.571428571
female,Higher Vocational,3,4,5,6,5.666666667,5.333333333,6.571428571
female,Higher Vocational,3,4,4,5.666666667,5.333333333,5.666666667,6
female,Higher Vocational,3,4,5,5.666666667,5.333333333,4.333333333,7
female,Higher Vocational,4,4,5,5.333333333,3.333333333,4.666666667,6.142857143
female,Higher Vocational,4,4,4,4.333333333,3.333333333,5.333333333,5.285714286
female,Higher Vocational,5,4,5,5.666666667,5,4,5
female,University,2,4,4,6,6,4.666666667,6.142857143
female,University,2,4,4.75,5,5,4,4
female,University,2,4,4.25,6.333333333,5.333333333,5.666666667,6.428571429
female,University,2,4,4.75,6,3.333333333,5,5.428571429
female,University,3,4,4.5,5.666666667,6,5.666666667,6.142857143
female,Higher Vocational,2,4.25,5,6.666666667,5,5.333333333,5.571428571
female,Higher Vocational,3,4.25,5,5.666666667,5.333333333,5.333333333,3.857142857
female,Higher Vocational,5,4.25,4.75,5.666666667,5.666666667,5,6.428571429
female,University,2,4.25,4.25,5.666666667,4.666666667,5.666666667,6.142857143
female,University,3,4.25,5,6.666666667,6.333333333,6.333333333,6
female,University,3,4.25,4,4.333333333,4,5,5.857142857
female,University,3,4.25,4.5,5,4,5.666666667,7
female,University,3,4.25,5,5.333333333,4.666666667,5,5.285714286
female,Higher Vocational,2,4.5,4.75,6.666666667,5.333333333,4,4.714285714
female,Higher Vocational,3,4.5,5,6,6,6,6.714285714
female,Higher Vocational,3,4.5,4.75,6,6,6,6.714285714
female,Higher Vocational,4,4.5,4.75,5.666666667,4.333333333,5.666666667,6.142857143
female,University,2,4.5,4,5.333333333,4.333333333,5.333333333,6
female,University,2,4.5,4,5.333333333,4.333333333,5.333333333,6
female,Higher Vocational,3,4.75,5,6.666666667,5.333333333,6.333333333,7
female,Higher Vocational,3,4.75,5,7,6.666666667,5,5.857142857
female,Higher Vocational,5,4.75,5,7,6.333333333,7,7
female,University,2,4.75,4,5.333333333,4,4,5.285714286
female,University,2,4.75,4,5.333333333,4,4,5.285714286
female,Secondary school,1,5,4.5,6.333333333,6,6,6.142857143
female,Higher Vocational,2,5,4.5,7,6,4,5.571428571
female,Higher Vocational,3,5,5,6.666666667,6,6.666666667,6.857142857
female,Higher Vocational,3,5,4.5,7,4.666666667,6.333333333,5.714285714
female,Higher Vocational,3,5,4,5.666666667,6,3.666666667,6.285714286
female,Higher Vocational,4,5,5,7,6.333333333,5,7
female,Higher Vocational,3,,4.75,7,6.666666667,5.666666667,6.428571429
female,Higher Vocational,4,,4,3,3.666666667,3,4.714285714
female,University,2,,3.75,4,4,3.666666667,5
female,Secondary Vocational,3,,4,7,6,5.666666667,5.714285714
male,Higher Vocational,5,1,2.25,2,3,1.666666667,6
male,University,2,1.75,2.75,3,3,2.333333333,6
male,University,2,1.75,3,3,2.666666667,3,5.857142857
male,Higher Vocational,2,2,3,3.666666667,4,3.666666667,4.857142857
male,Higher Vocational,4,2.25,3.25,3.666666667,4.333333333,3.333333333,6.714285714
male,University,2,2.25,3.5,3.333333333,4,4.666666667,6
male,Higher Vocational,1,2.5,2.5,2.333333333,3.666666667,4,6.428571429
male,Higher Vocational,3,2.5,3.5,3,2.666666667,2.666666667,6.285714286
male,Higher Vocational,3,2.5,3.75,3.333333333,3.333333333,3.333333333,5.285714286
male,Higher Vocational,3,2.5,3.75,4.333333333,3.666666667,4,4.571428571
male,Higher Vocational,3,2.5,4.25,3,2.333333333,2.333333333,4.142857143
male,Higher Vocational,3,2.5,3,3.666666667,4.333333333,4.333333333,3.428571429
male,University,4,2.5,3.25,2.333333333,3.666666667,3.666666667,6.428571429
male,Secondary school,2,2.75,3.5,2.666666667,2.333333333,4,6.571428571
male,Higher Vocational,2,2.75,3.25,3,3,2.666666667,4.428571429
male,Higher Vocational,2,2.75,3.25,3.333333333,3,3.333333333,4.714285714
male,Higher Vocational,2,2.75,3.25,5,4.666666667,5,5
male,Higher Vocational,2,2.75,2.5,2.666666667,2.333333333,3,3.857142857
male,Higher Vocational,3,2.75,5,6,5.666666667,6,7
male,Higher Vocational,3,2.75,3.5,5,4,4,3.428571429
male,Higher Vocational,4,2.75,2.75,2.333333333,1.333333333,2,3.714285714
male,Higher Vocational,4,2.75,4,1.666666667,2.666666667,2.333333333,5.857142857
male,Higher Vocational,5,2.75,4,3.666666667,4,3.333333333,4
male,Higher Vocational,5,2.75,4,4,4.666666667,3.666666667,4.285714286
male,University,2,2.75,3,3,3,4.666666667,3.714285714
male,University,3,2.75,3,3.333333333,4.333333333,3.666666667,6
male,University,3,2.75,4,4.333333333,4.666666667,4.333333333,5
male,Secondary school,3,3,3,4,4.666666667,4.666666667,5
male,Secondary Vocational,3,3,4,3.666666667,3.333333333,4,5.571428571
male,Higher Vocational,2,3,4.25,5,4,5.333333333,7
male,Higher Vocational,2,3,2.75,3.333333333,3.333333333,3,5.142857143
male,Higher Vocational,2,3,3.75,4.666666667,3.333333333,5,5.142857143
male,Higher Vocational,3,3,4,4.333333333,4.666666667,3.666666667,5.142857143
male,Higher Vocational,3,3,3,3.333333333,3.666666667,5,6.285714286
male,Higher Vocational,4,3,4,4,3.666666667,3.666666667,5.571428571
male,Higher Vocational,4,3,3.5,4,4,4,5.285714286
male,Higher Vocational,4,3,4,4,4,4,7
male,Higher Vocational,4,3,4,4,3.666666667,4,7
male,Higher Vocational,4,3,3.75,4,4,4.333333333,4.857142857
male,Higher Vocational,4,3,4,5,5,5,5.428571429
male,Higher Vocational,4,3,3,4,4,4,4
male,Higher Vocational,5,3,4,4,4.333333333,3.666666667,4.142857143
male,University,2,3,3.75,3,3,3.333333333,4.857142857
male,University,4,3,2.5,3,2.666666667,2.666666667,3
male,University,4,3,3,4,4.666666667,5,6
male,University,4,3,3.75,3.666666667,4.666666667,5,7
male,University,5,3,4,3.666666667,4.666666667,4.333333333,6.428571429
male,Secondary school,2,3.25,3.25,3.333333333,3.666666667,3.666666667,4.857142857
male,Secondary Vocational,4,3.25,4,5.333333333,5,4,6
male,Secondary Vocational,4,3.25,3,3.333333333,3,2.666666667,4.285714286
male,Secondary Vocational,5,3.25,3.75,2.666666667,2,3,7
male,Higher Vocational,3,3.25,3.5,5,4.666666667,5.333333333,4.571428571
male,Higher Vocational,3,3.25,3.75,4.333333333,3.666666667,3.333333333,4.571428571
male,Higher Vocational,3,3.25,3.5,3.666666667,2.666666667,5.333333333,6.571428571
male,Higher Vocational,4,3.25,3.5,3.666666667,3.333333333,3.333333333,5.857142857
male,Higher Vocational,4,3.25,4,4.333333333,3.333333333,4.666666667,6
male,Higher Vocational,4,3.25,3,3,4.333333333,4,5.428571429
male,Higher Vocational,4,3.25,4,4,5.666666667,6,7
male,Higher Vocational,4,3.25,3.75,4.333333333,4.666666667,4.333333333,6
male,University,1,3.25,3.5,3.666666667,4,3.666666667,6
male,University,2,3.25,4,4,4.333333333,4,5.714285714
male,University,2,3.25,4,4.666666667,4.666666667,4,4.857142857
male,University,2,3.25,3.25,3.666666667,5,4.666666667,6.714285714
male,University,2,3.25,4,3.333333333,4,4,5.571428571
male,University,3,3.25,4.25,3,3,3.333333333,5.285714286
male,University,3,3.25,3.75,3.666666667,4.333333333,3.333333333,5
male,University,3,3.25,4,3.666666667,4,3.666666667,5.857142857
male,University,4,3.25,3,4,4,4,4
male,University,4,3.25,3.25,5,5.333333333,5.666666667,7
male,University,4,3.25,4.5,4.666666667,5.666666667,4.333333333,6.285714286
male,Secondary school,3,3.5,4,4.333333333,4.333333333,3,5
male,Secondary school,5,3.5,4,3.666666667,3,3.333333333,6.285714286
male,Primairy school,5,3.5,4,5.666666667,5.666666667,3.333333333,6.142857143
male,Secondary school,5,3.5,4,3.666666667,3.666666667,4,5.428571429
male,Secondary Vocational,3,3.5,4.5,6.666666667,6.666666667,6,7
male,Secondary Vocational,3,3.5,4,3.666666667,3.333333333,3.333333333,6
male,Secondary Vocational,4,3.5,4,5.333333333,4.666666667,4.333333333,6
male,Secondary Vocational,4,3.5,3.25,3,3,3.333333333,5.428571429
male,Higher Vocational,2,3.5,3.5,5.333333333,4.333333333,5,6.428571429
male,Higher Vocational,2,3.5,4,5,4.333333333,3.333333333,5.857142857
male,Higher Vocational,2,3.5,3,4.333333333,4,3.666666667,5.142857143
male,Higher Vocational,2,3.5,3.75,4.666666667,4,4.666666667,4.428571429
male,Higher Vocational,2,3.5,3.25,3.333333333,3,4,4.714285714
male,Higher Vocational,2,3.5,4.25,4.666666667,3.666666667,4,6.142857143
male,Higher Vocational,2,3.5,3.75,5.666666667,4.666666667,5,6.428571429
male,Higher Vocational,3,3.5,4,4.666666667,5,3.666666667,6.571428571
male,Higher Vocational,3,3.5,5,4.333333333,4,4.666666667,7
male,Higher Vocational,3,3.5,4,3.666666667,4,4.666666667,6.142857143
male,Higher Vocational,3,3.5,4,4.333333333,5,4,5
male,Higher Vocational,3,3.5,3.75,4.333333333,4,4.333333333,4.571428571
male,Higher Vocational,3,3.5,3.75,5,4.333333333,4.333333333,5.285714286
male,Higher Vocational,3,3.5,3.25,4,4,4,6
male,Higher Vocational,3,3.5,4,4.666666667,4.666666667,4,5.428571429
male,Higher Vocational,3,3.5,4.5,4,4.666666667,3.666666667,5.857142857
male,Higher Vocational,3,3.5,3.75,4.333333333,2.666666667,4.666666667,4.285714286
male,Higher Vocational,4,3.5,3.25,3.666666667,4.333333333,2.333333333,6.142857143
male,Higher Vocational,4,3.5,3.25,3.333333333,4,3.666666667,5
male,Higher Vocational,4,3.5,5,4.333333333,5,4,6.428571429
male,Higher Vocational,4,3.5,4.5,6.333333333,5,5.333333333,6.857142857
male,Higher Vocational,5,3.5,4,4.666666667,4.333333333,3.333333333,5.285714286
male,Higher Vocational,5,3.5,4,5.333333333,4,2.666666667,5.428571429
male,Higher Vocational,5,3.5,3.75,3.666666667,3,3.666666667,5.714285714
male,University,2,3.5,4.5,5.333333333,4.666666667,4.333333333,6.714285714
male,University,2,3.5,4,5,3.666666667,4,6.571428571
male,University,2,3.5,3.75,5.333333333,5,4.666666667,5
male,University,3,3.5,3,4.333333333,3.666666667,5,5.285714286
male,University,4,3.5,4.25,4.666666667,4.666666667,3.666666667,5
male,University,4,3.5,4.75,4.333333333,4.333333333,5,7
male,University,4,3.5,4.75,4.333333333,4.333333333,5,6.571428571
male,University,4,3.5,4,4.333333333,5,5,6.714285714
male,University,4,3.5,5,5.333333333,4.666666667,4.666666667,5.857142857
male,University,5,3.5,4,4.333333333,4.333333333,3,5.571428571
male,Secondary school,5,3.75,4,4,2.666666667,4.666666667,4.714285714
male,Secondary school,5,3.75,3.75,6.666666667,6,5.666666667,5.857142857
male,Secondary Vocational,2,3.75,5,5.333333333,5.333333333,6,7
male,Secondary Vocational,3,3.75,3.75,6.333333333,4.333333333,6,6.428571429
male,Higher Vocational,2,3.75,4,4.333333333,3.666666667,4,5
male,Higher Vocational,2,3.75,3.75,5.333333333,5.666666667,4.666666667,4.857142857
male,Higher Vocational,2,3.75,4,5,4.333333333,5.666666667,6
male,Higher Vocational,2,3.75,4.5,5,5,5,6.285714286
male,Higher Vocational,2,3.75,4,3.666666667,3.666666667,4.333333333,4.428571429
male,Higher Vocational,2,3.75,5,4.333333333,3.666666667,5.333333333,5.857142857
male,Higher Vocational,3,3.75,4,5,4.666666667,4.333333333,5.428571429
male,Higher Vocational,3,3.75,4,4,4.666666667,4.333333333,5.857142857
male,Higher Vocational,3,3.75,4,5.666666667,5,5.333333333,6
male,Higher Vocational,3,3.75,4,4.666666667,3.666666667,3.666666667,4.714285714
male,Higher Vocational,3,3.75,4.75,5.666666667,5,5,7
male,Higher Vocational,3,3.75,3.75,5.333333333,5.333333333,4,4.857142857
male,Higher Vocational,3,3.75,4,4.666666667,4.333333333,4.333333333,5.142857143
male,Higher Vocational,3,3.75,3,4,3,3,5.285714286
male,Higher Vocational,4,3.75,3.75,5.666666667,5,4.333333333,5.428571429
male,Higher Vocational,4,3.75,3.75,4,4.666666667,3.333333333,5.571428571
male,Higher Vocational,4,3.75,4,4,4.666666667,3.333333333,5.142857143
male,Higher Vocational,4,3.75,4.25,4,5.333333333,5.333333333,6.142857143
male,Higher Vocational,4,3.75,4,4.333333333,4.666666667,3.666666667,5.714285714
male,Higher Vocational,4,3.75,4,4.333333333,4,5,6.857142857
male,Higher Vocational,5,3.75,3.25,4,3.666666667,3.666666667,4
male,Higher Vocational,5,3.75,5,5,4.666666667,4.666666667,6
male,Higher Vocational,5,3.75,5,6,6,6,5.714285714
male,Higher Vocational,5,3.75,2.75,3.666666667,4.666666667,5.666666667,5.428571429
male,Higher Vocational,5,3.75,3.75,4.666666667,4.333333333,4.666666667,5.857142857
male,Higher Vocational,5,3.75,5,5.666666667,5.666666667,4.666666667,6.857142857
male,University,2,3.75,4.5,4.666666667,5.333333333,5,6.142857143
male,University,2,3.75,3.75,4.666666667,4,4,6.142857143
male,University,2,3.75,5,4,4,4,5.428571429
male,University,2,3.75,4.25,5.333333333,4.666666667,5,6
male,University,2,3.75,4,5,5,4,5.857142857
male,University,2,3.75,3.75,5,4.666666667,4,6.428571429
male,University,2,3.75,4,4.333333333,4,5,6.285714286
male,University,3,3.75,3.75,5.666666667,5.333333333,4.333333333,6.571428571
male,University,3,3.75,3.75,4.666666667,4.333333333,4.333333333,5.857142857
male,University,3,3.75,4,5,4.666666667,4,6
male,University,4,3.75,4.25,5.333333333,5,5,5.857142857
male,University,4,3.75,5,4.666666667,5.333333333,5,5.857142857
male,University,5,3.75,3.75,4.333333333,3,4.666666667,5.714285714
male,University,5,3.75,5,6.666666667,5.666666667,5,6.285714286
male,Secondary school,3,4,4,6.333333333,5.333333333,5.333333333,6
male,Secondary school,4,4,4,4.333333333,4.666666667,4.333333333,4.857142857
male,Secondary school,4,4,5,5.333333333,5.666666667,5.666666667,7
male,Primairy school,5,4,3.5,3.666666667,4.666666667,4.666666667,5
male,Primairy school,5,4,4,3.666666667,2.666666667,3.333333333,5.714285714
male,Secondary school,4,4,3.75,5.666666667,4,5.666666667,5.571428571
male,Secondary school,4,4,4.75,5.666666667,6,5.666666667,6.142857143
male,Secondary school,5,4,4.75,5.333333333,5,4.333333333,5.142857143
male,Secondary Vocational,2,4,4,6.333333333,5.333333333,5,5.714285714
male,Secondary Vocational,3,4,3.5,4.666666667,2.666666667,3.333333333,4.857142857
male,Secondary Vocational,3,4,5,5.333333333,5,4.333333333,6.142857143
male,Secondary Vocational,3,4,4.75,6.333333333,5.666666667,4,6.142857143
male,Secondary Vocational,3,4,5,6.666666667,6.333333333,6,7
male,Secondary Vocational,3,4,5,6.666666667,6.666666667,6.333333333,7
male,Secondary Vocational,3,4,4.75,5.666666667,5,5.666666667,6.714285714
male,Secondary Vocational,3,4,5,6.666666667,6,4.666666667,5.428571429
male,Secondary Vocational,3,4,4.25,6.333333333,6,6,7
male,Secondary Vocational,4,4,4,5,5,3.333333333,4.285714286
male,Secondary Vocational,4,4,5,5.333333333,4,4,7
male,Secondary Vocational,4,4,4.75,5,4.333333333,5,5.571428571
male,Secondary Vocational,4,4,5,5,4.333333333,3.666666667,6.857142857
male,Secondary Vocational,4,4,5,7,6,6.666666667,6.571428571
male,Secondary Vocational,4,4,5,5.666666667,4.333333333,3.666666667,4.857142857
male,Secondary Vocational,4,4,4,4,3,4,4.571428571
male,Secondary Vocational,4,4,4,6.333333333,5,5.666666667,7
male,Secondary Vocational,4,4,5,5.666666667,5,4.333333333,6.285714286
male,Secondary Vocational,4,4,4.5,5.666666667,5,4,5.857142857
male,Secondary Vocational,4,4,3.75,5,3.666666667,2,6
male,Secondary Vocational,5,4,4,4.666666667,4,2.666666667,5.857142857
male,Secondary Vocational,5,4,4,4.666666667,4.666666667,4.333333333,6
male,Secondary Vocational,5,4,3.75,4,3.666666667,4.333333333,5.857142857
male,Higher Vocational,2,4,5,6,6,2.666666667,7
male,Higher Vocational,2,4,5,6.333333333,6.666666667,4,6
male,Higher Vocational,2,4,4.75,4,4.666666667,3.333333333,6
male,Higher Vocational,2,4,4,5,4.666666667,4.333333333,5
male,Higher Vocational,2,4,4.75,5,5,5.333333333,5.571428571
male,Higher Vocational,2,4,5,6.666666667,5.666666667,5,4.714285714
male,Higher Vocational,2,4,5,6.333333333,5.666666667,4.666666667,4.714285714
male,Higher Vocational,2,4,5,6.333333333,4.333333333,5.666666667,6
male,Higher Vocational,3,4,4,5,5,5,6
male,Higher Vocational,3,4,3.25,4.666666667,3.333333333,4.666666667,6
male,Higher Vocational,3,4,4.25,6.666666667,6,5.666666667,6
male,Higher Vocational,3,4,5,4.333333333,4.666666667,2.666666667,6.857142857
male,Higher Vocational,3,4,4,5.666666667,5,5,5.714285714
male,Higher Vocational,3,4,5,5.333333333,5,4,6.714285714
male,Higher Vocational,3,4,5,5,5.333333333,5,7
male,Higher Vocational,3,4,4,5.333333333,4.333333333,3,7
male,Higher Vocational,3,4,5,6,5.333333333,4,7
male,Higher Vocational,3,4,4,6,5.666666667,3.333333333,5.571428571
male,Higher Vocational,3,4,4.5,6.666666667,6.333333333,6.333333333,4.285714286
male,Higher Vocational,3,4,5,4,4,2.666666667,6.857142857
male,Higher Vocational,3,4,4,5,4.666666667,5,6
male,Higher Vocational,3,4,4.25,4.666666667,4.666666667,5,5.714285714
male,Higher Vocational,3,4,4.5,5.666666667,4.666666667,4.666666667,6.428571429
male,Higher Vocational,3,4,3.75,5.333333333,4.333333333,5.666666667,4
male,Higher Vocational,4,4,4.75,6,6,5.666666667,6
male,Higher Vocational,4,4,4,4.333333333,4,3.333333333,6.571428571
male,Higher Vocational,4,4,5,6,5.333333333,5,6
male,Higher Vocational,4,4,5,6.666666667,5.333333333,6,6.142857143
male,Higher Vocational,4,4,4,5,5,4.333333333,5
male,Higher Vocational,4,4,4.25,4.666666667,4.666666667,4,6
male,Higher Vocational,4,4,4,5,4.666666667,4.666666667,6
male,Higher Vocational,4,4,4,5,4.333333333,4,5
male,Higher Vocational,4,4,5,6.666666667,6.333333333,5,6.857142857
male,Higher Vocational,4,4,4.25,5,4.333333333,4.666666667,5.428571429
male,Higher Vocational,4,4,4.5,7,7,5,6.142857143
male,Higher Vocational,4,4,4,3.666666667,3,2.333333333,6.142857143
male,Higher Vocational,5,4,4,6,6.333333333,6.333333333,6.142857143
male,Higher Vocational,5,4,4.75,5.333333333,5,5,6.428571429
male,Higher Vocational,5,4,4,4,3.333333333,3.333333333,5.714285714
male,Higher Vocational,5,4,4,5.666666667,6,2.666666667,6
male,Higher Vocational,5,4,4,4,4,4,7
male,Higher Vocational,5,4,4.5,6,4.333333333,4,6.571428571
male,Higher Vocational,5,4,4.5,5.333333333,6,5,6
male,Higher Vocational,5,4,4,5,4.333333333,4,5
male,Higher Vocational,5,4,4.5,5.333333333,6,4.666666667,6.142857143
male,Higher Vocational,5,4,4.5,4.666666667,4.666666667,4.666666667,5
male,Higher Vocational,5,4,4,5,5,5.333333333,5.142857143
male,Higher Vocational,5,4,5,4.666666667,4.666666667,5,5.428571429
male,Higher Vocational,5,4,4.25,5.333333333,5,4.666666667,5.571428571
male,Higher Vocational,5,4,4.75,5.666666667,5,5,6.142857143
male,University,2,4,4.75,4.333333333,3.333333333,3,5.428571429
male,University,2,4,4.5,5.333333333,5.333333333,4.333333333,6.285714286
male,University,2,4,3.75,6.333333333,6.666666667,6,6.714285714
male,University,2,4,4,5.666666667,5.333333333,5,5.714285714
male,University,2,4,4,6,6,6,6
male,University,2,4,4.75,5.333333333,5.666666667,3.333333333,6
male,University,2,4,5,5,5.666666667,4,6.714285714
male,University,2,4,4.5,5.666666667,4.666666667,4.666666667,5.571428571
male,University,2,4,4,4.333333333,4.666666667,4.333333333,6
male,University,2,4,4.75,5.333333333,5.666666667,4.666666667,6.142857143
male,University,2,4,4.25,6,5.666666667,6.333333333,6.428571429
male,University,2,4,5,5.666666667,4.666666667,3.333333333,6
male,University,2,4,5,4.333333333,3.333333333,5.333333333,3.428571429
male,University,2,4,4.25,5,5,5,7
male,University,3,4,4,5,5,4,6.285714286
male,University,3,4,4.5,6,6.333333333,4.333333333,5.142857143
male,University,3,4,5,5,5,5,6
male,University,3,4,4.75,6,4.666666667,5.333333333,6.142857143
male,University,3,4,4.75,6,4.333333333,3.666666667,5.428571429
male,University,4,4,5,6.666666667,5.333333333,6.333333333,6.857142857
male,University,4,4,4,6,5.333333333,3.333333333,6.857142857
male,University,4,4,4,5.666666667,5.333333333,5,5.714285714
male,University,4,4,4,4,4.333333333,4,4
male,University,4,4,5,5,4,5.333333333,6.571428571
male,University,4,4,4,4.666666667,4,4.333333333,5.857142857
male,University,4,4,5,6.666666667,5.333333333,5.333333333,7
male,University,4,4,4,4.333333333,4,5.333333333,4.857142857
male,University,5,4,5,6.333333333,5.666666667,5,7
male,University,5,4,5,7,6.333333333,6.333333333,7
male,University,5,4,4.5,5.333333333,5.333333333,4.666666667,6.142857143
male,University,5,4,4.5,5.666666667,5.333333333,5.333333333,6.142857143
male,University,5,4,5,5.666666667,4,4.666666667,6
male,University,5,4,4,3.666666667,4.333333333,4.333333333,5.571428571
male,University,6,4,4,6,5.666666667,5.666666667,5.857142857
male,Secondary school,4,4.25,5,6.666666667,5.666666667,6.666666667,6
male,Primairy school,5,4.25,4.5,6,5.666666667,5,6
male,Secondary Vocational,3,4.25,4,6.666666667,6,5.333333333,5.714285714
male,Secondary Vocational,3,4.25,5,6.666666667,6,6.333333333,6.142857143
male,Secondary Vocational,3,4.25,5,5.333333333,3.333333333,4.666666667,6
male,Higher Vocational,2,4.25,5,6,6.333333333,4.333333333,6.571428571
male,Higher Vocational,2,4.25,4.75,6.666666667,5.333333333,6.333333333,6.714285714
male,Higher Vocational,2,4.25,4.5,5.666666667,5,5.333333333,5.857142857
male,Higher Vocational,2,4.25,4.75,5.333333333,5,5.333333333,5.571428571
male,Higher Vocational,2,4.25,5,5.666666667,6,5.666666667,7
male,Higher Vocational,3,4.25,4,5.666666667,5.666666667,5,5.857142857
male,Higher Vocational,3,4.25,4,3.333333333,4.333333333,4.666666667,6
male,Higher Vocational,3,4.25,5,6.333333333,6.666666667,5.333333333,7
male,Higher Vocational,3,4.25,4.25,6.333333333,5.666666667,5,5.714285714
male,Higher Vocational,3,4.25,4.5,6,5,4.666666667,6
male,Higher Vocational,3,4.25,5,5.666666667,5.666666667,4.333333333,6
male,Higher Vocational,4,4.25,5,7,5.666666667,6.666666667,7
male,Higher Vocational,4,4.25,5,6,4.666666667,4.666666667,6.857142857
male,Higher Vocational,4,4.25,4,6.333333333,5.666666667,6.333333333,5.142857143
male,Higher Vocational,4,4.25,5,6.333333333,5.333333333,6,6
male,Higher Vocational,4,4.25,5,5.666666667,5.666666667,5.333333333,4.571428571
male,Higher Vocational,4,4.25,5,6,5.333333333,4.333333333,5.857142857
male,Higher Vocational,4,4.25,4,5.666666667,5,5,5.142857143
male,University,1,4.25,4,4.333333333,5.333333333,5.333333333,6.142857143
male,University,2,4.25,5,6.333333333,6,6,6.428571429
male,University,2,4.25,4.25,6,4.666666667,5,5.428571429
male,University,2,4.25,5,6,5.333333333,5,7
male,University,2,4.25,3.5,5.333333333,4.666666667,4.333333333,5.714285714
male,University,2,4.25,4.75,6,6,6,6.142857143
male,University,2,4.25,4.5,6.666666667,4.666666667,4.666666667,6.285714286
male,University,2,4.25,5,6.333333333,6,5,5.857142857
male,University,3,4.25,5,6,5,4.666666667,7
male,University,4,4.25,3.75,5.333333333,5,3.666666667,4
male,University,4,4.25,4.25,5,5.333333333,4.666666667,6
male,University,4,4.25,4.75,5.666666667,4,3.666666667,6
male,University,5,4.25,4.75,6.333333333,5.333333333,5.666666667,6
male,Secondary school,4,4.5,4.5,6.666666667,5.333333333,6,5.857142857
male,Secondary Vocational,3,4.5,4.75,6.666666667,6.666666667,5.666666667,5.857142857
male,Secondary Vocational,3,4.5,4.5,6.333333333,6,4,5.714285714
male,Secondary Vocational,4,4.5,5,6,6,4.666666667,5.571428571
male,Secondary Vocational,5,4.5,5,6.666666667,6,6,5.285714286
male,Higher Vocational,2,4.5,5,7,6,6.333333333,7
male,Higher Vocational,2,4.5,5,4.666666667,4.666666667,3.666666667,6.571428571
male,Higher Vocational,2,4.5,4,5.666666667,4.333333333,3.666666667,3.857142857
male,Higher Vocational,3,4.5,4,5.333333333,3.333333333,5.666666667,5.142857143
male,Higher Vocational,3,4.5,4,6,5.666666667,6,5.571428571
male,Higher Vocational,4,4.5,4.75,6,5.666666667,5,6.285714286
male,Higher Vocational,4,4.5,4.25,6,5,5,5
male,Higher Vocational,5,4.5,4.75,5.666666667,4,6.666666667,5.428571429
male,Higher Vocational,5,4.5,4.5,6,4.333333333,5.333333333,5.857142857
male,University,2,4.5,5,5.666666667,6.333333333,5.333333333,6.571428571
male,University,2,4.5,5,6.666666667,6.333333333,7,6.857142857
male,University,2,4.5,4.25,6.666666667,6,6,5.857142857
male,University,2,4.5,5,6.333333333,6,6,6.428571429
male,University,2,4.5,5,6,6,4,6
male,University,3,4.5,4,6.333333333,6.333333333,6.333333333,6.428571429
male,University,3,4.5,5,5.333333333,5,4,5.857142857
male,University,5,4.5,4.75,5,4.333333333,3.666666667,6.428571429
male,University,5,4.5,5,6.333333333,6,4.333333333,6.142857143
male,Secondary school,4,4.75,5,5.666666667,5,5,6
male,Secondary Vocational,5,4.75,4.75,6,5,5.666666667,4.857142857
male,Higher Vocational,3,4.75,4.75,6.333333333,5.666666667,5.666666667,6.571428571
male,Higher Vocational,3,4.75,4.5,6.666666667,6.333333333,4,7
male,Higher Vocational,3,4.75,5,6.666666667,6.333333333,6,7
male,Higher Vocational,4,4.75,5,6.666666667,6,5.666666667,6.714285714
male,Higher Vocational,4,4.75,4.5,6.333333333,4.333333333,5.333333333,7
male,Higher Vocational,4,4.75,5,6.333333333,5.333333333,5,6.428571429
male,Higher Vocational,5,4.75,5,6.333333333,6.333333333,6.333333333,5.571428571
male,University,1,4.75,4,6.333333333,5.666666667,5.333333333,7
male,University,2,4.75,4.25,6,4.333333333,4.333333333,6
male,University,3,4.75,4.75,6,6.333333333,4,6
male,University,4,4.75,4.25,4.666666667,4.333333333,3,4.571428571
male,University,4,4.75,5,6,6,5,6.428571429
male,Secondary school,3,5,5,7,7,6.666666667,7
male,Primairy school,5,5,5,7,6.333333333,6.666666667,6.142857143
male,Primairy school,5,5,5,7,7,6.666666667,7
male,Secondary Vocational,3,5,5,6,5.666666667,5.666666667,7
male,Higher Vocational,2,5,5,7,6.666666667,6.666666667,6.428571429
male,Higher Vocational,2,5,5,7,6,6.666666667,6.428571429
male,Higher Vocational,3,5,4.75,6.333333333,5,4,7
male,Higher Vocational,3,5,5,6.333333333,6,5.666666667,7
male,Higher Vocational,3,5,4.5,6.666666667,6,4.333333333,6.142857143
male,Higher Vocational,4,5,5,6.333333333,6,6.666666667,6.285714286
male,Higher Vocational,4,5,4.5,6.333333333,4.666666667,4.333333333,5.714285714
male,Higher Vocational,4,5,5,6.666666667,5,6,6.142857143
male,Higher Vocational,4,5,5,7,6,5.333333333,7
male,Higher Vocational,4,5,5,6.666666667,5,5.666666667,5.857142857
male,Higher Vocational,4,5,5,7,6.333333333,5.333333333,6
male,Higher Vocational,4,5,5,6,5.666666667,5.333333333,7
male,Higher Vocational,5,5,5,6.333333333,5.666666667,4.333333333,7
male,Higher Vocational,5,5,3.75,5,5.666666667,5,6.142857143
male,University,2,5,5,7,6.666666667,7,6.571428571
male,University,3,5,5,6.666666667,6,6,6.714285714
male,University,3,5,5,7,7,6.333333333,7
male,University,3,5,4.5,6.333333333,6.333333333,5.666666667,6
male,University,3,5,5,7,6.666666667,6,6.142857143
male,Higher Vocational,3,,3.75,3.333333333,3.666666667,3.666666667,4.428571429
male,Higher Vocational,3,,4,4.666666667,4,4.666666667,6
male,Higher Vocational,3,,4.5,5,4.666666667,4.666666667,5.428571429
male,Higher Vocational,3,,4,3.666666667,3.333333333,4.333333333,6
male,Higher Vocational,3,,4.75,4,3.333333333,4.333333333,5.857142857
male,Higher Vocational,3,,4.75,6,4.666666667,5.666666667,7
male,Higher Vocational,4,,3,5,5,5,4.857142857
male,Higher Vocational,5,,4.5,6.666666667,6,6,6.142857143
male,Higher Vocational,5,,3.75,3.666666667,3,3.666666667,4.571428571
male,University,2,,1.75,2,2.666666667,3.333333333,6
male,University,3,,4,6.333333333,6.333333333,5.666666667,6.142857143
male,University,3,,4.75,5.333333333,5,5.333333333,6.142857143
male,University,4,,3,3,2.666666667,3,4.857142857
male,University,4,,4.75,6.333333333,6,6.333333333,6.285714286
male,Secondary school,4,,3.5,3.333333333,4,4,4.714285714
male,Primairy school,5,,4,4,4,4,5
male,Higher Vocational,2,,3,3.333333333,3,4.333333333,6.428571429
male,Higher Vocational,2,,3.75,3.666666667,3.333333333,3.666666667,6
male,Higher Vocational,3,,4.5,6.333333333,5.333333333,4.666666667,5.571428571
male,Higher Vocational,3,,4,5.333333333,5.333333333,4.333333333,6.142857143
male,Higher Vocational,3,,4,3.666666667,4.333333333,3.666666667,5
male,Higher Vocational,3,,4,4.666666667,2.666666667,4.666666667,6.428571429
male,Higher Vocational,3,,5,5.666666667,3.333333333,4.333333333,7