stimulus_job,stimulus_sex,stimulus_bmi,hiring_rating
non_customer_facing,f,heavy,4.25
non_customer_facing,f,original,4.75
non_customer_facing,m,heavy,4.25
non_customer_facing,m,original,4
customer_facing,f,heavy,4
customer_facing,f,original,4
customer_facing,m,heavy,3.25
customer_facing,m,original,3.5
non_customer_facing,f,heavy,1.75
non_customer_facing,f,original,2
non_customer_facing,m,heavy,3
non_customer_facing,m,original,3.5
customer_facing,f,heavy,2.75
customer_facing,f,original,2.75
customer_facing,m,heavy,3.25
customer_facing,m,original,3.25
non_customer_facing,f,heavy,2.5
non_customer_facing,f,original,1.75
non_customer_facing,m,heavy,3.75
non_customer_facing,m,original,4.75
customer_facing,f,heavy,2.5
customer_facing,f,original,3.75
customer_facing,m,heavy,4.25
customer_facing,m,original,4.5
non_customer_facing,f,heavy,3.25
non_customer_facing,f,original,3.75
non_customer_facing,m,heavy,2.75
non_customer_facing,m,original,2.75
customer_facing,f,heavy,2.25
customer_facing,f,original,3.25
customer_facing,m,heavy,2.5
customer_facing,m,original,3
non_customer_facing,f,heavy,2.25
non_customer_facing,f,original,2.75
non_customer_facing,m,heavy,5.75
non_customer_facing,m,original,6.25
customer_facing,f,heavy,1.5
customer_facing,f,original,2.75
customer_facing,m,heavy,6
customer_facing,m,original,6.5
non_customer_facing,f,heavy,3.75
non_customer_facing,f,original,3.25
non_customer_facing,m,heavy,3.25
non_customer_facing,m,original,3.25
customer_facing,f,heavy,2.25
customer_facing,f,original,2.25
customer_facing,m,heavy,4.5
customer_facing,m,original,4.75
non_customer_facing,f,heavy,2.75
non_customer_facing,f,original,2
non_customer_facing,m,heavy,2.75
non_customer_facing,m,original,2.75
customer_facing,f,heavy,4.25
customer_facing,f,original,5
customer_facing,m,heavy,3.25
customer_facing,m,original,4.25
non_customer_facing,f,heavy,4.25
non_customer_facing,f,original,5.5
non_customer_facing,m,heavy,5.75
non_customer_facing,m,original,6.5
customer_facing,f,heavy,2.5
customer_facing,f,original,4.25
customer_facing,m,heavy,2.25
customer_facing,m,original,4
non_customer_facing,f,heavy,3.25
non_customer_facing,f,original,2
non_customer_facing,m,heavy,5.75
non_customer_facing,m,original,4.75
customer_facing,f,heavy,3.25
customer_facing,f,original,2.5
customer_facing,m,heavy,4.25
customer_facing,m,original,5.25
non_customer_facing,f,heavy,3.5
non_customer_facing,f,original,3.25
non_customer_facing,m,heavy,3
non_customer_facing,m,original,4.75
customer_facing,f,heavy,2.5
customer_facing,f,original,3.5
customer_facing,m,heavy,4
customer_facing,m,original,3.5
non_customer_facing,f,heavy,1.75
non_customer_facing,f,original,3
non_customer_facing,m,heavy,7
non_customer_facing,m,original,6.5
customer_facing,f,heavy,2
customer_facing,f,original,1.75
customer_facing,m,heavy,6.5
customer_facing,m,original,7
non_customer_facing,f,heavy,1
non_customer_facing,f,original,2.75
non_customer_facing,m,heavy,5.5
non_customer_facing,m,original,5.5
customer_facing,f,heavy,1
customer_facing,f,original,3.75
customer_facing,m,heavy,6
customer_facing,m,original,5.5
non_customer_facing,f,heavy,2
non_customer_facing,f,original,5
non_customer_facing,m,heavy,4
non_customer_facing,m,original,4.75
customer_facing,f,heavy,1.5
customer_facing,f,original,3
customer_facing,m,heavy,3
customer_facing,m,original,3.25
non_customer_facing,f,heavy,3.5
non_customer_facing,f,original,4
non_customer_facing,m,heavy,4.5
non_customer_facing,m,original,4.5
customer_facing,f,heavy,2
customer_facing,f,original,4.5
customer_facing,m,heavy,4.5
customer_facing,m,original,4.5
non_customer_facing,f,heavy,4
non_customer_facing,f,original,4.25
non_customer_facing,m,heavy,3.75
non_customer_facing,m,original,4.25
customer_facing,f,heavy,3
customer_facing,f,original,3.25
customer_facing,m,heavy,3.75
customer_facing,m,original,4.25
non_customer_facing,f,heavy,4
non_customer_facing,f,original,4
non_customer_facing,m,heavy,4
non_customer_facing,m,original,4
customer_facing,f,heavy,3
customer_facing,f,original,4.75
customer_facing,m,heavy,3.75
customer_facing,m,original,4.25
non_customer_facing,f,heavy,4.75
non_customer_facing,f,original,5
non_customer_facing,m,heavy,5
non_customer_facing,m,original,5
customer_facing,f,heavy,5.25
customer_facing,f,original,4.75
customer_facing,m,heavy,4.5
customer_facing,m,original,4.75
non_customer_facing,f,heavy,2.75
non_customer_facing,f,original,3
non_customer_facing,m,heavy,5.5
non_customer_facing,m,original,5
customer_facing,f,heavy,2.75
customer_facing,f,original,3
customer_facing,m,heavy,4.5
customer_facing,m,original,5
non_customer_facing,f,heavy,5.25
non_customer_facing,f,original,6.25
non_customer_facing,m,heavy,5.75
non_customer_facing,m,original,5.5
customer_facing,f,heavy,2.75
customer_facing,f,original,3.25
customer_facing,m,heavy,5.25
customer_facing,m,original,5
non_customer_facing,f,heavy,3.75
non_customer_facing,f,original,4.25
non_customer_facing,m,heavy,5
non_customer_facing,m,original,4.25
customer_facing,f,heavy,3.5
customer_facing,f,original,4.5
customer_facing,m,heavy,4.75
customer_facing,m,original,4.75
non_customer_facing,f,heavy,5
non_customer_facing,f,original,3.5
non_customer_facing,m,heavy,4
non_customer_facing,m,original,3.5
customer_facing,f,heavy,3.5
customer_facing,f,original,4.75
customer_facing,m,heavy,5
customer_facing,m,original,5
non_customer_facing,f,heavy,3.25
non_customer_facing,f,original,3.75
non_customer_facing,m,heavy,5
non_customer_facing,m,original,6
customer_facing,f,heavy,2.5
customer_facing,f,original,2.75
customer_facing,m,heavy,4.75
customer_facing,m,original,5
non_customer_facing,f,heavy,4.25
non_customer_facing,f,original,5.25
non_customer_facing,m,heavy,4.5
non_customer_facing,m,original,6.5
customer_facing,f,heavy,2.5
customer_facing,f,original,4
customer_facing,m,heavy,3.5
customer_facing,m,original,4.25
non_customer_facing,f,heavy,5
non_customer_facing,f,original,4.75
non_customer_facing,m,heavy,3.75
non_customer_facing,m,original,2
customer_facing,f,heavy,3.75
customer_facing,f,original,4
customer_facing,m,heavy,4.75
customer_facing,m,original,4.5
non_customer_facing,f,heavy,4.5
non_customer_facing,f,original,4.75
non_customer_facing,m,heavy,4.75
non_customer_facing,m,original,5.75
customer_facing,f,heavy,3.25
customer_facing,f,original,3
customer_facing,m,heavy,4.75
customer_facing,m,original,4.25
non_customer_facing,f,heavy,4.75
non_customer_facing,f,original,4.25
non_customer_facing,m,heavy,5
non_customer_facing,m,original,4.5
customer_facing,f,heavy,3.5
customer_facing,f,original,3.75
customer_facing,m,heavy,4.75
customer_facing,m,original,3.5
non_customer_facing,f,heavy,5
non_customer_facing,f,original,5.25
non_customer_facing,m,heavy,4.5
non_customer_facing,m,original,5.25
customer_facing,f,heavy,4.25
customer_facing,f,original,4.5
customer_facing,m,heavy,4.5
customer_facing,m,original,5
non_customer_facing,f,heavy,4.75
non_customer_facing,f,original,5
non_customer_facing,m,heavy,3.5
non_customer_facing,m,original,6.25
customer_facing,f,heavy,2
customer_facing,f,original,3.75
customer_facing,m,heavy,4
customer_facing,m,original,4
non_customer_facing,f,heavy,4.25
non_customer_facing,f,original,5
non_customer_facing,m,heavy,4.75
non_customer_facing,m,original,5
customer_facing,f,heavy,3.25
customer_facing,f,original,4.75
customer_facing,m,heavy,5
customer_facing,m,original,5
non_customer_facing,f,heavy,3.75
non_customer_facing,f,original,5.75
non_customer_facing,m,heavy,5.25
non_customer_facing,m,original,5.5
customer_facing,f,heavy,2
customer_facing,f,original,6.5
customer_facing,m,heavy,4.75
customer_facing,m,original,5.25
non_customer_facing,f,heavy,3.5
non_customer_facing,f,original,4.25
non_customer_facing,m,heavy,4.75
non_customer_facing,m,original,5.75
customer_facing,f,heavy,3.5
customer_facing,f,original,3.75
customer_facing,m,heavy,5
customer_facing,m,original,5.5
non_customer_facing,f,heavy,5.75
non_customer_facing,f,original,5
non_customer_facing,m,heavy,4.5
non_customer_facing,m,original,5
customer_facing,f,heavy,3.25
customer_facing,f,original,4.5
customer_facing,m,heavy,4.25
customer_facing,m,original,4.75
non_customer_facing,f,heavy,5.25
non_customer_facing,f,original,4.75
non_customer_facing,m,heavy,5.5
non_customer_facing,m,original,5.75
customer_facing,f,heavy,4.25
customer_facing,f,original,3.25
customer_facing,m,heavy,4.75
customer_facing,m,original,4.25
non_customer_facing,f,heavy,6.5
non_customer_facing,f,original,7
non_customer_facing,m,heavy,5.75
non_customer_facing,m,original,5.75
customer_facing,f,heavy,1.75
customer_facing,f,original,1.5
customer_facing,m,heavy,3.25
customer_facing,m,original,3.5
non_customer_facing,f,heavy,4.5
non_customer_facing,f,original,3.25
non_customer_facing,m,heavy,3.25
non_customer_facing,m,original,5.75
customer_facing,f,heavy,4.25
customer_facing,f,original,4.75
customer_facing,m,heavy,4.5
customer_facing,m,original,4.75
non_customer_facing,f,heavy,4.75
non_customer_facing,f,original,4.25
non_customer_facing,m,heavy,5.75
non_customer_facing,m,original,5.5
customer_facing,f,heavy,1.75
customer_facing,f,original,4.25
customer_facing,m,heavy,5
customer_facing,m,original,5.25
non_customer_facing,f,heavy,5.75
non_customer_facing,f,original,6.75
non_customer_facing,m,heavy,6.5
non_customer_facing,m,original,6.75
customer_facing,f,heavy,3.5
customer_facing,f,original,5.25
customer_facing,m,heavy,4.25
customer_facing,m,original,5.75
non_customer_facing,f,heavy,3
non_customer_facing,f,original,3.5
non_customer_facing,m,heavy,6.75
non_customer_facing,m,original,6
customer_facing,f,heavy,3.5
customer_facing,f,original,3.25
customer_facing,m,heavy,5.25
customer_facing,m,original,5.5
non_customer_facing,f,heavy,5.5
non_customer_facing,f,original,5.5
non_customer_facing,m,heavy,5.75
non_customer_facing,m,original,5.25
customer_facing,f,heavy,3.5
customer_facing,f,original,5
customer_facing,m,heavy,3.75
customer_facing,m,original,4
non_customer_facing,f,heavy,6.75
non_customer_facing,f,original,7
non_customer_facing,m,heavy,6.5
non_customer_facing,m,original,6.5
customer_facing,f,heavy,4
customer_facing,f,original,4.75
customer_facing,m,heavy,5
customer_facing,m,original,5
non_customer_facing,f,heavy,6.25
non_customer_facing,f,original,7
non_customer_facing,m,heavy,7
non_customer_facing,m,original,7
customer_facing,f,heavy,5.25
customer_facing,f,original,6
customer_facing,m,heavy,5.25
customer_facing,m,original,5.5
non_customer_facing,f,heavy,4.25
non_customer_facing,f,original,4.5
non_customer_facing,m,heavy,4.75
non_customer_facing,m,original,5
customer_facing,f,heavy,5
customer_facing,f,original,4.75
customer_facing,m,heavy,6
customer_facing,m,original,5.75
non_customer_facing,f,heavy,6
non_customer_facing,f,original,5.75
non_customer_facing,m,heavy,6
non_customer_facing,m,original,5.75
customer_facing,f,heavy,5
customer_facing,f,original,4.5
customer_facing,m,heavy,5.75
customer_facing,m,original,6.25
non_customer_facing,f,heavy,6.5
non_customer_facing,f,original,6
non_customer_facing,m,heavy,7
non_customer_facing,m,original,7
customer_facing,f,heavy,4.25
customer_facing,f,original,4.5
customer_facing,m,heavy,6
customer_facing,m,original,6.25
non_customer_facing,f,heavy,6.75
non_customer_facing,f,original,7
non_customer_facing,m,heavy,7
non_customer_facing,m,original,7
customer_facing,f,heavy,5
customer_facing,f,original,5.75
customer_facing,m,heavy,5
customer_facing,m,original,5
non_customer_facing,f,heavy,4.75
non_customer_facing,f,original,4.75
non_customer_facing,m,heavy,6
non_customer_facing,m,original,5.75
customer_facing,f,heavy,4.5
customer_facing,f,original,4.75
customer_facing,m,heavy,5.5
customer_facing,m,original,5.5
non_customer_facing,f,heavy,4
non_customer_facing,f,original,4.75
non_customer_facing,m,heavy,7
non_customer_facing,m,original,6.75
customer_facing,f,heavy,3.25
customer_facing,f,original,4.75
customer_facing,m,heavy,6
customer_facing,m,original,6.25
non_customer_facing,f,heavy,5.75
non_customer_facing,f,original,6
non_customer_facing,m,heavy,5
non_customer_facing,m,original,5.25
customer_facing,f,heavy,5.25
customer_facing,f,original,6.75
customer_facing,m,heavy,4.5
customer_facing,m,original,4.5
non_customer_facing,f,heavy,4.75
non_customer_facing,f,original,4.75
non_customer_facing,m,heavy,7
non_customer_facing,m,original,7
customer_facing,f,heavy,5.5
customer_facing,f,original,5.25
customer_facing,m,heavy,5
customer_facing,m,original,5
non_customer_facing,f,heavy,7
non_customer_facing,f,original,7
non_customer_facing,m,heavy,7
non_customer_facing,m,original,7
customer_facing,f,heavy,3.5
customer_facing,f,original,4
customer_facing,m,heavy,4.75
customer_facing,m,original,4.25
non_customer_facing,f,heavy,6
non_customer_facing,f,original,6
non_customer_facing,m,heavy,6.5
non_customer_facing,m,original,6.5
customer_facing,f,heavy,6
customer_facing,f,original,6.25
customer_facing,m,heavy,6.25
customer_facing,m,original,6.25
non_customer_facing,f,heavy,6
non_customer_facing,f,original,6
non_customer_facing,m,heavy,6
non_customer_facing,m,original,6
customer_facing,f,heavy,3.75
customer_facing,f,original,5.25
customer_facing,m,heavy,5
customer_facing,m,original,4.75
non_customer_facing,f,heavy,7
non_customer_facing,f,original,7
non_customer_facing,m,heavy,7
non_customer_facing,m,original,7
customer_facing,f,heavy,3.75
customer_facing,f,original,4.25
customer_facing,m,heavy,5.25
customer_facing,m,original,5.75
non_customer_facing,f,heavy,7
non_customer_facing,f,original,7
non_customer_facing,m,heavy,7
non_customer_facing,m,original,7
customer_facing,f,heavy,5.25
customer_facing,f,original,5.25
customer_facing,m,heavy,4.25
customer_facing,m,original,5
non_customer_facing,f,heavy,5.5
non_customer_facing,f,original,5.5
non_customer_facing,m,heavy,7
non_customer_facing,m,original,6.75
customer_facing,f,heavy,4.75
customer_facing,f,original,4.5
customer_facing,m,heavy,6.75
customer_facing,m,original,6.25
non_customer_facing,f,heavy,6.5
non_customer_facing,f,original,7
non_customer_facing,m,heavy,7
non_customer_facing,m,original,7
customer_facing,f,heavy,5.25
customer_facing,f,original,5.75
customer_facing,m,heavy,6.25
customer_facing,m,original,6.25
non_customer_facing,f,heavy,7
non_customer_facing,f,original,7
non_customer_facing,m,heavy,7
non_customer_facing,m,original,7
customer_facing,f,heavy,5
customer_facing,f,original,4
customer_facing,m,heavy,5.5
customer_facing,m,original,6.25
non_customer_facing,f,heavy,7
non_customer_facing,f,original,7
non_customer_facing,m,heavy,7
non_customer_facing,m,original,7
customer_facing,f,heavy,5.5
customer_facing,f,original,6
customer_facing,m,heavy,5.25
customer_facing,m,original,4.75
non_customer_facing,f,heavy,7
non_customer_facing,f,original,7
non_customer_facing,m,heavy,7
non_customer_facing,m,original,7
customer_facing,f,heavy,5.5
customer_facing,f,original,5.25
customer_facing,m,heavy,5.5
customer_facing,m,original,6
non_customer_facing,f,heavy,7
non_customer_facing,f,original,6.75
non_customer_facing,m,heavy,6.75
non_customer_facing,m,original,6.75
customer_facing,f,heavy,5
customer_facing,f,original,5.75
customer_facing,m,heavy,6
customer_facing,m,original,6.25
non_customer_facing,f,heavy,1.75
non_customer_facing,f,original,1.75
non_customer_facing,m,heavy,3
non_customer_facing,m,original,3.25
customer_facing,f,heavy,1.75
customer_facing,f,original,1.75
customer_facing,m,heavy,3
customer_facing,m,original,3.25
non_customer_facing,f,heavy,4
non_customer_facing,f,original,3.25
non_customer_facing,m,heavy,4.75
non_customer_facing,m,original,4.75
customer_facing,f,heavy,2.5
customer_facing,f,original,2.5
customer_facing,m,heavy,2.25
customer_facing,m,original,2.5
non_customer_facing,f,heavy,2.75
non_customer_facing,f,original,3
non_customer_facing,m,heavy,3
non_customer_facing,m,original,2.75
customer_facing,f,heavy,2.25
customer_facing,f,original,2
customer_facing,m,heavy,3
customer_facing,m,original,3
non_customer_facing,f,heavy,3.25
non_customer_facing,f,original,4
non_customer_facing,m,heavy,3.5
non_customer_facing,m,original,3.25
customer_facing,f,heavy,2.25
customer_facing,f,original,3.75
customer_facing,m,heavy,2.75
customer_facing,m,original,3
non_customer_facing,f,heavy,3.5
non_customer_facing,f,original,4.75
non_customer_facing,m,heavy,4
non_customer_facing,m,original,3
customer_facing,f,heavy,3
customer_facing,f,original,3
customer_facing,m,heavy,3.75
customer_facing,m,original,4
non_customer_facing,f,heavy,4.5
non_customer_facing,f,original,2.5
non_customer_facing,m,heavy,4.25
non_customer_facing,m,original,3.5
customer_facing,f,heavy,3.5
customer_facing,f,original,2
customer_facing,m,heavy,2.75
customer_facing,m,original,3
non_customer_facing,f,heavy,3.5
non_customer_facing,f,original,3.25
non_customer_facing,m,heavy,4.25
non_customer_facing,m,original,4.25
customer_facing,f,heavy,2.75
customer_facing,f,original,3.25
customer_facing,m,heavy,3
customer_facing,m,original,3.25
non_customer_facing,f,heavy,3.5
non_customer_facing,f,original,3.5
non_customer_facing,m,heavy,5
non_customer_facing,m,original,5.25
customer_facing,f,heavy,2
customer_facing,f,original,2.75
customer_facing,m,heavy,4.25
customer_facing,m,original,4.25
non_customer_facing,f,heavy,5.25
non_customer_facing,f,original,5.75
non_customer_facing,m,heavy,5.5
non_customer_facing,m,original,4.5
customer_facing,f,heavy,1.25
customer_facing,f,original,1.5
customer_facing,m,heavy,2
customer_facing,m,original,1.5
non_customer_facing,f,heavy,3
non_customer_facing,f,original,3.75
non_customer_facing,m,heavy,6.25
non_customer_facing,m,original,6
customer_facing,f,heavy,2.5
customer_facing,f,original,2.25
customer_facing,m,heavy,4.5
customer_facing,m,original,4.25
non_customer_facing,f,heavy,3.5
non_customer_facing,f,original,3.75
non_customer_facing,m,heavy,5.25
non_customer_facing,m,original,5.75
customer_facing,f,heavy,3.25
customer_facing,f,original,3.75
customer_facing,m,heavy,5.25
customer_facing,m,original,5.5
non_customer_facing,f,heavy,4.75
non_customer_facing,f,original,5
non_customer_facing,m,heavy,4.5
non_customer_facing,m,original,5
customer_facing,f,heavy,3
customer_facing,f,original,5
customer_facing,m,heavy,4.5
customer_facing,m,original,4
non_customer_facing,f,heavy,4.75
non_customer_facing,f,original,4.75
non_customer_facing,m,heavy,4.5
non_customer_facing,m,original,4.25
customer_facing,f,heavy,3.25
customer_facing,f,original,3.5
customer_facing,m,heavy,3.25
customer_facing,m,original,4.5
non_customer_facing,f,heavy,2.25
non_customer_facing,f,original,2.5
non_customer_facing,m,heavy,4
non_customer_facing,m,original,4.75
customer_facing,f,heavy,3
customer_facing,f,original,4.25
customer_facing,m,heavy,4
customer_facing,m,original,4.25
non_customer_facing,f,heavy,4.25
non_customer_facing,f,original,3.75
non_customer_facing,m,heavy,3.5
non_customer_facing,m,original,2.75
customer_facing,f,heavy,2.75
customer_facing,f,original,3.5
customer_facing,m,heavy,4
customer_facing,m,original,3.75
non_customer_facing,f,heavy,3.5
non_customer_facing,f,original,4.25
non_customer_facing,m,heavy,2.75
non_customer_facing,m,original,3.25
customer_facing,f,heavy,4.25
customer_facing,f,original,3.5
customer_facing,m,heavy,4.5
customer_facing,m,original,4.5
non_customer_facing,f,heavy,3.5
non_customer_facing,f,original,3.25
non_customer_facing,m,heavy,5.25
non_customer_facing,m,original,4.75
customer_facing,f,heavy,3
customer_facing,f,original,3
customer_facing,m,heavy,4.25
customer_facing,m,original,3.75
non_customer_facing,f,heavy,3.75
non_customer_facing,f,original,4.25
non_customer_facing,m,heavy,3.75
non_customer_facing,m,original,3.25
customer_facing,f,heavy,4
customer_facing,f,original,3.25
customer_facing,m,heavy,3.5
customer_facing,m,original,4.25
non_customer_facing,f,heavy,3.75
non_customer_facing,f,original,4
non_customer_facing,m,heavy,3.75
non_customer_facing,m,original,4
customer_facing,f,heavy,3.75
customer_facing,f,original,4
customer_facing,m,heavy,4
customer_facing,m,original,4
non_customer_facing,f,heavy,4
non_customer_facing,f,original,3.5
non_customer_facing,m,heavy,3
non_customer_facing,m,original,2.5
customer_facing,f,heavy,3.75
customer_facing,f,original,4.75
customer_facing,m,heavy,4.5
customer_facing,m,original,5
non_customer_facing,f,heavy,4.25
non_customer_facing,f,original,4.25
non_customer_facing,m,heavy,4.25
non_customer_facing,m,original,5.5
customer_facing,f,heavy,3.25
customer_facing,f,original,4
customer_facing,m,heavy,4.75
customer_facing,m,original,5.75
non_customer_facing,f,heavy,4.25
non_customer_facing,f,original,3
non_customer_facing,m,heavy,4.25
non_customer_facing,m,original,4.25
customer_facing,f,heavy,3.5
customer_facing,f,original,4
customer_facing,m,heavy,4.25
customer_facing,m,original,2
non_customer_facing,f,heavy,4.5
non_customer_facing,f,original,4.5
non_customer_facing,m,heavy,5.75
non_customer_facing,m,original,5.5
customer_facing,f,heavy,3.75
customer_facing,f,original,4.75
customer_facing,m,heavy,4.25
customer_facing,m,original,4.5
non_customer_facing,f,heavy,3.75
non_customer_facing,f,original,3.25
non_customer_facing,m,heavy,5.5
non_customer_facing,m,original,5.75
customer_facing,f,heavy,4.25
customer_facing,f,original,4.75
customer_facing,m,heavy,3.75
customer_facing,m,original,4.5
non_customer_facing,f,heavy,4.75
non_customer_facing,f,original,5.5
non_customer_facing,m,heavy,4
non_customer_facing,m,original,4.25
customer_facing,f,heavy,5
customer_facing,f,original,3.75
customer_facing,m,heavy,2.75
customer_facing,m,original,3.5
non_customer_facing,f,heavy,3.75
non_customer_facing,f,original,5.5
non_customer_facing,m,heavy,5.75
non_customer_facing,m,original,5.5
customer_facing,f,heavy,3.75
customer_facing,f,original,3.75
customer_facing,m,heavy,5.5
customer_facing,m,original,5
non_customer_facing,f,heavy,4.25
non_customer_facing,f,original,4.5
non_customer_facing,m,heavy,5
non_customer_facing,m,original,4.75
customer_facing,f,heavy,3
customer_facing,f,original,4.25
customer_facing,m,heavy,4.5
customer_facing,m,original,4
non_customer_facing,f,heavy,4.75
non_customer_facing,f,original,4.75
non_customer_facing,m,heavy,6
non_customer_facing,m,original,6.75
customer_facing,f,heavy,4.75
customer_facing,f,original,4.25
customer_facing,m,heavy,5.5
customer_facing,m,original,6
non_customer_facing,f,heavy,5.5
non_customer_facing,f,original,5.5
non_customer_facing,m,heavy,5.25
non_customer_facing,m,original,5.25
customer_facing,f,heavy,4.75
customer_facing,f,original,4.5
customer_facing,m,heavy,4.5
customer_facing,m,original,4.75
non_customer_facing,f,heavy,3.75
non_customer_facing,f,original,4.75
non_customer_facing,m,heavy,4.75
non_customer_facing,m,original,5
customer_facing,f,heavy,4.25
customer_facing,f,original,5.25
customer_facing,m,heavy,4.75
customer_facing,m,original,5
non_customer_facing,f,heavy,6
non_customer_facing,f,original,6
non_customer_facing,m,heavy,5.75
non_customer_facing,m,original,5.75
customer_facing,f,heavy,4.25
customer_facing,f,original,3.75
customer_facing,m,heavy,3.75
customer_facing,m,original,4
non_customer_facing,f,heavy,3.75
non_customer_facing,f,original,5
non_customer_facing,m,heavy,4.5
non_customer_facing,m,original,5.75
customer_facing,f,heavy,5
customer_facing,f,original,4.25
customer_facing,m,heavy,4.25
customer_facing,m,original,5.5
non_customer_facing,f,heavy,5.25
non_customer_facing,f,original,5.5
non_customer_facing,m,heavy,5
non_customer_facing,m,original,4.75
customer_facing,f,heavy,3
customer_facing,f,original,3.75
customer_facing,m,heavy,3.25
customer_facing,m,original,4.25
non_customer_facing,f,heavy,5.25
non_customer_facing,f,original,4.25
non_customer_facing,m,heavy,5.5
non_customer_facing,m,original,4.75
customer_facing,f,heavy,3.5
customer_facing,f,original,3.5
customer_facing,m,heavy,4.75
customer_facing,m,original,5
non_customer_facing,f,heavy,5.25
non_customer_facing,f,original,5.5
non_customer_facing,m,heavy,5.5
non_customer_facing,m,original,5.5
customer_facing,f,heavy,3.75
customer_facing,f,original,5.5
customer_facing,m,heavy,4.5
customer_facing,m,original,4.75
non_customer_facing,f,heavy,5
non_customer_facing,f,original,5.5
non_customer_facing,m,heavy,5.25
non_customer_facing,m,original,5.5
customer_facing,f,heavy,4
customer_facing,f,original,4.75
customer_facing,m,heavy,5
customer_facing,m,original,5.25
non_customer_facing,f,heavy,4.5
non_customer_facing,f,original,4.75
non_customer_facing,m,heavy,5.5
non_customer_facing,m,original,5.5
customer_facing,f,heavy,4
customer_facing,f,original,4.25
customer_facing,m,heavy,5.5
customer_facing,m,original,5.5
non_customer_facing,f,heavy,4.25
non_customer_facing,f,original,3.75
non_customer_facing,m,heavy,5.75
non_customer_facing,m,original,5.25
customer_facing,f,heavy,3.75
customer_facing,f,original,4.75
customer_facing,m,heavy,5
customer_facing,m,original,5.25
non_customer_facing,f,heavy,5.75
non_customer_facing,f,original,5.75
non_customer_facing,m,heavy,5.25
non_customer_facing,m,original,5
customer_facing,f,heavy,5.5
customer_facing,f,original,5.75
customer_facing,m,heavy,4.75
customer_facing,m,original,5
non_customer_facing,f,heavy,5
non_customer_facing,f,original,5
non_customer_facing,m,heavy,5
non_customer_facing,m,original,5
customer_facing,f,heavy,6
customer_facing,f,original,6
customer_facing,m,heavy,5.75
customer_facing,m,original,6
non_customer_facing,f,heavy,6.25
non_customer_facing,f,original,6.75
non_customer_facing,m,heavy,6
non_customer_facing,m,original,6.5
customer_facing,f,heavy,5.5
customer_facing,f,original,4
customer_facing,m,heavy,6.25
customer_facing,m,original,6.75
non_customer_facing,f,heavy,5.5
non_customer_facing,f,original,6
non_customer_facing,m,heavy,6
non_customer_facing,m,original,6
customer_facing,f,heavy,5
customer_facing,f,original,4.75
customer_facing,m,heavy,6.25
customer_facing,m,original,4.75
non_customer_facing,f,heavy,6
non_customer_facing,f,original,6
non_customer_facing,m,heavy,5.75
non_customer_facing,m,original,6
customer_facing,f,heavy,2.5
customer_facing,f,original,3.75
customer_facing,m,heavy,5.5
customer_facing,m,original,4.5
non_customer_facing,f,heavy,5
non_customer_facing,f,original,4
non_customer_facing,m,heavy,6
non_customer_facing,m,original,5.75
customer_facing,f,heavy,4
customer_facing,f,original,4.5
customer_facing,m,heavy,5
customer_facing,m,original,4.75
non_customer_facing,f,heavy,2.5
non_customer_facing,f,original,6.5
non_customer_facing,m,heavy,5.5
non_customer_facing,m,original,6.5
customer_facing,f,heavy,4
customer_facing,f,original,5
customer_facing,m,heavy,5
customer_facing,m,original,5
non_customer_facing,f,heavy,7
non_customer_facing,f,original,7
non_customer_facing,m,heavy,7
non_customer_facing,m,original,7
customer_facing,f,heavy,3.25
customer_facing,f,original,3
customer_facing,m,heavy,2.75
customer_facing,m,original,3.5
non_customer_facing,f,heavy,6
non_customer_facing,f,original,5.75
non_customer_facing,m,heavy,6.5
non_customer_facing,m,original,6.75
customer_facing,f,heavy,3.25
customer_facing,f,original,3.75
customer_facing,m,heavy,4
customer_facing,m,original,4.75
non_customer_facing,f,heavy,5
non_customer_facing,f,original,5.5
non_customer_facing,m,heavy,6
non_customer_facing,m,original,6
customer_facing,f,heavy,4.5
customer_facing,f,original,5.25
customer_facing,m,heavy,6
customer_facing,m,original,6.25
non_customer_facing,f,heavy,5.25
non_customer_facing,f,original,5.5
non_customer_facing,m,heavy,6
non_customer_facing,m,original,6
customer_facing,f,heavy,4.5
customer_facing,f,original,4.75
customer_facing,m,heavy,5.5
customer_facing,m,original,5.75
non_customer_facing,f,heavy,5.5
non_customer_facing,f,original,5.75
non_customer_facing,m,heavy,6
non_customer_facing,m,original,6
customer_facing,f,heavy,5
customer_facing,f,original,5.25
customer_facing,m,heavy,5.25
customer_facing,m,original,5.25
non_customer_facing,f,heavy,7
non_customer_facing,f,original,7
non_customer_facing,m,heavy,7
non_customer_facing,m,original,7
customer_facing,f,heavy,4
customer_facing,f,original,4
customer_facing,m,heavy,4
customer_facing,m,original,4.25
non_customer_facing,f,heavy,6.25
non_customer_facing,f,original,6
non_customer_facing,m,heavy,7
non_customer_facing,m,original,7
customer_facing,f,heavy,4.75
customer_facing,f,original,4.5
customer_facing,m,heavy,5.5
customer_facing,m,original,5.75
non_customer_facing,f,heavy,5.25
non_customer_facing,f,original,5.25
non_customer_facing,m,heavy,6.75
non_customer_facing,m,original,7
customer_facing,f,heavy,4.5
customer_facing,f,original,4.75
customer_facing,m,heavy,5.75
customer_facing,m,original,5.75
non_customer_facing,f,heavy,6
non_customer_facing,f,original,6.25
non_customer_facing,m,heavy,6
non_customer_facing,m,original,6
customer_facing,f,heavy,4.75
customer_facing,f,original,4.75
customer_facing,m,heavy,5.25
customer_facing,m,original,5.25
non_customer_facing,f,heavy,7
non_customer_facing,f,original,7
non_customer_facing,m,heavy,6
non_customer_facing,m,original,6.25
customer_facing,f,heavy,5.75
customer_facing,f,original,6.5
customer_facing,m,heavy,5.5
customer_facing,m,original,5
non_customer_facing,f,heavy,7
non_customer_facing,f,original,7
non_customer_facing,m,heavy,7
non_customer_facing,m,original,7
customer_facing,f,heavy,6
customer_facing,f,original,5.5
customer_facing,m,heavy,6.25
customer_facing,m,original,6
non_customer_facing,f,heavy,6.25
non_customer_facing,f,original,6
non_customer_facing,m,heavy,6.25
non_customer_facing,m,original,6.25
customer_facing,f,heavy,5.25
customer_facing,f,original,6
customer_facing,m,heavy,6.25
customer_facing,m,original,5.75
non_customer_facing,f,heavy,7
non_customer_facing,f,original,6.75
non_customer_facing,m,heavy,6.75
non_customer_facing,m,original,7
customer_facing,f,heavy,6
customer_facing,f,original,6.75
customer_facing,m,heavy,5
customer_facing,m,original,6.75
non_customer_facing,f,heavy,7
non_customer_facing,f,original,7
non_customer_facing,m,heavy,7
non_customer_facing,m,original,7
customer_facing,f,heavy,4.75
customer_facing,f,original,5
customer_facing,m,heavy,6.5
customer_facing,m,original,6.5
non_customer_facing,f,heavy,7
non_customer_facing,f,original,7
non_customer_facing,m,heavy,7
non_customer_facing,m,original,7
customer_facing,f,heavy,6
customer_facing,f,original,6.25
customer_facing,m,heavy,6.75
customer_facing,m,original,6.75
