var,var_label
cond,IV - CRISIS TYPE (experimental manipulation)
choice,DV - CANDIDATE SELECTION
gender,Participant gender: What is your gender?
QuinnP,mean score COMMUNAL BEHAVIORS - Leadership behaviour (person related)
QuinnT,mean score AGENTIC BEHAVIORS - Leadership behaviour (task related)
PAQE_T,mean score COMMUNAL TRAITS - Leadership traits (emotional)
PAQI_T,mean score AGENTIC TRAITS - Leadership traits (instrumental)
SIGNAL,means score - SIGNALING CHANGE
ACTUAL,means score - ACTUAL CHANGE
MMeval,means score - Leader Suitability - Agentic man
FMeval,means score - Leader Suitability - Agentic woman
MFeval,means score - Leader Suitability - Communal man
FFeval,means score - Leader Suitability - Communal woman