﻿﻿Surname,Firstname,Student No,Email,Ref Paper,Lecture 1 Exercises,Lecture 2 Exercises
Adekanbi,Ayodeji,22269903,ayodeji.adekanbi2@mail.dcu.ie,N,,
Alexander,Ryan,23276234,ryan.alexander3@mail.dcu.ie,N,,
Baneham,Jacob,22269706,jacob.baneham3@mail.dcu.ie,Y,Y,Y
Condon,Orlaith,22269716,orlaith.condon3@mail.dcu.ie,Y,Y,N
Corsale,Eleonora,23260468,eleonora.corsale2@mail.dcu.ie,Y,Y,N
Faria,Vinicius,23271901,vinicius.faria2@mail.dcu.ie,N,,
Galeb,Hannan,19314911,hannan.galeb2@mail.dcu.ie,Y,Y,Y
Gray,Shannon,20214783,shannon.gray23@mail.dcu.ie,N,,
Lynch,Adam,22267287,adam.lynch223@mail.dcu.ie,Y,Y,Y
Nguyen,Tam,22261126,tam.nguyen25@mail.dcu.ie,Y,Y,Y
O'Brien,Patrick,22270463,patrick.obrien65@mail.dcu.ie,N,,
Redmond,James,22270559,james.redmond35@mail.dcu.ie,N,,
Sabry,Mohammed,22270058,mohammed.sabry2@mail.dcu.ie,Y,Y,N
Staunton,David,22269514,david.staunton8@mail.dcu.ie,Y,Y,N