﻿Subject,Treatment,Sex,Age,Faculty,Gravity,Decision,Payment,,,,
1,B3 - Weather forecasts,F,23,Vehicle Technology,7,Algorithm,6,,,,
2,B3 - Weather forecasts,M,21,Business,2,Algorithm,6,,,,
3,B3 - Weather forecasts,F,26,Business,1,Algorithm,6,,,,
4,B3 - Weather forecasts,M,29,Vehicle Technology,7,Human Expert,6,,,,
5,B3 - Weather forecasts,M,28,Business,8,Algorithm,6,,,,
6,B3 - Weather forecasts,M,27,Vehicle Technology,5,Human Expert,2,,,,
7,B3 - Weather forecasts,M,20,Vehicle Technology,6,Algorithm,6,,,,
8,B3 - Weather forecasts,M,26,Vehicle Technology,8,Algorithm,6,,,,
9,B3 - Weather forecasts,M,27,Vehicle Technology,8,Algorithm,2,,,,
10,A1 - Autonomous driving,F,20,Health Care,10,Human Expert,6,,,,
11,A1 - Autonomous driving,M,24,Business,10,Human Expert,6,,,,
12,A1 - Autonomous driving,F,21,Health Care,8,Human Expert,2,,,,
13,A1 - Autonomous driving,F,25,Business,10,Algorithm,2,,,,
14,A2 - MRI scans,M,21,Vehicle Technology,10,Algorithm,6,,,,
15,A2 - MRI scans,M,20,Business,10,Algorithm,6,,,,
16,A2 - MRI scans,M,20,Business,10,Algorithm,2,,,,
17,A3 - Criminal case files,M,26,Vehicle Technology,10,Algorithm,2,,,,
18,A3 - Criminal case files,F,25,Vehicle Technology,10,Human Expert,6,,,,
19,A3 - Criminal case files,M,27,Business,10,Human Expert,6,,,, 
20,A3 - Criminal case files,M,25,Business,8,Algorithm,6,,,,
21,B1 - Dating service,F,22,Health Care,8,Algorithm,6,,,,
22,B1 - Dating service,F,22,Health Care,8,Human Expert,6,,,,
23,B1 - Dating service,M,24,Vehicle Technology,7,Algorithm,6,,,,
24,B1 - Dating service,F,23,Vehicle Technology,7,Human Expert,6,,,,
25,B2 - Selection of recipes,F,24,Business,5,Algorithm,6,,,,
26,B2 - Selection of recipes,M,22,Vehicle Technology,7,Algorithm,6,,,,
27,B2 - Selection of recipes,M,21,Business,8,Human Expert,6,,,,
28,A1 - Autonomous driving,M,22,Health Care,10,Algorithm,6,,,,
29,A1 - Autonomous driving,M,20,Health Care,8,Algorithm,6,,,,
30,A1 - Autonomous driving,M,22,Vehicle Technology,10,Algorithm,6,,,,
31,A1 - Autonomous driving,M,22,Vehicle Technology,10,Human Expert,2,,,,
32,B2 - Selection of recipes,M,23,Vehicle Technology,8,Human Expert,2,,,,
33,B2 - Selection of recipes,M,23,Vehicle Technology,2,Algorithm,6,,,,
34,B2 - Selection of recipes,M,24,Vehicle Technology,7,Algorithm,2,,,,
35,B2 - Selection of recipes,F,24,Business,8,Human Expert,6,,,,
36,B1 - Dating service,M,23,Vehicle Technology,10,Algorithm,2,,,,
37,B1 - Dating service,M,22,Vehicle Technology,3,Algorithm,6,,,,
38,B1 - Dating service,M,28,Vehicle Technology,8,Algorithm,6,,,,
39,B1 - Dating service,F,24,Business,9,Human Expert,2,,,,
40,A2 - MRI scans,M,27,Vehicle Technology,8,Human Expert,2,,,,
41,A2 - MRI scans,F,26,Health Care,10,Algorithm,6,,,,
42,A2 - MRI scans,F,27,Health Care,10,Human Expert,6,,,,
43,A2 - MRI scans,M,21,Vehicle Technology,10,Human Expert,6,,,,
44,B1 - Dating service,F,20,Business,8,Algorithm,2,,,,
45,A3 - Criminal case files,F,24,Health Care,10,Human Expert,6,,,,
46,A3 - Criminal case files,F,23,Health Care,10,Human Expert,6,,,,
47,A3 - Criminal case files,F,26,Health Care,9,Human Expert,2,,,,
48,A3 - Criminal case files,M,21,Business,8,Algorithm,6,,,,
49,B1 - Dating service,M,21,Business,7,Algorithm,6,,,,
50,B1 - Dating service,M,27,Vehicle Technology,4,Algorithm,6,,,,
51,B1 - Dating service,M,27,Vehicle Technology,3,Algorithm,6,,,,
52,B1 - Dating service,M,23,Business,8,Human Expert,6,,,,
53,A3 - Criminal case files,M,21,Business,8,Human Expert,6,,,,
54,A3 - Criminal case files,M,21,Business,10,Human Expert,2,,,,
55,A3 - Criminal case files,M,23,Business,10,Human Expert,2,,,,
56,A2 - MRI scans,M,18,Vehicle Technology,6,Algorithm,6,,,,
57,A2 - MRI scans,M,18,Vehicle Technology,10,Human Expert,2,,,,
58,A2 - MRI scans,M,21,Vehicle Technology,10,Algorithm,6,,,,
59,A2 - MRI scans,M,19,Vehicle Technology,10,Human Expert,6,,,,
60,A1 - Autonomous driving,M,22,Vehicle Technology,8,Algorithm,6,,,,
61,A1 - Autonomous driving,M,28,Business,9,Human Expert,6,,,,
62,A1 - Autonomous driving,M,18,Vehicle Technology,7,Algorithm,2,,,,
63,A1 - Autonomous driving,F,27,Business,8,Algorithm,6,,,,
64,B2 - Selection of recipes,Other,22,Vehicle Technology,8,Algorithm,6,,,,
65,B2 - Selection of recipes,M,19,Vehicle Technology,4,Algorithm,6,,,,
66,B2 - Selection of recipes,M,22,Business,9,Algorithm,6,,,,
67,B2 - Selection of recipes,M,21,Business,10,Human Expert,2,,,,
68,A2 - MRI scans,F,20,Business,10,Algorithm,6,,,,
69,A2 - MRI scans,F,23,Business,10,Algorithm,6,,,,
70,A2 - MRI scans,M,21,Vehicle Technology,9,Human Expert,2,,,,
71,A2 - MRI scans,F,20,Business,10,Human Expert,2,,,,
72,B3 - Weather forecasts,Other,25,Business,3,Algorithm,6,,,,
73,B3 - Weather forecasts,M,28,Business,1,Algorithm,2,,,,
74,B3 - Weather forecasts,F,20,Vehicle Technology,9,Algorithm,6,,,,
75,B3 - Weather forecasts,F,23,Business,2,Algorithm,6,,,,
76,B2 - Selection of recipes,M,24,Business,9,Algorithm,6,,,,
77,B2 - Selection of recipes,F,23,Business,9,Human Expert,6,,,,
78,B2 - Selection of recipes,M,28,Business,9,Algorithm,6,,,,
79,B2 - Selection of recipes,F,25,Business,10,Algorithm,6,,,,
80,B2 - Selection of recipes,M,21,Business,8,Algorithm,2,,,,
81,B3 - Weather forecasts,M,27,Vehicle Technology,5,Algorithm,2,,,,
82,B3 - Weather forecasts,M,22,Business,7,Algorithm,6,,,,
83,B3 - Weather forecasts,M,23,Health Care,8,Algorithm,6,,,,
84,B3 - Weather forecasts,M,23,Business,7,Human Expert,6,,,,
85,B1 - Dating service,M,23,Vehicle Technology,5,Human Expert,6,,,,
86,B1 - Dating service,M,23,Business,10,Algorithm,2,,,,
87,A1 - Autonomous driving,F,22,Business,10,Human Expert,6,,,,
88,A1 - Autonomous driving,F,22,Business,8,Human Expert,2,,,,
89,A1 - Autonomous driving,M,22,Business,10,Human Expert,6,,,,
90,A3 - Criminal case files,F,22,Health Care,9,Algorithm,6,,,,
91,A3 - Criminal case files,M,24,Business,4,Algorithm,6,,,,
92,A3 - Criminal case files,M,20,Vehicle Technology,8,Algorithm,2,,,,
93,A3 - Criminal case files,F,23,Vehicle Technology,10,Algorithm,6,,,,
94,A1 - Autonomous driving,F,19,Health Care,8,Algorithm,6,,,,
95,A1 - Autonomous driving,F,23,Business,8,Human Expert,6,,,,
96,A1 - Autonomous driving,M,26,Vehicle Technology,10,Human Expert,6,,,,
97,B2 - Selection of recipes,F,27,Business,10,Human Expert,6,,,,
98,B2 - Selection of recipes,M,26,Business,8,Algorithm,2,,,,
99,B2 - Selection of recipes,F,25,Health Care,8,Human Expert,2,,,,
100,B2 - Selection of recipes,M,22,Vehicle Technology,10,Algorithm,6,,,,
101,A2 - MRI scans,F,35,Business,10,Algorithm,6,,,,
102,A2 - MRI scans,F,24,Vehicle Technology,7,Human Expert,6,,,,
103,A2 - MRI scans,F,29,Business,10,Human Expert,6,,,,
104,A3 - Criminal case files,F,21,Business,10,Algorithm,6,,,,
105,A3 - Criminal case files,M,23,Vehicle Technology,4,Human Expert,6,,,,
106,A3 - Criminal case files,M,21,Vehicle Technology,7,Human Expert,6,,,,
107,B1 - Dating service,F,29,Business,8,Algorithm,6,,,,
108,B1 - Dating service,M,31,Vehicle Technology,6,Algorithm,2,,,,
109,B1 - Dating service,F,28,Business,3,Human Expert,6,,,,
110,B1 - Dating service,F,24,Business,5,Algorithm,6,,,,
111,B3 - Weather forecasts,F,21,Business,7,Algorithm,2,,,,
112,B3 - Weather forecasts,F,22,Business,3,Algorithm,6,,,,
113,B3 - Weather forecasts,F,20,Business,2,Human Expert,6,,,,
114,B3 - Weather forecasts,M,25,Vehicle Technology,5,Human Expert,6,,,,
115,A1 - Autonomous driving,M,25,Vehicle Technology,8,Algorithm,2,,,,
116,A1 - Autonomous driving,M,25,Business,10,Algorithm,2,,,,
117,A1 - Autonomous driving,F,21,Business,8,Algorithm,6,,,,
118,A1 - Autonomous driving,M,20,Business,8,Algorithm,2,,,,
119,A3 - Criminal case files,F,28,Vehicle Technology,9,Human Expert,2,,,,
120,A3 - Criminal case files,M,27,Vehicle Technology,9,Algorithm,6,,,,
121,A3 - Criminal case files,M,28,Vehicle Technology,8,Human Expert,2,,,,
122,A3 - Criminal case files,M,23,Vehicle Technology,10,Algorithm,2,,,,
123,A2 - MRI scans,F,21,Health Care,10,Algorithm,2,,,,
124,A2 - MRI scans,M,23,Vehicle Technology,8,Algorithm,6,,,,
125,A2 - MRI scans,M,26,Vehicle Technology,8,Human Expert,6,,,,
126,B3 - Weather forecasts,M,24,Business,5,Algorithm,2,,,,
127,B3 - Weather forecasts,F,28,Health Care,8,Algorithm,2,,,,
128,B3 - Weather forecasts,M,21,Vehicle Technology,9,Algorithm,6,,,,
129,B3 - Weather forecasts,M,26,Business,5,Human Expert,6,,,,
130,B2 - Selection of recipes,F,21,Health Care,8,Human Expert,6,,,,
131,B2 - Selection of recipes,M,24,Business,7,Human Expert,6,,,,
132,B2 - Selection of recipes,F,22,Business,9,Algorithm,6,,,,
133,B1 - Dating service,M,20,Vehicle Technology,4,Algorithm,6,,,,
134,B1 - Dating service,M,25,Vehicle Technology,8,Algorithm,6,,,,
135,B1 - Dating service,M,24,Vehicle Technology,6,Algorithm,6,,,,
136,A1 - Autonomous driving,M,27,Business,9,Human Expert,2,,,,
137,A1 - Autonomous driving,M,25,Vehicle Technology,10,Human Expert,6,,,,
138,A1 - Autonomous driving,M,27,Vehicle Technology,7,Algorithm,6,,,,
139,B1 - Dating service,M,27,Vehicle Technology,7,Algorithm,2,,,,
140,B1 - Dating service,M,23,Business,0,Algorithm,2,,,,
141,A2 - MRI scans,M,21,Business,10,Algorithm,2,,,,
142,A2 - MRI scans,M,21,Vehicle Technology,10,Human Expert,6,,,,
143,A2 - MRI scans,M,20,Business,10,Algorithm,2,,,,