Surname,Firstname,Student No,variables_hypotheses_model_equation,statistical_analyses,tables_figures,overall_style,module_mark,module_result
Lacey,Aisling,16301251,75,70,40,65,62.5,P
Keller,Anna,22260066,60,75,55,55,61.25,P
Teahan,Calvin,15512847,60,40,40,80,55,P
Kavanagh,Hayley,20216604,75,75,75,65,72.5,P
Daniel Ndubuisi,Innocent,21261994,/,/,/,/,missing,F
Thamanam,Nipuna,20214293,65,65,40,80,62.5,P
Dal Bo,Paolo,21267963,70,65,60,50,61.25,P
Dempsey,Sean,21269039,75,70,75,80,75,P
Malone,Shauna,11401858,60,60,70,65,63.75,P
Ayres,Siobhan,21267576,70,70,55,60,63.75,P
Mc Mullan,Tara,16396846,65,65,70,80,70,P