display,familiarity,vr_experience_level,response_time
virtual_reality,familiar,11.5,101.909825
virtual_reality,familiar,11.5,163.46089
virtual_reality,familiar,11.5,278.940815
desktop_monitor,familiar,11.5,226.46356
desktop_monitor,familiar,11.5,227.64197
desktop_monitor,familiar,11.5,319.651185
virtual_reality,familiar,10,149.420935
virtual_reality,familiar,10,220.047455
virtual_reality,familiar,10,496.26525
desktop_monitor,familiar,10,308.011265
virtual_reality,familiar,7.5,67.5979505
virtual_reality,familiar,7.5,80.09515
virtual_reality,familiar,7.5,84.67231
desktop_monitor,familiar,7.5,111.05356075
desktop_monitor,familiar,7.5,165.31832
desktop_monitor,familiar,7.5,201.67125
virtual_reality,familiar,5,191.80759
virtual_reality,familiar,5,318.2888
virtual_reality,familiar,5,383.904365
desktop_monitor,familiar,5,122.871645
desktop_monitor,familiar,5,492.74376
desktop_monitor,familiar,5,571.079955
virtual_reality,familiar,4.5,326.10451
virtual_reality,familiar,4.5,591.151815
virtual_reality,familiar,4.5,1235.944
desktop_monitor,familiar,4.5,338.723565
desktop_monitor,familiar,4.5,399.265535
desktop_monitor,familiar,4.5,488.6378
virtual_reality,unfamiliar,4,60.7277555
virtual_reality,unfamiliar,4,190.74853
virtual_reality,unfamiliar,4,230.00377
virtual_reality,familiar,4,223.76473
virtual_reality,familiar,4,354.61062
virtual_reality,familiar,4,739.284855
desktop_monitor,unfamiliar,4,115.5555195
desktop_monitor,unfamiliar,4,209.19478
desktop_monitor,unfamiliar,4,347.230465
desktop_monitor,familiar,4,140.85535
desktop_monitor,familiar,4,310.89885175
desktop_monitor,familiar,4,655.85566
virtual_reality,familiar,3.5,205.698645
virtual_reality,familiar,3.5,404.16704
virtual_reality,familiar,3.5,520.63995
desktop_monitor,familiar,3.5,266.010845
desktop_monitor,familiar,3.5,520.282895
desktop_monitor,familiar,3.5,710.387615
virtual_reality,unfamiliar,3,282.93263
virtual_reality,unfamiliar,3,285.2829
virtual_reality,unfamiliar,3,399.507795
virtual_reality,unfamiliar,3,63.114015
virtual_reality,unfamiliar,3,214.18614
virtual_reality,unfamiliar,3,335.79761
desktop_monitor,unfamiliar,3,145.418745
desktop_monitor,unfamiliar,3,267.419235
desktop_monitor,unfamiliar,3,324.38713
desktop_monitor,unfamiliar,3,203.6202405
desktop_monitor,unfamiliar,3,312.94835
desktop_monitor,unfamiliar,3,329.86547
virtual_reality,familiar,2.5,164.347435
virtual_reality,familiar,2.5,414.192735
virtual_reality,familiar,2.5,439.240135
desktop_monitor,familiar,2.5,100.770985
desktop_monitor,familiar,2.5,246.480425
desktop_monitor,familiar,2.5,407.07398
virtual_reality,unfamiliar,2,100.271385
virtual_reality,unfamiliar,2,197.595855
virtual_reality,unfamiliar,2,442.576545
virtual_reality,unfamiliar,2,196.49924
virtual_reality,unfamiliar,2,256.7004965
virtual_reality,unfamiliar,2,524.65236
virtual_reality,unfamiliar,2,167.0578205
virtual_reality,unfamiliar,2,276.00667
virtual_reality,unfamiliar,2,376.1439
virtual_reality,familiar,2,131.542665
virtual_reality,familiar,2,561.841315
virtual_reality,familiar,2,971.71645
virtual_reality,familiar,2,208.665105
virtual_reality,familiar,2,332.38577
virtual_reality,familiar,2,343.15949
virtual_reality,familiar,2,313.9372
virtual_reality,familiar,2,360.65943
virtual_reality,familiar,2,563.34308
desktop_monitor,unfamiliar,2,271.015715
desktop_monitor,unfamiliar,2,388.20721
desktop_monitor,unfamiliar,2,510.229785
desktop_monitor,unfamiliar,2,142.642595
desktop_monitor,unfamiliar,2,386.978075
desktop_monitor,unfamiliar,2,452.156255
desktop_monitor,unfamiliar,2,100.4255815
desktop_monitor,unfamiliar,2,166.028235
desktop_monitor,unfamiliar,2,317.99247
desktop_monitor,familiar,2,363.71647
desktop_monitor,familiar,2,799.53145
desktop_monitor,familiar,2,1248.23022
desktop_monitor,familiar,2,268.547581
desktop_monitor,familiar,2,987.23515
desktop_monitor,familiar,2,1138.7633
desktop_monitor,familiar,2,120.5873435
desktop_monitor,familiar,2,247.52519
desktop_monitor,familiar,2,332.495395
virtual_reality,unfamiliar,1.5,281.012685
virtual_reality,unfamiliar,1.5,395.245575
virtual_reality,unfamiliar,1.5,499.561795
desktop_monitor,unfamiliar,1.5,176.2429005
desktop_monitor,unfamiliar,1.5,280.589215
desktop_monitor,unfamiliar,1.5,369.268695
virtual_reality,unfamiliar,1,334.821985
virtual_reality,unfamiliar,1,545.911275
virtual_reality,unfamiliar,1,905.2837
desktop_monitor,unfamiliar,1,177.833895
desktop_monitor,unfamiliar,1,372.13357
desktop_monitor,unfamiliar,1,526.968875
