Surname,Firstname,Student No,assignment_form,assignment_content
Lacey,Aisling,16301251,"This exercise was not only the opportunity to practice method and statistics but also to familiarise yourself with academic journals' format. In this perspective some improvement could have been done like giving the document a title, justifying the text, avoiding accroynms like ""Lit Review"", improving the style of the model represnetation and equation, plain sentences in the results. ","The method section is excellent, all elements seen in the lecture (i.e., hypothesis formulation, model represation, equation) are correct even if some improvement could be done, see comments in the document. Regarding the results section, missing the descriptive statistics is a common but significant mistake. In fact form the descriptive statistics results, the reader should understand that there is a need or sometimes not for inferrential statistics (i.e., if averages are the same then hypothese are less likely to be signifcantly different from H0). In addition, some figure representations are always good to add to support your results. Finally, I would have appreciated some elements about checking the model's conditions of application. Even if they are not reported in papers, for this analysis it would have been great. Don't hesitate to have a look at them to check that everything is ok."
Keller,Anna,22260066,"The overall format is quite good despite the title missing. There are some errors here and there (e.g., organisation of your result section, see comments in the pdf document) but overall this is correct. As indicated in my last comment, I strongly strongly suggest you to work with a reference manager software as soon as possible.","While the format is good, the content is much more problematic. As indicated in my comments, you need to practice your hypotheses formulation, model representation and equation. This is critical because it shows to your reader the robustness of your study much more than the results does. Don't hesitate to work on them from the lecture slides and to send me a revised document for more help. Regarding the results section, missing the descriptive statistics is a common but significant mistake. I saw the table in the appendix but it is important to report and comment them in the begining of the result section. In addition, some figure representations are always good to add to support your results, as indicated in my comments, your figure 1 instead of the table 1 would have been great but the important thing is that you know how to produce the figures easily with jamovi. Finally, I would have appreciated some elements about checking the model's conditions of application. Even if they are not reported in papers, for this analysis it would have been great. Don't hesitate to have a look at them to check that everything is ok. Especially knowing that your outcome variable is response time which usually involves residual to not have a normal distribution when using a regular linear regression. Generally, response time as outcome variable would require using a Generalized Linear Model with Poisson distribution instead of a General Linear Model using Ordinary Least Square method."
Teahan,Calvin,15512847,"The overall format is excellent, ready to be published. Except some formatting issues highlighted in my comments in the text, the format is excellent, well done.","While the format is good, the content is much more problematic. As indicated in my comments, the most important points to change are 1/ to include a model representation and an eqution in your method section, 2/ to do the statistical test corresponding to the test of the model and nothing else. Instead of reporting more than 20 p-values, you need to report only 5 of them, one for the model and one for each of the 4 hypotheses. Finally, I would have appreciated some elements about checking the model's conditions of application. Even if they are not reported in papers, for this analysis it would have been great. Don't hesitate to have a look at them to check that everything is ok. "
Kavanagh,Hayley,20216604,"This exercise was not only the opportunity to practice method and statistics but also to familiarise yourself with academic journals' format. In this perspective some improvement could have been done for the document to look more like a research paper than a student assignment. However the format style is a minor issue and all the important informaion are there. Finally, as indicated in my last comment, I strongly strongly suggest you to work with a reference manager software as soon as possible.","All elements seen in the lecture (i.e., hypothesis formulation, model represation, equation) are correct even if some improvement could be done, see comments in the document. One main effect hypothesis is missing but at least you are showing that you understood the lecture and well done for including the check of condition of application for linear regression."
Daniel Ndubuisi,Innocent,21261994,no submission,no submission
Thamanam,Nipuna,20214293,"The overall format is excellent, ready to be published. Except some minor issues highlighted in my comments in the text, the format is excellent, well done! I'm very proud of you using R and R markdown!","All elements seen in the lecture (i.e., hypothesis formulation, model represation, equation) are correct even if some improvement could be done, see comments in the document. The major point is the fact that you are testing only 1 equation per model and all your hypotheses are tested at the same time in this equation."
Dal Bo,Paolo,21267963,"This exercise was not only the opportunity to practice method and statistics but also to familiarise yourself with academic journals' format. In this perspective some improvement could have been done  for the document to look more like a research paper than a student assignment. However the format style is a minor issue and all the important informaion are there. Finally, as indicated in my last comment, I strongly strongly suggest you to work with a reference manager software as soon as possible.","All elements seen in the lecture (i.e., hypothesis formulation, model represation, equation) are correct even if some improvement could be done, see comments in the document. The major point is the fact that you should test only one model which corresponds to your hypothese instead of multiple ones. I know that quantitative analysis is not your main method in your PhD and you have shown that you understood the content of the lecture but removing an hypothesis because it is non significant can been seen as ""p-hacking"" and should not happen in research papers."
Dempsey,Sean,21269039,"As indicated in my comments, this is an absolutely fabulous work, well done Sean! I can see that you have used a R markdown template for Plos One publications, I hope you enjoyed how powerfull it is! And on the top of it you also used ggplots, and reports for statistical results. In terms of formatting, maybe you could have added captions to the figures. An optional, but great, improvement would have been to add your equation between $ symboles to beneficiate from LaTex equation formatting design.","As indicated this is excellent content-wise but there are some minor improvements that still could have been done (see comments). Maybe something could have been added, I would have appreciated some elements about checking the model's conditions of application. Even if they are not reported in papers, for this analysis it would have been great. Don't hesitate to have a look at them to check that everything is ok. "
Malone,Shauna,11401858,This exercise was not only the opportunity to practice method and statistics but also to familiarise yourself with academic journals' format. In this perspective some improvement could have been done  for the document to look more like a research paper than a student assignment. However the format style is a minor issue and all the important informaion are there. ,"All elements seen in the lecture (i.e., hypothesis formulation, model represation, equation) are correct even if some improvement could be done, see comments in the document. The most important element to improve is the fact of testing only 1 equation including all your hypotheses rather than testing multiple equations. Well done in using R again."
Ayres,Siobhan,21267576,"Except some minor issues highlighted in my comments in the text, the overall format is very good. It still contains elements that are more about a student submission than an academic paper ready to be published but I hope my comments will help you to improve your style.","All elements seen in the lecture (i.e., hypothesis formulation, model represation, equation) are correct even if some improvement could be done, see comments in the document. Maybe something could have been added, I would have appreciated some elements about checking the model's conditions of application. Even if they are not reported in papers, for this analysis it would have been great. Don't hesitate to have a look at them to check that everything is ok. "
Mc Mullan,Tara,16396846,"The overall format is excellent, ready to be published. Except some formatting issues highlighted in my comments in the text, the format is excellent, well done.","All elements seen in the lecture (i.e., hypothesis formulation, model represation, equation) are correct even if some improvement could be done, see comments in the document. Regarding the results section, missing the descriptive statistics is a common but significant mistake. In fact form the descriptive statistics results, the reader should understand that there is a need or sometimes not for inferrential statistics (i.e., if averages are the same then hypothese are less likely to be signifcantly different from H0). The major point is the fact that you should test only one model which corresponds to your hypothese instead of two if you are not doing a Model Comparison test. In addition, when a predictor is categorical with more that 2 categories, then the ANOVA results are the only ones to report. You can display them by using the function aov() after the function lm() and before the function report() . Finally, maybe something could have been added, I would have appreciated some elements about checking the model's conditions of application. Even if they are not reported in papers, for this analysis it would have been great. Don't hesitate to have a look at them to check that everything is ok. "