COURSE, Age, Gender, Field of study, Residence during studies, Assessment of family material conditions, Assessment of personal material situation, Assessment of academic achievements, Self-efficacy_M, Intrinsic value_M, Test anxiety_M, Strategy use_L, Self-regulation_L, Occupational Work, Sensory, Activity, Endurance, Emotion, Perseverance, Rhythm, Briskness, Sensory Sensitivity_S, Activity_S, Endurance_S, Emotional Reactivity_S, Perseverance_S, Rhythmicity_S, Briskness_S
PO,20,0,Ekonomia,na stancji,4,4,4,41,44,14,71,45,2,41,36,26,44,52,11,40,4,5,2,5,8,1,4
PO,19,Female,Kognitywistyka,z rodziną,4,3,4,47,54,19,66,43,2,37,28,36,40,52,26,52,3,2,5,6,9,6,7
PO,19,0,Kognitywistyka,na stancji,3,3,4,51,51,11,71,45,2,39,41,24,43,57,28,33,3,6,2,5,9,6,2
PO,19,0,Kognitywistyka,na stancji,3,2,3,35,28,10,57,30,2,36,40,36,36,37,21,39,2,6,5,3,3,4,4
PO,19,0,Kognitywistyka,na stancji,4,4,3,32,42,23,80,47,1,48,49,31,48,56,23,42,6,8,4,7,9,5,5
PO,20,Female,Kognitywistyka,na stancji,4,3,2,40,43,16,63,38,2,40,31,34,38,42,22,42,4,3,4,5,6,5,4
PO,20,0,Kognitywistyka,na stancji,4,2,3,41,47,11,50,23,1,50,50,33,27,40,24,32,7,8,5,1,4,5,2
PO,19,0,Inne,na stancji,4,3,3,27,35,7,45,33,2,34,38,36,37,40,25,35,1,5,5,3,4,5,2
PO,22,0,Kognitywistyka,w akademiku,3,3,3,44,48,16,67,33,2,42,37,31,48,55,16,39,4,5,4,7,9,2,4
PO,24,Female,Bezpieczeństwo Narodowe,z rodziną,2,3,3,36,42,20,56,36,1,44,42,38,41,39,19,43,5,6,5,6,5,3,4
PO,22,0,Kognitywistyka,mieszkaNO własne,5,4,3,36,36,8,50,40,1,45,45,42,32,49,22,44,5,7,7,2,7,4,6
PO,19,0,Kognitywistyka,na stancji,4,4,4,49,59,11,73,52,2,43,46,36,44,48,30,46,5,7,5,5,7,7,6
PO,19,0,Psychologia,na stancji,4,4,4,40,49,20,76,49,2,55,33,30,56,59,18,52,9,4,4,9,9,3,8
PO,21,Female,Kognitywistyka,na stancji,5,5,5,38,42,18,71,44,1,45,43,30,45,53,15,41,6,6,3,7,9,2,4
PO,19,0,Bezpieczeństwo Narodowe,z rodziną,4,4,4,49,46,18,74,43,2,43,44,34,45,41,27,38,5,7,5,6,4,6,3
PO,19,Female,Psychologia,na stancji,4,4,3,44,41,8,59,36,2,48,36,35,35,50,10,52,7,4,4,4,9,1,7
PO,19,0,Psychologia,z rodziną,5,5,3,35,40,16,72,34,2,31,28,21,49,54,13,30,1,3,1,7,9,1,1
PO,19,0,Psychologia,na stancji,4,4,4,35,47,16,76,48,1,48,48,27,42,52,19,41,6,8,3,5,8,3,4
PO,19,0,Psychologia,na stancji,1,2,3,37,52,28,60,39,1,43,29,23,56,53,12,38,5,3,1,9,8,1,3
PO,19,0,Psychologia,z rodziną,4,4,3,61,62,21,80,54,2,45,47,40,44,54,13,29,5,8,7,5,9,1,1
PO,19,Female,Psychologia,na stancji,4,3,4,51,58,19,59,33,2,32,20,27,46,47,12,35,1,1,2,8,8,1,2
PO,19,0,Psychologia,na stancji,4,4,3,32,44,18,51,33,1,38,42,28,40,48,12,35,2,6,3,4,7,1,2
PO,19,0,Psychologia,na stancji,3,2,4,42,45,13,64,29,2,48,26,22,58,58,20,39,6,2,1,9,9,4,4
PO,19,Female,Kognitywistyka,na stancji,2,3,4,48,57,14,70,41,2,45,27,41,29,47,19,53,6,2,6,2,8,3,8
PO,20,0,Psychologia,na stancji,4,3,4,40,45,19,78,45,2,47,44,21,55,57,22,45,6,7,1,9,9,4,6
PO,20,0,Psychologia,na stancji,4,4,3,36,50,21,70,41,2,42,35,30,43,45,20,36,4,4,4,5,6,4,3
PO,19,0,Psychologia,na stancji,4,4,3,38,44,14,58,37,2,37,30,22,47,51,18,46,2,3,1,6,8,3,6
PO,20,0,Psychologia,na stancji,5,5,3,44,48,12,69,42,2,48,41,30,47,47,11,36,6,6,4,6,6,1,3
PO,19,Female,Bezpieczeństwo Narodowe,z rodziną,4,4,4,44,50,17,72,46,2,41,30,32,35,46,20,42,4,2,4,4,7,4,4
PO,19,0,Psychologia,na stancji,3,3,4,45,47,21,74,49,1,42,42,34,44,55,19,43,4,6,5,5,9,3,5
PO,20,0,Kognitywistyka,z rodziną,3,3,3,33,44,19,64,43,2,35,34,37,46,44,20,47,2,4,6,6,5,4,7
PO,24,Female,Muzykologia,w akademiku,5,5,3,42,54,21,63,31,1,54,46,26,52,53,25,44,9,7,2,9,9,6,5
PO,19,0,Inne,z rodziną,4,2,4,53,51,11,59,40,1,43,43,33,37,44,26,36,5,7,5,3,5,6,3
PO,20,0,Muzykologia,z rodziną,2,4,4,49,51,25,78,48,2,53,26,17,52,52,25,41,8,2,1,8,8,5,4
PO,19,0,Muzykologia,na stancji,4,3,3,42,52,18,66,41,1,39,47,45,41,44,12,41,3,8,8,4,5,1,4
PO,19,0,Kognitywistyka,na stancji,5,2,1,21,42,23,61,52,1,49,35,30,28,43,28,46,7,4,4,1,5,6,6
PO,22,0,Muzykologia,na stancji,4,4,4,32,57,9,77,44,2,52,26,36,47,54,13,30,8,2,5,6,9,1,1
PO,23,0,Muzykologia,na stancji,3,3,3,53,61,20,76,42,2,54,42,27,44,46,22,32,8,6,3,5,6,4,2
PO,20,Female,Muzykologia,na stancji,3,4,4,48,48,12,48,35,1,38,31,28,37,45,18,41,3,3,2,5,7,3,4
PO,20,0,Muzykologia,w akademiku,3,3,5,43,56,18,72,52,1,47,44,42,49,53,19,39,6,7,7,7,8,3,4
PO,20,0,Muzykologia,na stancji,3,3,3,31,30,14,53,26,2,41,28,30,41,48,23,34,4,3,4,4,7,5,2
PO,19,0,Psychologia,w akademiku,4,4,3,41,45,9,70,38,2,38,49,35,37,50,34,51,2,8,5,3,7,8,8
PO,21,Female,Muzykologia,w akademiku,3,3,3,46,46,7,50,30,2,40,31,37,27,39,13,32,4,3,5,2,5,1,1
PO,23,0,Muzykologia,na stancji,3,3,3,39,58,21,74,36,2,42,44,37,45,52,10,20,4,7,6,6,8,1,1
PO,19,0,Muzykologia,na stancji,3,4,4,46,57,14,76,55,2,44,43,21,45,55,14,33,5,7,1,6,9,1,2
PO,20,0,Muzykologia,z rodziną,3,3,4,51,55,13,64,52,2,48,24,39,49,54,17,50,6,2,6,7,9,3,8
PO,19,0,Muzykologia,na stancji,3,3,3,50,54,13,68,35,2,39,37,35,41,48,14,32,3,5,5,4,7,1,2
PO,20,Female,Muzykologia,na stancji,5,5,3,51,55,8,69,48,1,45,41,28,36,45,35,50,6,6,2,4,7,9,7
PO,31,Female,Psychologia,w akademiku,3,4,4,54,60,8,77,54,1,44,34,28,34,50,18,46,5,3,2,4,9,3,6
PO,20,0,Kognitywistyka,na stancji,3,2,2,49,53,14,66,37,1,45,43,38,37,38,21,42,5,7,6,3,3,4,5
PO,19,0,Psychologia,na stancji,4,4,3,40,51,19,69,46,2,46,47,32,46,49,13,42,6,8,4,6,7,1,5
PO,19,0,Psychologia,w akademiku,3,3,4,48,52,14,74,49,2,53,31,29,45,45,22,42,8,3,3,6,6,4,5
PO,19,0,Kognitywistyka,na stancji,4,4,3,34,42,14,50,37,2,41,37,30,42,42,19,36,4,5,4,5,5,3,3
PO,22,0,Inne,na stancji,4,3,3,42,43,18,62,33,1,40,42,25,45,55,18,42,3,6,2,6,9,3,5
PO,19,0,Psychologia,w akademiku,5,4,4,49,58,28,80,48,2,50,37,17,55,58,30,54,7,5,1,9,9,7,9
PO,22,0,Psychologia,na stancji,5,5,3,44,48,16,59,35,2,48,37,35,47,53,22,40,6,5,5,6,8,4,4
PO,19,0,Psychologia,na stancji,3,4,3,47,51,20,70,41,1,40,41,37,38,39,24,43,3,6,6,3,3,5,5
PO,19,0,Psychologia,na stancji,4,4,4,43,51,21,65,33,2,42,47,21,54,52,13,28,4,8,1,9,8,1,1
PO,20,0,Psychologia,z rodziną,5,3,4,47,44,14,68,41,1,45,50,40,31,45,22,46,5,8,7,2,6,4,6
PO,19,Female,Psychologia,na stancji,4,5,3,39,44,23,61,38,2,51,35,32,41,45,16,38,8,4,4,6,7,2,2
PO,20,0,Psychologia,z rodziną,3,3,4,41,51,16,76,51,2,49,39,28,39,48,14,48,7,5,3,4,7,1,7
PO,20,0,Psychologia,na stancji,3,3,4,56,54,20,69,37,2,40,36,25,42,47,17,46,3,5,2,5,6,3,6
PO,20,0,Psychologia,z rodziną,3,3,4,41,51,16,76,51,2,49,39,28,39,48,14,48,7,5,3,4,7,1,7
PO,19,0,Psychologia,na stancji,5,5,3,42,48,25,61,34,2,40,36,26,40,45,13,34,3,5,2,4,6,1,2
PO,20,Female,Psychologia,w akademiku,3,4,4,41,53,23,61,32,1,42,22,26,45,42,18,42,5,1,2,7,6,3,4
PO,19,0,Psychologia,w akademiku,3,3,3,57,55,11,81,49,2,53,29,22,19,41,15,44,8,3,1,1,4,2,6
PO,20,0,Psychologia,z rodziną,3,3,3,50,51,7,68,35,2,53,28,35,46,52,21,29,8,3,5,6,8,4,1
PO,20,0,Psychologia,na stancji,3,3,3,46,54,13,84,52,1,47,47,28,36,49,11,40,6,8,3,3,7,1,4
PO,20,0,Psychologia,na stancji,5,5,4,59,42,17,83,49,2,53,23,25,42,50,15,51,8,1,2,5,7,2,8
PO,17,0,Psychologia,w akademiku,4,4,4,44,63,19,75,48,1,46,44,47,38,41,25,48,6,7,9,3,4,5,7
PO,19,Female,Psychologia,,5,4,3,44,53,20,72,40,2,43,38,25,37,46,15,41,5,5,1,5,7,2,4
PO,20,Female,Psychologia,na stancji,4,4,3,39,39,12,61,34,1,45,38,35,33,51,19,57,6,5,4,4,9,3,9
PO,20,Female,Psychologia,na stancji,4,4,3,39,39,12,61,34,1,45,36,35,33,51,19,57,6,4,4,4,9,3,9
PO,21,Female,Psychologia,z rodziną,5,3,2,41,44,13,66,42,1,42,37,40,39,41,17,50,5,4,6,5,5,3,7
PO,19,0,Psychologia,w akademiku,2,4,3,42,46,11,62,46,1,43,40,33,46,45,23,38,5,6,5,6,6,5,3
PO,19,0,Psychologia,na stancji,5,5,4,45,60,6,85,53,2,47,46,41,24,33,10,31,6,7,7,1,1,1,1
PO,22,0,Psychologia,w akademiku,3,2,4,43,56,14,75,47,1,43,47,37,35,41,13,35,5,8,6,2,4,1,2
PO,21,0,Psychologia,na stancji,4,4,3,50,59,10,68,52,2,52,34,25,52,48,20,49,8,4,2,8,7,4,7
PO,19,Female,Psychologia,w akademiku,3,3,3,38,54,23,72,46,2,33,48,30,30,51,10,51,2,8,3,3,9,1,7
PO,20,0,Psychologia,na stancji,3,3,4,48,56,20,74,44,1,50,44,30,41,39,25,44,7,7,4,4,3,5,6
PO,20,0,Psychologia,z rodziną,5,5,3,52,52,23,79,40,2,43,45,29,40,52,10,51,5,7,3,4,8,1,8
PO,20,0,Psychologia,na stancji,4,4,4,55,61,13,76,48,1,52,43,34,45,46,24,48,8,7,5,6,6,5,7
PO,18,0,Filologia Angielska,w akademiku,5,5,3,52,51,23,74,42,2,41,44,30,45,43,28,38,4,7,4,6,5,6,3
PO,19,Female,Filologia Angielska,w akademiku,3,3,4,45,45,20,64,38,1,43,43,34,50,42,33,37,5,6,4,9,6,8,2
PO,19,Female,Filologia Angielska,z rodziną,4,3,4,62,50,12,45,45,1,37,33,42,32,35,24,39,3,3,6,3,3,5,3
PO,17,Female,Filologia Angielska,w akademiku,3,3,3,47,55,16,71,43,2,39,42,37,42,42,29,36,4,6,5,6,6,7,2
PO,19,0,Filologia Angielska,na stancji,4,3,3,34,48,28,68,40,2,43,32,24,47,53,13,33,5,4,2,6,8,1,2
PO,20,0,Filologia Angielska,na stancji,3,2,3,30,36,19,65,46,2,40,35,39,40,45,23,44,3,4,6,4,6,5,6
PO,21,0,Filologia Angielska,na stancji,3,3,3,29,31,15,50,23,2,43,35,41,44,51,17,31,5,4,7,5,8,3,1
PO,19,0,Filologia Angielska,na stancji,4,4,3,51,49,15,67,47,2,46,26,42,47,45,12,41,6,2,7,6,6,1,4
PO,22,Female,Filologia Angielska,na stancji,4,3,3,40,47,26,66,44,1,42,38,48,26,38,31,57,5,5,8,2,4,8,9
PO,29,Female,Filologia Angielska,z rodziną,4,4,4,47,57,18,56,38,2,28,17,26,42,53,31,46,1,1,2,6,9,8,6
PO,19,Female,Filologia Angielska,na stancji,4,4,3,42,53,20,75,36,2,36,33,15,54,52,22,40,3,3,1,9,9,5,3
PO,20,Female,Filologia Angielska,na stancji,4,4,4,51,49,13,62,36,2,50,39,31,50,55,16,33,8,5,3,9,9,2,1
PO,20,0,Filologia Angielska,z rodziną,5,5,3,39,45,16,79,52,1,55,56,41,32,35,28,50,9,9,7,2,2,6,8
PO,19,0,Filologia Angielska,z rodziną,3,3,4,58,60,24,81,51,2,54,36,25,59,52,12,49,8,5,2,9,8,1,7
PO,22,0,Filologia Angielska,na stancji,3,4,3,32,31,14,62,34,2,38,28,20,47,48,14,42,2,3,1,6,7,1,5
PO,19,Female,Filologia Angielska,z rodziną,5,5,3,47,47,25,67,37,2,52,37,26,52,58,18,34,8,4,2,9,9,3,1
PO,21,Female,Filologia Angielska,z rodziną,5,5,3,51,57,5,66,44,1,54,43,57,36,43,11,52,9,6,9,4,6,1,7
PO,19,0,Filologia Angielska,w akademiku,4,4,3,30,41,23,61,45,2,47,54,30,57,48,20,39,6,9,4,9,7,4,4
PO,19,Female,Filologia Angielska,na stancji,3,3,3,35,47,17,65,26,2,44,29,27,48,44,21,40,5,2,2,8,7,4,3
PO,20,0,Filologia Angielska,na stancji,4,3,3,40,47,11,69,48,2,42,34,36,47,47,29,43,4,4,5,6,6,7,5
PO,19,0,Filologia Angielska,na stancji,4,4,3,39,50,19,77,56,2,51,44,31,31,40,28,57,7,7,4,2,4,6,9
PO,19,0,Psychologia,z rodziną,3,4,2,34,42,10,49,35,1,41,46,36,42,37,21,39,4,7,5,5,3,4,4
PO,19,0,Filologia Angielska,na stancji,4,4,3,41,54,23,74,46,2,45,37,38,50,48,13,39,5,5,6,7,7,1,4
PO,21,0,Psychologia,na stancji,3,4,4,42,51,22,57,39,1,48,31,37,48,48,17,54,6,3,6,7,7,3,9
PO,19,0,Filologia Angielska,z rodziną,5,3,2,30,34,18,65,40,2,46,22,31,54,42,16,36,6,1,4,9,5,2,3
PO,19,Female,Psychologia,na stancji,4,3,2,43,54,17,75,46,1,44,36,30,38,40,20,49,5,4,3,5,5,4,7
PO,20,Female,Psychologia,na stancji,4,4,4,49,48,15,63,45,1,43,41,30,38,41,23,44,5,6,3,5,5,5,5
PO,19,0,Psychologia,z rodziną,3,3,4,47,50,18,76,52,2,52,39,29,49,48,25,46,8,5,3,7,7,5,6
PO,19,0,Psychologia,z rodziną,3,4,3,31,52,16,68,43,2,44,37,24,42,44,25,41,5,5,2,5,5,5,4
PO,19,0,Psychologia,na stancji,4,4,4,46,56,15,69,44,2,46,38,39,34,45,21,46,6,5,6,2,6,4,6
PO,19,0,Psychologia,na stancji,4,2,3,46,59,26,85,56,2,52,38,49,43,54,23,33,8,5,9,5,9,5,2
PO,19,0,Psychologia,z rodziną,5,5,4,45,53,11,61,38,1,49,47,41,32,45,11,49,7,8,7,2,6,1,7
PO,20,0,Psychologia,na stancji,4,4,3,48,52,9,78,41,2,39,40,35,46,50,12,36,3,6,5,6,7,1,3
PO,20,0,Psychologia,z rodziną,4,3,4,48,51,24,70,40,2,41,31,43,52,56,13,45,4,3,7,8,9,1,6
PO,28,Female,Psychologia,w akademiku,3,4,4,34,45,22,58,42,2,32,28,17,37,42,35,46,1,2,1,5,6,9,6
PO,20,0,Psychologia,na stancji,4,4,3,51,54,9,73,49,2,45,37,21,45,51,18,30,5,5,1,6,8,3,1
PO,28,Female,Psychologia,w akademiku,3,4,4,34,45,22,58,42,2,32,30,17,37,42,35,46,1,2,1,5,6,9,6
PO,21,Female,Psychologia,w akademiku,4,4,4,49,54,14,68,38,2,42,24,44,30,48,12,43,5,1,7,3,8,1,4
PO,20,0,Psychologia,na stancji,4,4,4,45,49,14,61,41,1,54,36,24,34,41,18,35,8,5,2,2,4,3,2
PO,19,0,Psychologia,na stancji,5,5,3,42,53,14,80,34,2,41,43,30,43,43,20,48,4,7,4,5,5,4,7
PO,19,0,Psychologia,na stancji,4,4,3,41,46,25,63,39,2,49,48,27,48,53,14,48,7,8,3,7,8,1,7
PO,21,Female,Psychologia,na stancji,3,3,3,47,52,6,70,45,2,46,38,46,29,41,20,54,6,5,8,2,5,4,8
PO,19,0,Psychologia,na stancji,4,4,3,40,48,26,64,38,1,40,46,40,49,44,21,39,3,7,7,7,5,4,4
PO,19,0,Psychologia,z rodziną,4,4,4,47,52,13,72,50,1,45,41,39,36,37,20,39,5,6,6,3,3,4,4
PO,19,0,Psychologia,w akademiku,4,4,4,51,54,20,74,46,2,43,34,16,48,40,19,38,5,4,1,7,4,3,3
PO,20,0,Psychologia,na stancji,5,5,4,41,62,16,88,59,1,38,33,32,36,29,11,54,2,4,4,3,1,1,9
PO,19,Female,Psychologia,z rodziną,3,2,4,45,53,12,72,46,2,45,53,25,32,48,12,51,6,9,1,3,8,1,7
PO,22,0,Inne,w akademiku,5,5,4,59,57,5,76,46,2,43,31,40,28,39,27,53,5,3,7,1,3,6,8
PO,20,0,Ekonomia,na stancji,4,4,3,41,34,23,60,42,2,40,44,32,45,40,28,40,3,7,4,6,4,6,4
PO,21,0,Ekonomia,na stancji,3,3,4,49,50,25,81,52,1,48,39,15,56,56,15,47,6,5,1,9,9,2,7
PO,20,0,Ekonomia,na stancji,3,2,3,39,40,21,56,42,2,43,41,37,37,43,16,47,5,6,6,3,5,2,7
PO,20,0,Ekonomia,na stancji,3,3,4,63,62,27,85,45,2,42,52,25,55,46,29,38,4,9,2,9,6,7,3
PO,20,Female,Ekonomia,na stancji,3,4,3,39,46,14,54,46,2,37,34,42,48,45,18,51,3,3,6,8,7,3,7
PO,19,Female,Ekonomia,na stancji,5,4,4,47,59,24,71,53,2,45,39,30,47,46,25,38,6,5,3,8,7,6,2
PO,21,Female,Ekonomia,z rodziną,3,3,3,35,55,24,63,43,2,33,29,35,48,44,22,38,2,2,4,8,7,5,2
PO,19,0,Ekonomia,na stancji,5,5,4,52,61,18,76,50,2,46,41,28,46,51,12,44,6,6,3,6,8,1,6
PO,19,0,Ekonomia,na stancji,2,2,3,45,52,28,68,45,2,41,38,28,43,48,20,38,4,5,3,5,7,4,3
PO,19,0,Ekonomia,na stancji,3,3,3,32,45,18,67,36,2,46,28,28,55,42,23,40,6,3,3,9,5,5,4
PO,19,0,Ekonomia,na stancji,4,4,3,44,49,23,76,45,2,47,42,25,35,45,23,49,6,6,2,2,6,5,7
PO,19,0,Ekonomia,na stancji,5,5,4,46,55,19,85,52,2,19,31,41,34,32,24,30,1,3,7,2,1,5,1
PO,19,0,Ekonomia,w akademiku,3,3,3,31,48,22,62,34,2,48,36,23,45,53,19,36,6,5,1,6,8,3,3
PO,19,0,Ekonomia,w akademiku,4,4,4,43,60,20,73,52,2,52,46,41,41,44,26,54,8,7,7,4,5,6,9
PO,19,Female,Ekonomia,z rodziną,5,5,5,59,52,6,62,38,2,37,20,29,20,32,21,52,3,1,2,1,2,4,7
PO,19,0,Ekonomia,z rodziną,5,5,4,44,47,12,76,43,2,33,18,15,52,55,22,34,1,1,1,8,9,4,2
PO,20,0,Ekonomia,w akademiku,3,4,3,41,38,25,69,44,1,39,45,30,36,46,21,38,3,7,4,3,6,4,3
PO,19,Female,Ekonomia,na stancji,4,4,3,30,44,22,56,38,1,43,44,34,46,46,11,48,5,6,4,8,7,1,6
PO,20,Female,Ekonomia,na stancji,4,4,4,43,33,18,59,34,2,40,44,33,45,41,27,38,4,6,4,7,5,6,2
PO,20,0,Ekonomia,na stancji,3,4,4,46,44,23,58,33,2,41,39,21,52,53,14,39,4,5,1,8,8,1,4
PO,19,0,Psychologia,z rodziną,4,3,5,53,50,22,59,42,2,53,38,28,41,44,21,38,8,5,3,4,5,4,3
PO,20,0,Ekonomia,na stancji,3,3,3,42,48,21,62,42,2,33,36,40,45,46,20,40,1,5,7,6,6,4,4
PO,19,Female,Ekonomia,w akademiku,3,3,3,40,42,14,61,47,1,37,38,40,40,37,19,37,3,5,6,6,4,3,2
PO,19,0,Ekonomia,na stancji,4,4,3,45,51,20,83,49,2,46,43,40,53,52,15,41,6,7,7,8,8,2,4
PO,19,Female,Ekonomia,w akademiku,5,5,4,42,48,23,51,36,2,54,39,33,39,44,20,50,9,5,4,5,7,4,7
PO,20,Female,Ekonomia,w akademiku,3,3,4,45,53,17,57,40,2,32,43,42,21,20,31,57,1,6,6,1,1,8,9
PO,19,0,Ekonomia,na stancji,3,4,3,44,47,25,76,46,2,44,27,31,52,52,20,43,5,2,4,8,8,4,5
PO,20,Female,Ekonomia,na stancji,3,3,4,46,56,26,62,44,2,54,36,28,35,44,24,49,9,4,2,4,7,5,7
PO,19,Female,Ekonomia,na stancji,4,4,3,47,51,12,50,41,2,40,27,38,39,41,28,48,4,2,5,5,5,7,6
PO,19,0,Ekonomia,z rodziną,5,4,4,38,50,15,65,41,2,51,47,25,42,47,17,48,7,8,2,5,6,3,7
PO,19,0,Ekonomia,na stancji,3,4,3,42,37,18,61,42,2,54,46,27,52,53,13,41,8,7,3,8,8,1,4
PO,19,0,Ekonomia,na stancji,3,3,3,42,48,23,70,48,1,45,48,38,38,42,19,51,5,8,6,3,5,3,8
PO,20,0,Ekonomia,na stancji,4,4,3,38,45,10,75,36,2,34,25,46,50,57,12,43,1,2,8,7,9,1,5
PO,20,0,Ekonomia,na stancji,3,3,4,54,51,25,59,35,2,41,29,34,47,39,15,33,4,3,5,6,3,2,2
PO,19,0,Filologia Angielska,na stancji,3,4,3,37,55,22,75,51,2,50,41,32,56,49,10,40,7,6,4,9,7,1,4
PO,19,0,Ekonomia,na stancji,3,3,4,46,55,11,78,51,1,46,31,34,35,38,19,48,6,3,5,2,3,3,7
PO,19,0,Ekonomia,z rodziną,5,5,3,40,45,21,65,39,2,44,43,28,38,39,14,37,5,7,3,3,3,1,3
PO,20,0,Ekonomia,na stancji,5,5,3,50,53,15,85,53,2,47,44,43,46,38,22,51,6,7,7,6,3,4,8
PO,19,0,Ekonomia,na stancji,4,4,3,36,45,21,56,36,2,41,35,34,44,42,22,38,4,4,5,5,5,4,3
PO,19,0,Ekonomia,na stancji,3,3,3,40,52,26,67,40,2,37,21,33,51,47,26,47,2,1,5,8,6,6,7
PO,19,Female,Inne,z rodziną,3,3,4,51,59,22,85,56,2,47,29,32,36,46,30,35,7,2,4,4,7,7,2
PO,19,0,Ekonomia,na stancji,3,3,3,42,40,24,72,46,2,45,39,27,46,52,15,41,5,5,3,6,8,2,4
PO,19,0,Ekonomia,na stancji,3,3,3,42,40,24,72,46,2,45,41,27,46,52,15,41,5,6,3,6,8,2,4
PO,20,Female,Ekonomia,w akademiku,4,4,4,42,45,22,61,41,2,35,33,38,36,38,21,45,2,3,5,4,4,4,5
PO,19,0,Ekonomia,na stancji,3,3,2,41,56,19,73,46,2,44,27,33,47,47,16,41,5,2,5,6,6,2,4
PO,20,0,Ekonomia,na stancji,1,1,3,49,52,28,63,37,2,38,21,24,45,58,17,27,2,1,2,6,9,3,1
PO,20,0,Ekonomia,z rodziną,4,4,3,30,33,12,51,37,1,33,46,33,37,41,15,44,1,7,5,3,4,2,6
PO,20,0,Ekonomia,na stancji,4,4,4,51,51,11,77,50,2,45,35,24,35,42,28,35,5,4,2,2,5,6,2
PO,19,0,Ekonomia,na stancji,4,4,4,42,48,17,76,50,2,44,38,30,47,50,25,43,5,5,4,6,7,5,5
PO,19,0,Inne,z rodziną,4,4,3,44,55,19,84,54,2,46,34,17,55,57,14,34,6,4,1,9,9,1,2
PO,20,0,Psychologia,na stancji,2,2,4,42,49,19,61,38,2,37,40,27,39,42,23,47,2,6,3,4,5,5,7
PO,19,0,Psychologia,na stancji,4,4,3,34,46,21,68,39,2,38,34,40,46,45,15,33,2,4,7,6,6,2,2
PO,19,0,Ekonomia,na stancji,5,5,4,45,55,22,73,47,2,46,37,19,53,57,12,38,6,5,1,8,9,1,3
PO,19,0,Ekonomia,na stancji,3,3,3,36,28,21,76,37,2,38,43,37,48,42,22,44,2,7,6,7,5,4,6
PO,21,Female,Ekonomia,na stancji,3,3,3,46,41,11,74,45,1,53,49,31,33,43,21,58,8,8,3,4,6,4,9
PO,20,0,Ekonomia,z rodziną,4,3,3,43,48,24,69,45,2,42,40,35,48,53,10,50,4,6,5,7,8,1,8
PO,18,0,Ekonomia,w akademiku,2,4,4,49,52,21,69,38,2,42,39,34,41,47,25,40,4,5,5,4,6,5,4
PO,20,Female,Ekonomia,na stancji,5,5,4,48,52,12,74,49,2,41,43,42,37,42,22,38,4,6,6,5,6,5,2
PO,20,Female,Ekonomia,z rodziną,4,3,3,46,42,5,63,47,2,42,40,42,19,41,15,49,5,5,6,1,5,2,7
PO,19,0,Ekonomia,na stancji,3,2,3,47,43,15,62,37,2,45,43,43,24,39,19,49,5,7,7,1,3,3,7
PO,19,0,Ekonomia,na stancji,5,3,3,36,43,28,63,42,1,52,49,30,52,53,21,50,8,8,4,8,8,4,8
PO,20,0,Ekonomia,na stancji,3,3,3,31,37,17,47,29,2,46,41,38,44,48,21,43,6,6,6,5,7,4,5
PO,19,Female,Ekonomia,na stancji,3,4,4,46,44,17,70,33,2,34,52,30,36,44,15,46,2,9,3,4,7,2,6
PO,19,0,Ekonomia,na stancji,5,5,4,41,42,18,56,41,2,45,44,40,38,45,17,44,5,7,7,3,6,3,6
PO,20,Female,Ekonomia,na stancji,4,4,2,40,39,12,57,30,1,46,33,31,36,51,11,46,6,3,3,4,9,1,6
PO,20,Female,Ekonomia,na stancji,5,5,3,38,47,21,71,41,1,40,34,26,36,53,15,47,4,3,2,4,9,2,6
PO,20,0,Ekonomia,na stancji,4,4,3,41,50,23,79,49,2,50,36,41,52,50,17,46,7,5,7,8,7,3,6
PO,20,Female,Ekonomia,na stancji,3,3,4,42,54,28,75,54,2,44,34,23,41,46,15,43,5,3,1,6,7,2,4
PO,19,Female,Ekonomia,na stancji,5,5,4,34,44,24,68,30,2,40,51,19,58,45,19,50,4,8,1,9,7,3,7
PO,19,0,Ekonomia,na stancji,4,4,2,42,39,21,65,38,1,50,46,24,47,53,22,39,7,7,2,6,8,4,4
PO,20,Female,Ekonomia,z rodziną,3,3,3,45,42,10,55,38,1,40,45,38,42,34,22,38,4,7,5,6,3,5,2
PO,19,0,Ekonomia,na stancji,4,4,3,49,51,27,84,45,2,47,37,24,60,49,25,45,6,5,2,9,7,5,6
PO,20,0,Ekonomia,na stancji,4,4,3,30,46,25,65,34,2,40,26,47,51,58,13,42,3,2,9,8,9,1,5
PO,20,0,Ekonomia,na stancji,3,3,3,41,52,24,78,42,2,50,33,22,52,51,31,50,7,4,1,8,8,8,8
PO,20,0,Ekonomia,na stancji,3,3,2,17,39,23,70,39,2,53,35,32,54,54,24,36,8,4,4,9,9,5,3
PO,20,0,Ekonomia,na stancji,3,3,3,45,45,20,65,40,2,43,43,36,44,40,24,47,5,7,5,5,4,5,7
PO,20,0,Ekonomia,na stancji,3,3,3,45,50,18,60,46,1,37,38,35,42,43,19,41,2,5,5,5,5,3,4
PO,19,0,Ekonomia,w akademiku,3,1,3,41,53,24,73,46,2,49,36,43,44,51,18,40,7,5,7,5,8,3,4
PO,19,Female,Ekonomia,w akademiku,4,2,4,44,49,13,67,43,2,43,41,37,29,42,27,53,5,6,5,2,6,6,8
PO,17,Female,Ekonomia,w akademiku,5,4,4,33,51,20,61,35,2,35,50,27,36,32,15,39,2,8,2,4,2,2,3
PO,19,Female,Ekonomia,na stancji,3,3,3,39,39,14,46,33,2,35,35,39,34,38,24,32,2,4,5,4,4,5,1
PO,19,Female,Ekonomia,z rodziną,3,3,4,41,49,12,59,42,2,38,40,26,43,43,26,40,3,5,2,7,6,6,3
PO,18,0,Ekonomia,na stancji,4,4,4,46,51,11,76,53,2,46,41,35,43,56,24,41,6,6,5,5,9,5,4
PO,20,0,Ekonomia,na stancji,3,3,3,42,48,16,81,47,2,48,40,41,38,50,11,46,6,6,7,3,7,1,6
PO,19,0,Ekonomia,na stancji,4,4,4,46,39,9,55,35,2,46,40,33,40,42,21,49,6,6,5,4,5,4,7
PO,20,Female,Ekonomia,na stancji,5,2,4,51,55,16,64,39,2,48,41,37,45,47,26,49,7,6,5,7,8,6,7
PO,20,0,Ekonomia,z rodziną,4,3,3,37,39,11,55,36,2,34,41,26,51,44,16,33,1,6,2,8,5,2,2
PO,19,Female,Ekonomia,na stancji,4,4,3,29,36,17,59,39,1,41,26,36,40,36,14,38,4,2,5,6,3,2,2
PO,22,Female,Ekonomia,z rodziną,2,2,3,57,54,9,73,48,1,54,49,31,41,47,13,45,9,8,3,6,8,1,5
PO,19,0,Ekonomia,na stancji,3,3,4,50,58,11,76,48,2,37,41,40,46,47,21,36,2,6,7,6,6,4,3
PO,19,0,Ekonomia,z rodziną,5,5,4,48,56,11,75,54,2,47,44,25,43,45,20,37,6,7,2,5,6,4,3
PO,19,0,Ekonomia,na stancji,4,3,3,42,46,25,63,41,2,43,39,34,57,55,23,44,5,5,5,9,9,5,6
PO,20,0,Ekonomia,na stancji,5,5,3,44,52,15,79,41,2,39,42,26,46,57,17,35,3,6,2,6,9,3,2
PO,19,Female,Psychologia,z rodziną,4,3,3,45,38,19,59,31,1,42,42,35,28,35,18,48,5,6,4,2,3,3,6
PO,20,Female,Ekonomia,na stancji,3,3,3,35,37,11,61,40,1,40,55,53,26,31,18,53,4,9,9,2,2,3,8
PO,20,Female,Ekonomia,z rodziną,3,5,4,63,54,9,67,50,1,35,39,34,30,37,27,38,2,5,4,3,4,6,2
PO,19,0,Psychologia,w akademiku,3,3,2,22,36,22,61,39,2,30,20,37,41,50,23,45,1,1,6,4,7,5,6
PO,20,0,Ekonomia,na stancji,5,5,4,44,39,17,68,34,2,36,30,27,44,52,11,34,2,3,3,5,8,1,2
PO,19,0,Ekonomia,z rodziną,3,3,3,33,39,15,56,37,1,33,36,41,39,42,19,39,1,5,7,4,5,3,4
PO,19,0,Psychologia,z rodziną,4,4,4,45,47,20,66,39,2,40,34,35,42,49,15,43,3,4,5,5,7,2,5
PO,19,0,Ekonomia,z rodziną,3,3,3,43,43,6,52,40,1,52,47,34,29,42,16,56,8,8,5,1,5,2,9
PO,19,Female,Ekonomia,z rodziną,4,4,4,52,53,20,67,39,2,46,44,27,54,44,31,41,6,6,2,9,7,8,4
PO,19,0,Psychologia,na stancji,5,5,4,48,62,16,75,38,2,49,38,29,46,46,15,43,7,5,3,6,6,2,5
PO,19,0,Psychologia,na stancji,5,5,4,40,56,16,70,51,2,35,35,17,43,48,12,36,2,4,1,5,7,1,3
PO,21,0,Psychologia,na stancji,4,4,4,48,52,21,79,43,1,47,35,39,47,45,17,40,6,4,6,6,6,3,4
PO,19,0,Psychologia,w akademiku,3,3,3,41,47,10,69,31,2,33,27,34,43,49,19,34,1,2,5,5,7,3,2
PO,21,Female,Psychologia,z rodziną,4,4,3,53,54,23,68,37,2,53,45,31,49,50,12,55,8,7,3,9,9,1,8
PO,19,0,Psychologia,na stancji,4,4,5,50,50,9,66,37,2,52,50,29,38,43,30,57,8,8,3,3,5,7,9
PO,19,0,Psychologia,na stancji,5,4,4,43,55,18,79,56,2,55,42,22,56,55,14,44,9,6,1,9,9,1,6
PO,19,0,Bezpieczeństwo Narodowe,z rodziną,5,5,5,63,61,24,77,41,1,47,50,21,60,54,24,42,6,8,1,9,9,5,5
PO,19,0,Bezpieczeństwo Narodowe,z rodziną,5,5,4,46,48,20,57,25,2,51,52,55,39,50,11,57,7,9,9,4,7,1,9
PO,19,Female,Bezpieczeństwo Narodowe,na stancji,4,4,3,46,51,25,77,42,2,49,55,46,50,49,17,45,7,9,8,9,8,3,5
PO,19,0,Bezpieczeństwo Narodowe,z rodziną,4,3,4,37,32,12,65,44,2,50,41,28,47,51,34,45,7,6,3,6,8,8,6
PO,18,0,Bezpieczeństwo Narodowe,w akademiku,5,5,3,43,58,21,82,49,1,37,46,42,50,51,21,44,2,7,7,7,8,4,6
PO,19,Female,Bezpieczeństwo Narodowe,z rodziną,3,3,3,39,36,10,46,32,2,42,35,39,26,39,27,47,5,4,5,2,5,6,6
PO,21,Female,Bezpieczeństwo Narodowe,na stancji,4,2,3,51,47,4,53,40,1,43,44,40,27,43,11,51,5,6,6,2,6,1,7
PO,19,Female,Bezpieczeństwo Narodowe,z rodziną,5,5,4,38,41,11,51,38,2,46,42,40,32,35,12,48,6,6,6,3,3,1,6
PO,19,0,Bezpieczeństwo Narodowe,na stancji,4,3,3,40,37,25,71,36,2,43,49,24,55,52,14,48,5,8,2,9,8,1,7
PO,20,Female,Bezpieczeństwo Narodowe,na stancji,1,1,3,40,39,15,59,26,2,36,39,35,40,39,26,36,3,5,4,6,5,6,2
PO,20,0,Bezpieczeństwo Narodowe,z rodziną,2,2,3,35,52,20,69,25,1,48,46,46,57,60,20,40,6,7,8,9,9,4,4
PO,20,Female,Bezpieczeństwo Narodowe,z rodziną,5,5,4,33,32,19,52,34,1,42,50,45,31,48,21,54,5,8,7,3,8,4,8
PO,19,0,Bezpieczeństwo Narodowe,na stancji,3,3,3,40,44,19,64,42,2,42,36,31,46,42,18,43,4,5,4,6,5,3,5
PO,19,0,Bezpieczeństwo Narodowe,na stancji,4,4,3,46,51,28,76,55,1,48,27,29,57,56,18,41,6,2,3,9,9,3,4
PO,19,0,Bezpieczeństwo Narodowe,na stancji,4,4,4,45,49,19,70,43,2,45,52,22,48,52,14,47,5,9,1,7,8,1,7
PO,19,0,Bezpieczeństwo Narodowe,na stancji,4,4,4,51,61,20,85,63,2,43,47,23,50,58,30,39,5,8,1,7,9,7,4
PO,20,Female,Bezpieczeństwo Narodowe,z rodziną,4,4,4,48,54,19,67,52,2,41,39,38,38,45,31,47,4,5,5,5,7,8,6
PO,21,Female,Bezpieczeństwo Narodowe,na stancji,4,4,4,49,52,6,76,56,1,47,41,43,33,32,26,41,7,6,7,4,2,6,4
PO,19,Female,Bezpieczeństwo Narodowe,z rodziną,4,4,3,44,48,23,73,48,2,47,46,35,34,39,23,48,7,7,4,4,5,5,6
PO,20,Female,Bezpieczeństwo Narodowe,na stancji,4,4,4,49,51,19,65,38,2,40,42,33,45,41,27,37,4,6,4,7,5,6,2
PO,20,0,Bezpieczeństwo Narodowe,na stancji,3,3,4,44,51,24,68,39,1,50,33,31,46,51,24,30,7,4,4,6,8,5,1
PO,19,0,Bezpieczeństwo Narodowe,z rodziną,3,2,3,32,36,22,67,40,2,49,40,28,49,51,13,40,7,6,3,7,8,1,4
PO,20,0,Bezpieczeństwo Narodowe,na stancji,4,3,2,41,41,18,63,39,2,39,43,31,49,43,25,39,3,7,4,7,5,5,4
PO,19,0,Bezpieczeństwo Narodowe,na stancji,3,3,2,44,44,20,68,41,1,29,48,34,45,58,17,49,1,8,5,6,9,3,7
PO,21,Female,Bezpieczeństwo Narodowe,z rodziną,4,3,2,44,43,18,63,37,2,50,37,30,47,45,13,50,8,4,3,8,7,1,7
PO,19,0,Psychologia,w akademiku,5,5,4,48,51,17,70,39,2,47,43,36,42,43,22,44,6,7,5,5,5,4,6
PO,19,Female,Bezpieczeństwo Narodowe,na stancji,1,1,2,30,38,16,49,42,2,35,42,39,43,30,27,38,2,6,5,7,1,6,2
PO,20,Female,Bezpieczeństwo Narodowe,na stancji,4,4,3,45,48,20,75,48,2,46,50,28,38,48,27,47,6,8,2,5,8,6,6
PO,19,0,Bezpieczeństwo Narodowe,z rodziną,5,4,2,28,33,26,55,31,1,35,21,26,56,50,18,27,2,1,2,9,7,3,1
PO,19,0,Bezpieczeństwo Narodowe,na stancji,4,4,3,33,46,21,70,46,2,41,42,35,49,49,18,40,4,6,5,7,7,3,4
PO,19,0,Bezpieczeństwo Narodowe,na stancji,4,4,4,46,53,19,79,45,1,46,34,38,46,39,33,44,6,4,6,6,3,8,6
PO,19,Female,Bezpieczeństwo Narodowe,na stancji,4,4,5,41,43,21,58,39,2,40,43,32,45,41,27,38,4,6,4,7,5,6,2
PO,19,0,Bezpieczeństwo Narodowe,z rodziną,4,4,4,43,48,24,67,39,2,37,35,39,44,40,20,38,2,4,6,5,4,4,3
PO,19,Female,Bezpieczeństwo Narodowe,z rodziną,4,4,2,41,48,25,59,36,2,41,44,25,42,42,28,41,4,6,1,6,6,7,4
PO,22,Female,Bezpieczeństwo Narodowe,z rodziną,4,2,3,46,43,19,56,38,2,44,33,28,39,46,15,53,5,3,2,5,7,2,8
PO,19,0,Psychologia,na stancji,4,4,3,34,42,28,76,38,2,39,31,29,52,51,12,29,3,3,3,8,8,1,1
PO,20,Female,Bezpieczeństwo Narodowe,na stancji,3,3,4,37,42,25,70,35,1,48,30,30,49,51,19,55,7,2,3,9,9,3,8
PO,19,Female,Bezpieczeństwo Narodowe,w akademiku,4,4,3,43,44,15,59,42,2,47,45,50,25,32,20,46,7,7,8,2,2,4,6
PO,19,0,Bezpieczeństwo Narodowe,na stancji,4,4,3,46,48,14,71,47,2,54,34,49,29,39,33,58,8,4,9,1,3,8,9
PO,19,Female,Bezpieczeństwo Narodowe,na stancji,4,3,3,25,32,14,54,36,2,38,26,36,27,32,25,44,3,2,5,2,2,6,5
PO,21,0,Bezpieczeństwo Narodowe,na stancji,3,3,2,31,44,22,54,40,1,28,32,41,38,32,18,44,1,4,7,3,1,3,6
PO,19,0,Psychologia,na stancji,4,4,4,39,43,18,68,38,2,35,35,43,33,39,25,41,2,4,7,2,3,5,4
PO,19,Female,Bezpieczeństwo Narodowe,na stancji,4,4,3,49,49,8,64,39,1,52,44,38,41,51,15,50,8,6,5,6,9,2,7
PO,19,0,Bezpieczeństwo Narodowe,na stancji,5,4,4,38,32,20,45,34,2,36,33,37,42,38,28,34,2,4,6,5,3,6,2
PO,19,0,Bezpieczeństwo Narodowe,na stancji,4,4,4,47,50,16,68,48,2,41,39,32,43,41,20,44,4,5,4,5,4,4,6
PO,19,0,Bezpieczeństwo Narodowe,na stancji,4,4,4,47,50,16,68,48,2,41,38,32,43,41,20,44,4,5,4,5,4,4,6
PO,21,Female,Bezpieczeństwo Narodowe,na stancji,4,3,3,56,52,15,74,47,1,41,50,29,54,46,30,38,4,8,2,9,7,7,2
PO,19,Female,Bezpieczeństwo Narodowe,na stancji,5,5,5,36,36,16,52,36,2,43,47,38,34,39,21,49,5,7,5,4,5,4,7
PO,23,Female,Psychologia,na stancji,4,3,3,36,43,19,57,43,1,46,34,40,41,40,12,46,6,3,6,6,5,1,6
PO,19,Female,Psychologia,z rodziną,2,2,4,53,52,8,74,41,2,52,52,22,42,50,18,37,8,9,1,6,9,3,2
PO,20,0,Psychologia,na stancji,5,5,4,44,52,18,67,44,1,53,54,31,47,57,11,43,8,9,4,6,9,1,5
PO,19,0,Psychologia,na stancji,4,3,4,51,53,23,66,42,2,53,41,22,53,41,16,50,8,6,1,8,4,2,8
PO,20,0,Bezpieczeństwo Narodowe,z rodziną,5,4,4,40,46,10,62,41,2,39,38,36,42,41,23,35,3,5,5,5,4,5,2
PO,20,0,Bezpieczeństwo Narodowe,na stancji,4,4,2,42,41,19,62,45,2,48,34,20,37,45,12,43,6,4,1,3,6,1,5
PO,20,0,Bezpieczeństwo Narodowe,na stancji,2,3,2,39,44,15,58,23,2,55,45,28,49,54,19,53,9,7,3,7,9,3,8
PO,19,0,Psychologia,na stancji,3,4,4,42,53,10,66,44,2,26,41,36,52,42,17,39,1,6,5,8,5,3,4
PO,20,Female,Bezpieczeństwo Narodowe,na stancji,4,4,3,38,38,9,61,38,2,43,37,34,36,42,19,46,5,4,4,4,6,3,6
PO,19,0,Bezpieczeństwo Narodowe,na stancji,3,3,3,43,54,21,76,48,2,46,45,33,37,43,29,43,6,7,5,3,5,7,5
PO,19,0,Bezpieczeństwo Narodowe,na stancji,5,5,4,45,49,20,74,46,2,50,45,35,46,45,22,47,7,7,5,6,6,4,7
PO,30,Female,Psychologia,w akademiku,4,5,4,58,59,4,83,57,1,54,33,23,33,41,24,56,9,3,1,4,5,5,9
PO,20,Female,Psychologia,na stancji,4,5,4,44,37,10,52,41,2,52,32,34,41,48,21,48,8,3,4,6,8,4,6
PO,19,Female,Psychologia,na stancji,4,4,4,50,50,15,62,45,2,47,30,24,39,47,21,45,7,2,1,5,8,4,5
PO,21,0,Psychologia,mieszkaNO własne,5,5,4,55,48,9,77,47,2,41,35,16,40,45,22,26,4,4,1,4,6,4,1
PO,19,0,Psychologia,z rodziną,5,5,5,49,48,12,62,37,2,38,50,29,48,48,29,43,2,8,3,7,7,7,5
PO,19,0,Bezpieczeństwo Narodowe,z rodziną,4,4,3,40,44,13,75,43,2,43,25,40,45,49,19,39,5,2,7,6,7,3,4
PO,19,Female,Bezpieczeństwo Narodowe,na stancji,4,4,3,52,46,6,78,49,1,40,30,40,22,35,16,54,4,2,6,1,3,2,8
PO,20,0,Bezpieczeństwo Narodowe,na stancji,3,3,5,50,51,9,72,50,1,54,32,28,39,43,18,52,8,4,3,4,5,3,8
PO,20,0,Bezpieczeństwo Narodowe,na stancji,3,3,4,44,53,26,78,53,1,49,37,52,41,34,20,60,7,5,9,4,2,4,9
PO,20,0,Bezpieczeństwo Narodowe,na stancji,4,4,4,36,36,16,52,36,2,46,44,34,51,49,19,39,6,7,5,8,7,3,4
PO,20,Female,Bezpieczeństwo Narodowe,na stancji,3,4,3,40,49,22,64,39,1,38,35,35,34,36,25,40,3,4,4,4,3,6,3
PO,20,0,Bezpieczeństwo Narodowe,na stancji,3,3,3,41,48,17,61,42,2,43,43,34,29,33,10,32,5,7,5,1,1,1,2
PO,19,0,Ekonomia,mieszkaNO własne,5,3,3,46,59,12,81,54,1,42,45,35,46,53,11,38,4,7,5,6,8,1,3
PO,20,Female,Ekonomia,na stancji,4,4,4,54,54,11,61,52,2,42,38,23,33,51,26,48,5,5,1,4,9,6,6
PO,21,Female,Bezpieczeństwo Narodowe,na stancji,3,3,3,40,48,12,61,39,2,44,50,40,37,47,22,54,5,8,6,5,8,5,8
PO,21,0,Dziennikarstwo,na stancji,5,5,3,57,53,15,66,41,2,54,41,28,46,57,15,42,8,6,3,6,9,2,5
PO,20,0,Dziennikarstwo,w akademiku,4,4,4,47,49,13,68,48,2,41,34,38,40,43,20,44,4,4,6,4,5,4,6
PO,20,0,Dziennikarstwo,na stancji,4,4,2,33,36,16,60,38,1,55,45,27,42,45,15,37,9,7,3,5,6,2,3
PO,27,0,Dziennikarstwo,na stancji,3,2,4,43,46,13,55,24,1,44,33,30,53,48,24,42,5,4,4,8,7,5,5
PO,19,0,Dziennikarstwo,na stancji,3,2,3,46,50,17,70,42,1,48,53,33,48,56,16,38,6,9,5,7,9,2,3
PO,19,0,Dziennikarstwo,mieszkaNO własne,5,5,3,37,46,21,68,43,2,43,40,16,54,58,21,43,5,6,1,9,9,4,5
PO,20,0,Bezpieczeństwo Narodowe,na stancji,4,4,4,46,53,13,80,53,1,42,38,23,39,50,16,46,4,5,1,4,7,2,6
PO,20,Female,Bezpieczeństwo Narodowe,na stancji,3,4,3,40,46,22,64,44,2,44,36,31,47,46,16,45,5,4,3,8,7,2,5
PO,19,0,Dziennikarstwo,na stancji,3,3,3,36,43,23,77,39,2,47,40,27,58,59,16,33,6,6,3,9,9,2,2
PO,19,0,Dziennikarstwo,w akademiku,3,3,4,42,53,23,75,46,1,56,47,43,44,52,19,49,9,8,7,5,8,3,7
PO,17,0,Dziennikarstwo,w akademiku,3,3,3,42,43,27,56,40,1,40,42,33,45,41,27,38,3,6,5,6,4,6,3
PO,23,0,Dziennikarstwo,na stancji,3,3,3,53,35,9,78,35,1,57,48,31,31,52,14,48,9,8,4,2,8,1,7
PO,19,0,Dziennikarstwo,na stancji,4,5,4,48,59,27,75,43,2,40,41,27,50,44,28,38,3,6,3,7,5,6,3
PO,19,0,Dziennikarstwo,na stancji,4,4,4,34,47,12,74,43,2,48,45,41,41,46,18,32,6,7,7,4,6,3,2
PO,19,0,Dziennikarstwo,na stancji,4,3,3,39,45,16,77,53,1,55,48,38,31,41,12,52,9,8,6,2,4,1,8
PO,19,0,Dziennikarstwo,z rodziną,3,4,4,46,54,23,67,41,1,40,49,29,52,45,28,35,3,8,3,8,6,6,2
PO,19,0,Dziennikarstwo,na stancji,5,5,4,51,55,16,75,51,2,42,32,37,43,47,16,48,4,4,6,5,6,2,7
PO,20,Female,Dziennikarstwo,z rodziną,4,4,4,59,61,11,73,55,1,46,44,42,37,52,32,45,6,6,6,5,9,8,5
PO,23,Female,Dziennikarstwo,z rodziną,3,2,4,43,44,19,59,31,1,39,40,24,43,44,13,47,4,5,1,7,7,1,6
PO,19,0,Dziennikarstwo,na stancji,4,4,4,54,53,17,84,45,2,43,37,26,51,51,12,40,5,5,2,8,8,1,4
PO,19,0,Dziennikarstwo,z rodziną,4,4,3,39,46,20,80,52,2,37,27,31,48,54,17,47,2,2,4,7,9,3,7
PO,19,0,Dziennikarstwo,z rodziną,4,4,3,46,43,22,78,41,1,58,49,39,47,48,21,43,9,8,6,6,7,4,5
PO,19,0,Dziennikarstwo,na stancji,4,4,3,47,57,25,88,54,2,53,27,27,46,49,13,32,8,2,3,6,7,1,2
PO,19,0,Dziennikarstwo,na stancji,3,3,4,40,57,12,68,43,2,54,46,31,23,36,20,34,8,7,4,1,2,4,2
PO,17,Female,Dziennikarstwo,w akademiku,4,4,5,54,61,15,89,55,1,48,45,23,39,43,25,52,7,7,1,5,6,6,7
PO,20,Female,Dziennikarstwo,z rodziną,3,3,3,36,49,18,44,41,2,40,40,23,39,43,14,37,4,5,1,5,6,2,2
PO,19,Female,Dziennikarstwo,na stancji,5,5,4,55,51,7,74,55,2,42,33,35,27,49,15,29,5,3,4,2,8,2,1
PO,17,0,Dziennikarstwo,w akademiku,3,3,4,50,57,23,85,50,2,53,50,41,44,37,30,50,8,8,7,5,3,7,8
PO,19,0,Dziennikarstwo,na stancji,4,3,4,44,52,18,64,40,2,44,36,33,40,45,20,35,5,5,5,4,6,4,2
PO,20,0,Dziennikarstwo,z rodziną,4,4,4,45,53,15,73,44,2,45,43,34,47,51,22,29,5,7,5,6,8,4,1
PO,19,Female,Bezpieczeństwo Narodowe,na stancji,4,5,4,36,36,16,52,36,1,40,42,33,45,41,27,38,4,6,4,7,5,6,2
PO,19,Female,Dziennikarstwo,na stancji,4,3,3,40,50,22,73,46,2,45,43,26,49,47,16,40,6,6,2,9,8,2,3
PO,18,0,Dziennikarstwo,w akademiku,3,3,4,45,51,24,61,39,2,37,43,36,39,38,28,35,2,7,5,4,3,6,2
PO,20,0,Dziennikarstwo,w akademiku,4,4,3,32,58,11,75,44,2,37,33,27,43,43,12,22,2,4,3,5,5,1,1
PO,20,0,Dziennikarstwo,na stancji,4,4,4,38,50,14,70,48,2,41,23,31,49,54,14,43,4,1,4,7,9,1,5
PO,19,0,Dziennikarstwo,na stancji,3,3,4,51,52,16,78,43,1,41,44,29,47,53,17,41,4,7,3,6,8,3,4
PO,20,0,Dziennikarstwo,na stancji,4,3,4,47,51,22,76,49,2,44,32,26,45,44,21,49,5,4,2,6,5,4,7
PO,21,Female,Bezpieczeństwo Narodowe,na stancji,5,5,3,38,40,15,53,38,2,38,41,33,39,41,25,40,3,6,4,5,5,6,3
PO,21,Female,Bezpieczeństwo Narodowe,z rodziną,4,4,4,52,51,9,70,39,2,36,31,37,30,38,21,39,3,3,5,3,4,4,3
PO,19,0,Dziennikarstwo,na stancji,4,3,3,37,35,18,52,36,2,39,41,38,40,38,26,39,3,6,6,4,3,6,4
PO,21,0,Ekonomia,w akademiku,1,2,3,39,46,16,70,48,2,57,24,32,55,55,10,35,9,2,4,9,9,1,2
PO,20,Female,Bezpieczeństwo Narodowe,w akademiku,3,3,3,43,51,20,75,43,2,43,41,45,34,48,12,44,5,6,7,4,8,1,5
PO,20,Female,Bezpieczeństwo Narodowe,na stancji,4,3,3,33,26,19,47,17,2,40,43,33,45,41,27,38,4,6,4,7,5,6,2
PO,20,0,Bezpieczeństwo Narodowe,na stancji,5,5,3,47,45,21,63,39,2,39,44,33,47,39,30,39,3,7,5,6,3,7,4
PO,21,Female,Bezpieczeństwo Narodowe,z rodziną,3,1,4,48,42,10,57,39,1,41,44,37,32,43,18,47,4,6,5,3,6,3,6
PO,19,Female,Bezpieczeństwo Narodowe,na stancji,3,3,3,48,45,13,62,46,2,42,44,31,37,38,20,47,5,6,3,5,4,4,6
PO,19,Female,Bezpieczeństwo Narodowe,z rodziną,4,4,3,38,40,22,49,30,1,36,28,43,32,36,18,38,3,2,7,3,3,3,2
PO,19,Female,Ekonomia,na stancji,3,3,3,39,39,16,52,36,2,39,34,30,43,47,22,41,4,3,3,7,8,5,4
PO,19,Female,Bezpieczeństwo Narodowe,w akademiku,4,5,4,49,45,5,55,31,2,45,55,24,60,48,31,39,6,9,1,9,8,8,3
PO,23,Female,Psychologia,na stancji,2,3,4,51,43,4,59,32,1,38,22,44,19,39,13,37,3,1,7,1,5,1,2
PO,19,0,Pedagogika,z rodziną,2,1,5,62,63,24,80,45,1,39,38,32,49,53,11,33,3,5,4,7,8,1,2
PO,20,0,Pedagogika,na stancji,3,3,4,40,55,28,82,50,2,43,36,50,53,49,10,44,5,5,9,8,7,1,6
PO,20,0,Dziennikarstwo,na stancji,3,3,3,51,47,15,69,41,1,51,45,48,38,47,20,43,7,7,9,3,6,4,5
PO,21,0,Dziennikarstwo,na stancji,3,3,2,39,43,27,61,36,2,47,40,38,49,48,15,45,6,6,6,7,7,2,6
PO,20,Female,Dziennikarstwo,z rodziną,3,3,4,60,57,10,73,54,2,35,32,30,36,45,10,44,2,3,3,4,7,1,5
PO,21,0,Dziennikarstwo,w akademiku,3,3,3,43,59,20,83,45,1,44,43,23,40,39,15,40,5,7,1,4,3,2,4
PO,28,0,Dziennikarstwo,na stancji,2,3,4,51,47,18,63,37,1,42,31,35,33,40,26,30,4,3,5,2,4,6,1
PO,20,0,Pedagogika,z rodziną,4,4,3,38,25,8,61,37,2,51,48,46,44,49,14,43,7,8,8,5,7,1,5
PO,20,0,Pedagogika,na stancji,3,5,4,57,53,17,66,36,1,55,48,26,37,39,26,42,9,8,2,3,3,6,5
PO,19,0,Pedagogika,z rodziną,4,3,4,47,53,21,76,50,2,50,28,34,48,49,28,52,7,3,5,7,7,6,8
PO,19,0,Pedagogika,na stancji,3,3,4,52,54,23,80,51,2,45,33,40,37,44,10,39,5,4,7,3,5,1,4
PO,20,0,Pedagogika,na stancji,3,3,4,43,55,20,83,52,2,46,50,28,41,53,20,39,6,8,3,4,8,4,4
PO,20,0,Dziennikarstwo,na stancji,4,4,4,52,52,19,67,39,2,42,44,31,55,43,30,39,4,7,4,9,5,7,4
PO,20,0,Dziennikarstwo,z rodziną,4,4,3,39,46,26,85,45,1,47,47,16,59,57,15,30,6,8,1,9,9,2,1
PO,17,0,Dziennikarstwo,w akademiku,2,2,3,32,42,28,70,41,2,43,42,34,46,45,26,36,5,6,5,6,6,6,3
PO,22,Female,Dziennikarstwo,z rodziną,4,4,3,52,50,8,65,48,1,45,42,36,33,37,36,53,6,6,5,4,4,9,8
PO,20,Female,Dziennikarstwo,w akademiku,4,3,4,49,50,13,64,42,1,40,32,45,32,37,21,43,4,3,7,3,4,4,4
PO,19,0,Pedagogika,na stancji,4,2,4,48,53,11,87,39,2,48,28,37,37,43,26,44,6,3,6,3,5,6,6
PO,20,0,Pedagogika,na stancji,4,3,4,48,52,6,78,24,2,32,48,36,41,56,15,50,1,8,5,4,9,2,8
PO,19,0,Pedagogika,na stancji,3,3,3,43,46,20,69,41,2,41,43,36,38,52,21,39,4,7,5,3,8,4,4
PO,19,0,Pedagogika,na stancji,3,4,5,61,59,12,78,52,2,47,28,32,46,54,15,36,6,3,4,6,9,2,3
PO,19,0,Pedagogika,w akademiku,2,3,4,46,53,19,68,49,2,56,44,26,41,46,26,48,9,7,2,4,6,6,7
PO,19,0,Pedagogika,na stancji,5,5,3,42,46,18,75,48,2,42,36,22,44,46,16,51,4,5,1,5,6,2,8
PO,21,0,Pedagogika,na stancji,2,3,4,42,45,6,57,34,2,35,31,31,41,42,27,23,2,3,4,4,5,6,1
PO,19,0,Pedagogika,na stancji,4,5,3,31,51,20,74,35,1,51,41,33,36,45,23,40,7,6,5,3,6,5,4
PO,19,0,Pedagogika,na stancji,3,3,4,48,53,16,70,37,2,48,47,31,36,46,19,33,6,8,4,3,6,3,2
PO,20,0,Pedagogika,na stancji,4,4,4,43,50,24,75,41,2,40,26,19,56,59,17,35,3,2,1,9,9,3,2
PRZED,21,0,Pedagogika,w akademiku,4,4,4,56,50,19,82,45,2,38,39,43,43,49,13,57,2,5,7,5,7,1,9
PRZED,19,0,Pedagogika,z rodziną,3,3,4,43,47,14,68,41,2,49,31,21,44,47,19,42,7,3,1,5,6,3,5
PRZED,19,0,Pedagogika,na stancji,4,3,3,45,50,16,65,50,2,41,41,40,41,43,21,38,4,6,7,4,5,4,3
PRZED,19,0,Pedagogika,na stancji,3,3,3,39,41,11,50,39,2,44,42,40,39,42,20,38,5,6,7,4,5,4,3
PRZED,20,0,Pedagogika,na stancji,4,4,5,45,44,9,66,39,2,47,36,30,44,47,24,43,6,5,4,5,6,5,5
PRZED,21,0,Pedagogika,w akademiku,3,2,3,34,37,14,60,37,2,43,26,30,50,38,14,35,5,2,4,7,3,1,2
PRZED,19,0,Pedagogika,na stancji,3,3,4,44,50,6,73,45,2,42,27,34,48,40,10,38,4,2,5,7,4,1,3
PRZED,20,0,Pedagogika,na stancji,4,4,4,43,52,20,79,52,1,44,43,20,50,51,14,36,5,7,1,7,8,1,3
PRZED,19,0,Pedagogika,z rodziną,4,4,4,45,52,14,66,42,2,50,37,47,36,36,23,50,7,5,9,3,2,5,8
PRZED,21,0,Lingwistyka Stosowana,na stancji,3,3,3,45,52,5,62,43,2,31,31,53,23,40,11,42,1,3,9,1,4,1,5
PRZED,19,0,Pedagogika,na stancji,3,3,4,44,48,15,70,51,2,40,32,25,46,44,18,43,3,4,2,6,5,3,5
PRZED,20,0,Lingwistyka Stosowana,z rodziną,5,4,4,52,57,6,84,55,2,51,57,54,24,56,17,29,7,9,9,1,9,3,1
PRZED,19,0,Lingwistyka Stosowana,mieszkaNO własne,5,5,4,45,52,25,73,33,1,48,48,20,50,57,20,36,6,8,1,7,9,4,3
PRZED,19,0,Lingwistyka Stosowana,na stancji,3,4,4,43,57,13,62,43,2,23,39,53,16,25,29,29,1,5,9,1,1,7,1
PRZED,20,0,ZarządzaNO,z rodziną,1,2,4,50,52,19,76,51,1,43,52,44,25,46,10,48,5,9,8,1,6,1,7
PRZED,19,0,Lingwistyka Stosowana,na stancji,3,3,4,44,55,17,86,61,2,53,42,27,53,51,19,47,8,6,3,8,8,3,7
PRZED,18,0,ZarządzaNO,w akademiku,4,3,3,47,52,21,66,44,2,36,45,29,51,41,20,39,2,7,3,8,4,4,4
PRZED,19,0,Lingwistyka Stosowana,na stancji,4,4,3,34,41,22,60,31,2,43,41,21,52,49,16,42,5,6,1,8,7,2,5
PRZED,23,Female,ZarządzaNO,na stancji,3,2,3,42,48,22,66,45,2,55,21,41,42,56,25,30,9,1,6,6,9,6,1
PRZED,19,0,Pedagogika,na stancji,4,4,4,43,59,23,80,45,2,53,46,27,51,52,21,38,8,7,3,8,8,4,3
PRZED,20,0,ZarządzaNO,z rodziną,4,4,3,43,48,22,82,52,1,44,46,37,45,43,11,50,5,7,6,6,5,1,8
PRZED,20,Female,ZarządzaNO,na stancji,4,3,2,41,50,27,51,39,2,37,40,44,33,48,14,49,3,5,7,4,8,2,7
PRZED,19,0,ZarządzaNO,na stancji,5,5,4,34,46,20,74,49,2,45,41,40,45,50,34,44,5,6,7,6,7,8,6
PRZED,20,0,Hispanistyka,na stancji,3,3,2,51,61,24,81,41,2,40,39,32,49,51,21,36,3,5,4,7,8,4,3
PRZED,21,0,Hispanistyka,na stancji,2,3,3,49,52,8,73,33,1,38,35,25,29,37,12,30,2,4,2,1,3,1,1
PRZED,19,Female,Hispanistyka,na stancji,5,4,5,40,41,17,56,37,2,39,51,25,55,44,29,38,4,8,1,9,7,7,2
PRZED,23,Female,Hispanistyka,z rodziną,5,5,4,44,45,20,62,40,1,40,44,33,44,41,27,38,4,6,4,7,5,6,2
PRZED,21,0,Hispanistyka,na stancji,4,4,4,58,60,8,77,55,2,53,23,49,48,55,34,57,8,1,9,7,9,8,9
PRZED,21,0,Hispanistyka,na stancji,3,3,4,42,58,7,81,51,2,51,29,44,38,41,21,50,7,3,8,3,4,4,8
PRZED,23,0,Hispanistyka,na stancji,5,5,5,53,53,9,80,55,2,52,50,43,49,56,23,49,8,8,7,7,9,5,7
PRZED,19,0,Hispanistyka,na stancji,4,4,4,48,47,21,68,37,2,37,38,31,46,35,26,40,2,5,4,6,2,6,4
PRZED,22,Female,Hispanistyka,na stancji,3,3,2,45,44,14,62,35,2,36,33,30,44,41,29,40,3,3,3,7,5,7,3
PRZED,19,0,Hispanistyka,na stancji,4,4,4,40,56,18,86,48,1,47,38,24,47,55,15,40,6,5,2,6,9,2,4
PRZED,19,0,Hispanistyka,w akademiku,4,4,3,54,57,18,82,52,2,39,36,31,45,53,17,44,3,5,4,6,8,3,6
PRZED,20,0,Lingwistyka Stosowana,z rodziną,5,5,4,45,57,21,83,59,2,46,49,35,37,48,17,38,6,8,5,3,7,3,3
PRZED,19,0,Hispanistyka,na stancji,5,5,3,43,52,17,69,40,2,43,48,43,44,50,13,48,5,8,7,5,7,1,7
PRZED,18,0,Hispanistyka,w akademiku,2,2,3,36,44,23,71,36,2,34,32,26,55,49,22,36,1,4,2,9,7,4,3
PRZED,19,Female,Hispanistyka,na stancji,3,2,2,28,51,24,64,28,2,46,52,27,43,55,16,40,6,9,2,7,9,2,3
PRZED,19,0,Hispanistyka,mieszkaNO własne,4,4,4,42,55,14,71,48,2,42,36,39,45,48,13,39,4,5,6,6,7,1,4
PRZED,20,Female,Hispanistyka,z rodziną,5,5,5,61,56,8,78,54,2,52,45,45,27,33,27,44,8,7,7,2,2,6,5
PRZED,20,Female,Hispanistyka,z rodziną,5,5,5,61,56,8,78,54,2,52,43,45,27,33,27,44,8,6,7,2,2,6,5
PRZED,22,0,Hispanistyka,na stancji,4,4,3,50,57,27,86,43,1,60,36,18,49,42,16,53,9,5,1,7,5,2,8
PRZED,22,0,Hispanistyka,z rodziną,5,4,3,54,58,6,66,47,1,59,38,18,47,54,19,56,9,5,1,6,9,3,9
PRZED,20,Female,Hispanistyka,z rodziną,4,4,3,58,61,12,88,57,1,30,52,34,37,42,10,49,1,9,4,5,6,1,7
PRZED,22,0,Hispanistyka,z rodziną,3,3,4,47,61,12,83,53,2,43,51,31,33,44,11,36,5,8,4,2,5,1,3
PRZED,19,0,Hispanistyka,z rodziną,3,2,3,56,60,21,88,41,2,43,37,27,47,51,24,26,5,5,3,6,8,5,1
PRZED,20,0,Hispanistyka,w akademiku,4,4,3,55,60,20,78,48,2,43,37,22,45,44,11,30,5,5,1,6,5,1,1
PRZED,22,0,Hispanistyka,w akademiku,4,4,4,53,58,15,65,36,2,40,36,24,52,55,12,34,3,5,2,8,9,1,2
PRZED,21,0,Hispanistyka,w akademiku,4,5,4,49,57,27,83,49,2,46,33,20,44,59,21,41,6,4,1,5,9,4,4
PRZED,20,0,Pedagogika,na stancji,5,4,3,41,52,20,61,40,2,44,45,29,43,46,20,43,5,7,3,5,6,4,5
PRZED,19,Female,ZarządzaNO,na stancji,4,4,4,39,50,9,74,40,2,53,33,45,28,46,20,51,8,3,7,2,7,4,7
PRZED,20,0,Pedagogika,na stancji,4,3,3,42,60,24,84,43,1,43,48,27,52,52,16,34,5,8,3,8,8,2,2
PRZED,19,0,ZarządzaNO,na stancji,3,4,4,41,48,17,76,43,2,40,39,29,42,45,28,43,3,5,3,5,6,6,5
PRZED,20,0,Pedagogika,z rodziną,3,3,3,42,55,24,75,43,2,38,39,31,54,47,25,31,2,5,4,9,6,5,1
PRZED,20,0,Teologia,w akademiku,4,4,4,58,60,11,59,36,1,47,38,41,34,49,15,50,6,5,7,2,7,2,8
PRZED,32,0,Teologia,z rodziną,4,4,4,46,53,19,68,42,1,50,38,39,37,46,24,51,7,5,6,3,6,5,8
PRZED,22,0,Teologia,na stancji,4,3,2,36,42,15,66,27,2,38,49,20,51,49,34,45,2,8,1,8,7,8,6
PRZED,35,Female,Teologia,z rodziną,3,4,4,54,55,8,62,47,1,47,34,50,20,26,22,46,7,3,8,1,1,5,6
PRZED,23,Female,Teologia,na stancji,4,3,4,50,50,7,65,50,1,44,44,43,19,37,24,49,5,6,7,1,4,5,7
PRZED,24,Female,Teologia,na stancji,3,3,4,55,52,10,53,41,1,49,26,44,27,28,13,55,7,2,7,2,1,1,8
PRZED,21,0,Teologia,na stancji,4,4,3,32,52,20,60,35,1,42,37,46,44,47,13,41,4,5,8,5,6,1,4
PRZED,20,0,Pedagogika,na stancji,5,5,4,45,52,22,74,45,2,47,44,27,43,46,18,39,6,7,3,5,6,3,4
PRZED,19,0,Pedagogika,na stancji,4,4,3,51,54,26,75,39,1,42,35,43,46,46,28,47,4,4,7,6,6,6,7
PRZED,19,0,Pedagogika,na stancji,4,3,4,48,51,9,66,48,1,39,39,29,40,40,23,44,3,5,3,4,4,5,6
PRZED,19,0,Pedagogika,na stancji,3,4,4,53,62,21,71,49,2,44,22,19,47,50,19,35,5,1,1,6,7,3,2
PRZED,19,0,Pedagogika,na stancji,4,4,3,38,52,19,58,43,2,39,34,41,43,42,20,33,3,4,7,5,5,4,2
PRZED,19,0,Pedagogika,na stancji,4,4,4,39,47,16,63,43,2,45,39,24,44,50,20,51,5,5,2,5,7,4,8
PRZED,23,0,ZarządzaNO,na stancji,4,3,4,47,47,15,81,53,1,54,44,29,45,42,28,45,8,7,3,6,5,6,6
PRZED,17,0,Lingwistyka Stosowana,w akademiku,3,2,3,48,58,16,71,47,2,43,40,42,42,38,24,47,5,6,7,5,3,5,7
PRZED,19,0,ZarządzaNO,na stancji,3,3,3,40,54,15,75,43,1,39,44,35,44,46,17,39,3,7,5,5,6,3,4
PRZED,19,0,Filologia Germańska,na stancji,5,5,3,37,53,23,60,38,2,35,28,25,50,56,18,34,2,3,2,7,9,3,2
PRZED,21,0,ZarządzaNO,na stancji,4,5,4,48,53,12,80,49,2,50,43,36,40,42,25,46,7,7,5,4,5,5,6
PRZED,20,Female,Filologia Germańska,na stancji,5,5,4,54,60,13,74,56,2,46,34,42,32,35,23,51,6,3,6,3,3,5,7
PRZED,17,0,Lingwistyka Stosowana,w akademiku,4,3,3,43,54,24,77,44,2,39,44,38,43,45,29,39,3,7,6,5,6,7,4
PRZED,19,0,Lingwistyka Stosowana,w akademiku,2,1,3,36,51,28,83,46,2,45,26,22,59,56,12,35,5,2,1,9,9,1,2
PRZED,19,0,Filologia Polska,z rodziną,3,2,4,41,46,18,76,48,2,59,28,17,53,58,35,51,9,3,1,8,9,9,8
PRZED,20,0,Lingwistyka Stosowana,na stancji,4,5,4,42,58,22,66,41,2,53,35,25,42,37,13,41,8,4,2,5,3,1,4
PRZED,22,0,Teologia,na stancji,2,2,4,46,48,9,65,36,2,51,44,36,28,23,19,37,7,7,5,1,1,3,3
PRZED,19,0,ZarządzaNO,na stancji,3,3,3,39,56,12,80,39,2,48,27,29,45,41,21,37,6,2,3,6,4,4,3
PRZED,20,0,Pedagogika,z rodziną,5,5,4,37,54,28,70,50,2,52,43,15,50,54,28,44,8,7,1,7,9,6,6
PRZED,19,0,ZarządzaNO,na stancji,2,2,2,34,46,10,55,41,2,49,40,33,43,53,12,51,7,6,5,5,8,1,8
PRZED,21,0,Socjologia,na stancji,4,4,3,42,39,12,54,36,1,41,39,47,23,29,14,44,4,5,9,1,1,1,6
PRZED,23,0,Filologia Germańska,na stancji,4,4,4,62,58,4,88,59,1,54,46,25,48,56,16,44,8,7,2,7,9,2,6
PRZED,20,0,Socjologia,z rodziną,2,2,3,40,49,24,63,46,2,43,25,19,52,52,20,36,5,2,1,8,8,4,3
PRZED,28,0,Socjologia,z rodziną,3,3,4,54,58,26,78,44,1,46,29,39,51,49,31,51,6,3,6,8,7,8,8
PRZED,22,0,Filologia Germańska,na stancji,2,3,4,46,62,16,85,63,2,54,34,48,36,51,18,47,8,4,9,3,8,3,7
PRZED,20,0,Socjologia,na stancji,4,4,4,36,36,16,52,36,2,40,43,33,45,41,27,38,3,7,5,6,4,6,3
PRZED,21,0,Socjologia,z rodziną,3,3,2,44,45,18,75,44,2,44,39,25,46,51,15,36,5,5,2,6,8,2,3
PRZED,17,Female,ZarządzaNO,w akademiku,3,4,3,47,41,5,44,34,1,42,42,43,28,35,21,31,5,6,7,2,3,4,1
PRZED,20,0,Filologia Germańska,na stancji,4,4,4,46,53,6,49,35,2,41,28,25,50,43,12,50,4,3,2,7,5,1,8
PRZED,19,0,Filologia Germańska,na stancji,1,3,4,51,52,24,81,53,2,50,40,19,59,46,15,29,7,6,1,9,6,2,1
PRZED,19,0,Lingwistyka Stosowana,w akademiku,2,2,3,26,43,28,73,35,2,57,27,20,59,60,13,29,9,2,1,9,9,1,1
PRZED,20,0,Lingwistyka Stosowana,z rodziną,3,3,3,42,48,25,75,49,2,54,36,18,57,58,12,37,8,5,1,9,9,1,3
PRZED,19,0,Socjologia,na stancji,3,3,4,38,46,19,68,41,2,36,31,24,33,47,23,43,2,3,2,2,6,5,5
PRZED,29,0,Lingwistyka Stosowana,mieszkaNO własne,5,4,4,59,57,14,73,53,1,55,46,28,41,44,20,49,9,7,3,4,5,4,7
PRZED,21,0,ZarządzaNO,na stancji,4,4,4,43,53,13,69,48,2,49,41,38,36,47,24,51,7,6,6,3,6,5,8
PRZED,20,0,Filologia Germańska,w akademiku,5,4,3,40,57,15,77,51,2,42,33,32,50,49,21,38,4,4,4,7,7,4,3
PRZED,19,0,Lingwistyka Stosowana,na stancji,4,4,4,41,49,15,58,42,2,43,29,37,49,42,26,48,5,3,6,7,5,6,7
PRZED,18,Female,Filologia Germańska,w akademiku,2,4,4,49,52,15,68,45,2,43,39,31,32,38,27,43,5,5,3,3,4,6,4
PRZED,20,0,Pedagogika,na stancji,4,4,4,41,46,18,60,45,2,44,38,38,44,40,20,43,5,5,6,5,4,4,5
PRZED,20,Female,ZarządzaNO,,4,3,3,36,48,16,62,43,2,44,27,35,44,42,14,45,5,2,4,7,6,2,5
PRZED,20,0,Socjologia,na stancji,5,5,4,41,50,17,71,47,2,45,39,33,42,47,20,35,5,5,5,5,6,4,2
PRZED,19,0,Filologia Germańska,z rodziną,4,4,4,52,57,12,76,52,2,45,33,35,40,49,33,45,5,4,5,4,7,8,6
PRZED,21,Female,ZarządzaNO,z rodziną,4,4,4,58,55,12,67,51,1,49,39,46,21,39,20,56,7,5,8,1,5,4,9
PRZED,20,Female,ZarządzaNO,na stancji,4,4,2,37,47,17,64,37,1,35,36,43,48,49,20,38,2,4,7,8,8,4,2
PRZED,21,0,Biotechnologia,na stancji,5,5,4,45,51,12,76,46,2,43,47,26,49,45,21,38,5,8,2,7,6,4,3
PRZED,19,0,ZarządzaNO,na stancji,3,3,4,46,60,26,77,50,1,55,46,25,40,50,20,41,9,7,2,4,7,4,4
PRZED,23,0,Biotechnologia,na stancji,4,2,3,50,51,10,72,54,1,51,34,38,24,42,21,53,7,4,6,1,5,4,8
PRZED,19,0,Biotechnologia,na stancji,5,5,4,33,50,14,69,43,2,46,42,32,59,44,20,56,6,6,4,9,5,4,9
PRZED,21,Female,Inne,na stancji,4,4,2,49,50,9,61,41,2,54,34,30,25,41,15,53,9,3,3,2,5,2,8
PRZED,20,Female,Teologia,na stancji,3,3,3,43,47,16,64,43,2,41,32,40,42,43,22,36,4,3,6,6,6,5,2
PRZED,19,0,Pedagogika,z rodziną,4,2,4,40,50,14,74,46,1,46,44,47,38,42,28,45,6,7,9,3,5,6,6
PRZED,19,0,ZarządzaNO,w akademiku,3,2,4,39,52,21,71,50,2,55,32,39,50,47,23,45,9,4,6,7,6,5,6
PRZED,20,0,ZarządzaNO,z rodziną,4,4,3,37,43,27,74,36,2,46,36,17,47,54,15,29,6,5,1,6,9,2,1
PRZED,19,0,Filologia Germańska,z rodziną,5,5,2,23,52,25,71,39,2,43,32,19,55,59,19,28,5,4,1,9,9,3,1
PRZED,21,0,Socjologia,na stancji,3,4,3,40,38,12,54,31,2,47,33,26,50,52,19,35,6,4,2,7,8,3,2
PRZED,57,Female,Inne,na stancji,3,5,4,59,62,4,82,58,2,45,19,43,21,27,35,51,6,1,7,1,1,9,7
PRZED,25,0,Filologia Germańska,na stancji,3,3,4,43,46,13,65,40,1,53,29,17,53,58,23,27,8,3,1,8,9,5,1
PRZED,20,0,Socjologia,na stancji,4,4,3,39,42,14,55,40,2,55,24,37,44,43,16,40,9,2,6,5,5,2,4
PRZED,19,0,Hispanistyka,w akademiku,5,5,4,49,53,14,76,49,2,55,48,41,36,42,14,40,9,8,7,3,5,1,4
PRZED,17,0,Filologia Polska,w akademiku,4,4,4,43,46,19,59,37,1,37,46,36,39,35,20,38,2,7,5,4,2,4,3
PRZED,20,0,Socjologia,na stancji,3,3,3,44,46,12,66,39,2,40,34,33,50,44,10,37,3,4,5,7,5,1,3
PRZED,19,0,Pedagogika,na stancji,5,5,3,44,55,17,77,51,2,53,40,45,52,57,27,48,8,6,8,8,9,6,7
PRZED,20,0,Socjologia,na stancji,2,3,4,51,54,20,71,46,1,47,42,24,54,54,21,33,6,6,2,9,9,4,2
PRZED,20,0,Filologia Polska,w akademiku,3,3,4,45,53,20,77,37,2,35,34,20,44,40,15,26,2,4,1,5,4,2,1
PRZED,20,Female,Filologia Polska,na stancji,4,3,3,36,59,18,70,45,2,52,37,50,42,45,16,31,8,4,8,6,7,2,1
PRZED,19,0,Socjologia,,3,3,2,37,41,21,61,30,2,26,46,47,22,30,34,34,1,7,9,1,1,8,2
PRZED,19,Female,Filologia Germańska,na stancji,4,4,4,50,50,4,75,56,2,42,26,26,39,55,13,39,5,2,2,5,9,1,3
PRZED,21,Female,Socjologia,na stancji,3,2,3,39,39,20,58,38,2,38,34,39,29,34,22,39,3,3,5,2,3,5,3
PRZED,17,Female,ZarządzaNO,w akademiku,2,2,3,32,29,13,45,32,2,40,40,34,41,42,26,40,4,5,4,6,6,6,3
PRZED,21,Female,Socjologia,z rodziną,5,4,4,57,61,9,81,53,2,53,45,46,21,52,21,55,8,7,8,1,9,4,8
PRZED,19,0,Socjologia,na stancji,3,3,3,36,48,16,65,42,2,43,43,31,42,44,29,42,5,7,4,5,5,7,5
PRZED,19,0,ZarządzaNO,na stancji,5,4,3,35,41,18,73,34,2,42,34,48,34,46,10,50,4,4,9,2,6,1,8
PRZED,20,0,Socjologia,na stancji,4,4,2,50,47,10,79,46,2,41,25,21,43,52,30,53,4,2,1,5,8,7,8
PRZED,23,0,Pedagogika,z rodziną,4,4,4,53,59,17,64,47,2,34,33,31,50,49,19,45,1,4,4,7,7,3,6
PRZED,20,0,Socjologia,na stancji,5,3,4,36,40,21,62,40,1,50,34,15,57,59,13,33,7,4,1,9,9,1,2
PRZED,19,0,ZarządzaNO,na stancji,3,3,3,45,51,22,72,48,2,53,45,27,48,49,24,39,8,7,3,7,7,5,4
PRZED,20,0,ZarządzaNO,na stancji,3,3,3,40,45,19,67,42,2,39,39,29,38,47,21,45,3,5,3,3,6,4,6
PRZED,18,Female,ZarządzaNO,w akademiku,4,4,4,53,48,21,68,41,2,37,37,39,41,37,25,44,3,4,5,6,4,6,5
PRZED,19,0,ZarządzaNO,z rodziną,3,3,4,48,49,20,69,52,1,41,35,37,42,37,23,40,4,4,6,5,3,5,4
PRZED,21,Female,Socjologia,z rodziną,2,3,3,50,41,16,58,40,2,47,21,17,47,50,13,41,7,1,1,8,9,1,4
PRZED,17,Female,ZarządzaNO,w akademiku,4,3,3,43,43,15,64,36,2,41,40,39,42,42,25,41,4,5,5,6,6,6,4
PRZED,21,0,ZarządzaNO,na stancji,3,3,3,36,38,25,73,35,2,41,37,36,59,57,10,29,4,5,5,9,9,1,1
PRZED,19,0,ZarządzaNO,z rodziną,3,3,3,36,53,14,63,37,2,42,24,28,55,53,38,38,4,2,3,9,8,9,3
PRZED,18,Female,ZarządzaNO,w akademiku,3,2,5,57,59,6,78,55,2,37,48,43,31,42,23,48,3,8,7,3,6,5,6
PRZED,20,0,ZarządzaNO,na stancji,5,5,1,42,50,10,66,30,1,51,38,35,41,48,15,41,7,5,5,4,7,2,4
PRZED,19,0,ZarządzaNO,na stancji,4,4,4,53,56,21,79,53,1,51,45,24,49,50,24,43,7,7,2,7,7,5,5
PRZED,17,0,ZarządzaNO,w akademiku,3,3,3,46,54,16,72,46,2,40,48,44,35,41,22,53,3,8,8,2,4,4,8
PRZED,20,Female,ZarządzaNO,na stancji,3,3,3,43,42,22,75,30,1,42,52,34,40,46,14,44,5,9,4,6,7,2,5
PRZED,19,Female,ZarządzaNO,z rodziną,3,3,3,40,37,13,64,44,2,35,46,40,29,44,12,50,2,7,6,2,7,1,7
PRZED,17,Female,ZarządzaNO,w akademiku,4,3,3,51,62,28,45,38,2,50,47,37,34,37,32,44,8,7,5,4,4,8,5
PRZED,19,0,Pedagogika,z rodziną,4,4,3,33,53,28,84,57,1,51,52,39,55,51,17,56,7,9,6,9,8,3,9
PRZED,19,0,ZarządzaNO,z rodziną,4,3,3,32,44,16,70,50,2,51,47,39,47,53,19,47,7,8,6,6,8,3,7
PRZED,19,0,ZarządzaNO,na stancji,4,4,3,46,47,16,71,49,1,37,46,24,47,51,23,42,2,7,2,6,8,5,5
PRZED,19,0,Socjologia,z rodziną,5,4,4,44,49,20,77,35,2,47,27,18,52,58,14,32,6,2,1,8,9,1,2
PRZED,19,0,Socjologia,na stancji,3,3,3,39,39,18,55,40,2,39,39,36,43,40,26,41,3,5,5,5,4,6,4
PRZED,23,Female,ZarządzaNO,na stancji,4,4,3,51,53,12,72,46,2,44,37,35,33,40,18,49,5,4,4,4,5,3,7
PRZED,19,0,Pedagogika,z rodziną,4,4,4,44,49,22,79,45,1,56,41,34,45,51,17,42,9,6,5,6,8,3,5
PRZED,20,0,Pedagogika,na stancji,4,4,3,36,48,20,64,41,2,40,29,33,54,51,17,38,3,3,5,9,8,3,3
PRZED,19,0,Pedagogika,na stancji,3,2,3,46,51,14,68,40,1,40,40,48,34,45,15,47,3,6,9,2,6,2,7
PRZED,19,0,Pedagogika,z rodziną,4,5,4,40,45,13,63,42,1,45,54,30,37,44,14,48,5,9,4,3,5,1,7
PRZED,19,Female,ZarządzaNO,z rodziną,4,4,4,49,42,18,69,37,1,49,36,39,34,41,19,51,7,4,5,4,5,3,7
PRZED,19,0,Pedagogika,na stancji,3,3,3,43,46,11,67,44,2,42,50,40,38,53,19,45,4,8,7,3,8,3,6
PRZED,18,0,Hispanistyka,w akademiku,5,4,4,51,59,22,90,55,2,45,37,30,37,49,22,44,5,5,4,3,7,4,6
PRZED,19,0,Pedagogika,na stancji,4,4,4,42,44,18,66,39,2,41,42,25,48,44,25,40,4,6,2,7,5,5,4
PRZED,19,Female,ZarządzaNO,na stancji,5,4,3,48,47,7,69,38,2,47,48,34,26,32,16,59,7,8,4,2,2,2,9
PRZED,20,0,ZarządzaNO,na stancji,3,4,4,52,50,24,70,43,1,48,38,34,50,49,21,42,6,5,5,7,7,4,5
PRZED,21,0,ZarządzaNO,na stancji,3,5,3,37,38,19,60,38,1,41,45,29,49,43,29,35,4,7,3,7,5,7,2
PRZED,19,0,Inne,w akademiku,1,1,3,44,57,20,69,41,2,52,44,36,53,55,19,43,8,7,5,8,9,3,5
PRZED,20,0,Pedagogika,na stancji,4,3,4,57,50,20,76,36,2,37,41,40,45,57,13,56,2,6,7,6,9,1,9
PRZED,18,0,Biotechnologia,w akademiku,3,3,4,36,52,24,75,47,2,48,39,32,48,44,12,44,6,5,4,7,5,1,6
PRZED,21,Female,Socjologia,,3,3,2,23,22,7,38,28,2,39,38,34,35,40,24,39,4,5,4,4,5,5,3
PRZED,20,0,Pedagogika,z rodziną,4,3,3,34,52,23,78,43,2,37,28,27,50,51,21,43,2,3,3,7,8,4,5
PRZED,20,0,Pedagogika,z rodziną,4,3,3,34,52,23,78,43,2,37,29,27,50,51,21,43,2,3,3,7,8,4,5
PRZED,20,0,ZarządzaNO,z rodziną,5,3,3,46,49,16,68,39,1,39,46,45,33,38,26,35,3,7,8,2,3,6,2
PRZED,23,Female,ZarządzaNO,z rodziną,1,1,3,38,49,9,70,45,1,37,25,24,31,53,10,50,3,2,1,3,9,1,7
PRZED,20,0,Hispanistyka,z rodziną,4,4,3,50,55,4,80,54,2,21,39,21,51,57,12,54,1,5,1,8,9,1,9
PRZED,19,0,Pedagogika,z rodziną,3,3,3,46,51,18,74,48,2,57,27,44,48,48,22,40,9,2,8,7,7,4,4
PRZED,19,0,Pedagogika,z rodziną,4,4,3,42,45,9,65,39,1,45,34,39,41,51,35,49,5,4,6,4,8,9,7
PRZED,19,Female,Filologia Germańska,na stancji,5,4,3,44,43,16,72,37,2,38,35,29,42,47,18,41,3,4,2,6,8,3,4
PRZED,19,0,Pedagogika,w akademiku,3,2,3,43,48,18,68,45,2,38,38,40,34,37,19,47,2,5,7,2,3,3,7
PRZED,19,0,Pedagogika,w akademiku,3,2,3,43,48,18,68,45,2,38,38,40,34,37,19,47,2,5,7,2,3,3,7
PRZED,20,0,Pedagogika,w akademiku,3,3,3,28,29,13,46,35,1,40,41,36,36,35,26,36,3,6,5,3,2,6,3
PRZED,19,Female,Filologia Germańska,na stancji,4,4,3,35,46,21,61,41,2,40,40,34,42,41,23,41,4,5,4,6,5,5,4
PRZED,20,0,Pedagogika,na stancji,4,4,4,40,48,17,63,47,2,43,38,42,42,42,20,44,5,5,7,5,5,4,6
PRZED,19,0,Pedagogika,z rodziną,3,3,4,42,45,20,62,45,2,45,33,43,42,43,23,40,5,4,7,5,5,5,4
PRZED,19,0,Pedagogika,z rodziną,3,3,4,42,45,20,62,45,2,45,32,43,42,43,23,40,5,4,7,5,5,5,4
PRZED,21,0,Praca Socjalna,na stancji,3,4,4,48,51,25,61,42,1,47,45,18,50,57,14,53,6,7,1,7,9,1,8
PRZED,21,0,Pedagogika,na stancji,5,5,4,46,51,10,70,47,1,45,33,39,40,39,17,46,5,4,6,4,3,3,6
PRZED,20,0,Lingwistyka Stosowana,na stancji,4,3,4,47,56,13,71,49,2,47,35,22,41,55,14,32,6,4,1,4,9,1,2
PRZED,19,0,Lingwistyka Stosowana,z rodziną,5,5,4,51,56,9,72,48,2,36,48,43,32,32,28,41,2,8,7,2,1,6,4
PRZED,23,0,Pedagogika,w akademiku,5,4,3,45,47,8,65,44,1,50,35,30,52,46,13,38,7,4,4,8,6,1,3
PRZED,21,0,Filologia Germańska,na stancji,3,4,5,56,59,15,79,49,1,43,51,47,39,43,21,42,5,8,9,4,5,4,5
PRZED,19,0,Pedagogika,z rodziną,3,3,4,44,51,16,62,44,2,37,34,37,39,43,19,41,2,4,6,4,5,3,4
PRZED,19,Female,Filologia Germańska,na stancji,4,5,3,47,53,7,54,32,2,55,22,51,27,31,11,31,9,1,9,2,2,1,1
PRZED,19,0,Lingwistyka Stosowana,na stancji,4,5,4,52,58,16,73,47,2,41,44,39,41,48,19,46,4,7,6,4,7,3,6
PRZED,20,0,Pedagogika,na stancji,5,4,3,45,53,11,67,41,1,43,39,36,44,51,18,44,5,5,5,5,8,3,6
PRZED,23,0,Pedagogika,na stancji,3,3,4,46,51,10,64,46,2,44,34,37,34,37,30,43,5,4,6,2,3,7,5
PRZED,19,0,Pedagogika,na stancji,2,3,4,51,59,18,83,54,2,40,47,37,38,51,19,48,3,8,6,3,8,3,7
PRZED,20,0,Pedagogika,z rodziną,4,4,3,51,61,22,76,50,1,48,51,32,38,49,29,44,6,8,4,3,7,7,6
PRZED,20,0,Pedagogika,na stancji,3,3,3,40,42,13,73,41,1,47,34,26,50,52,17,52,6,4,2,7,8,3,8
PRZED,20,Female,Filologia Germańska,z rodziną,4,4,3,44,58,18,65,49,1,49,21,24,56,52,24,26,7,1,1,9,9,5,1
PRZED,20,0,Lingwistyka Stosowana,z rodziną,3,3,3,36,51,21,72,41,2,22,26,29,45,40,13,45,1,2,3,6,4,1,6
PRZED,19,0,Lingwistyka Stosowana,w akademiku,4,4,4,45,58,19,79,43,2,49,39,40,36,42,17,30,7,5,7,3,5,3,1
PRZED,21,0,Filologia Germańska,na stancji,4,4,3,40,44,14,51,38,2,40,37,32,40,43,18,36,3,5,4,4,5,3,3
PRZED,20,Female,Filologia Germańska,na stancji,5,5,3,49,51,28,54,21,2,55,36,19,57,52,14,31,9,4,1,9,9,2,1
PRZED,20,0,Filologia Germańska,na stancji,4,4,3,39,42,21,58,36,2,40,43,30,52,45,15,41,3,7,4,8,6,2,4
PRZED,19,Female,Praca Socjalna,na stancji,4,4,3,41,51,12,74,44,2,34,36,33,44,51,36,49,2,4,4,7,9,9,7
PRZED,19,0,Praca Socjalna,na stancji,4,4,4,40,37,7,51,31,2,42,38,36,35,41,18,40,4,5,5,2,4,3,4
PRZED,20,0,Pedagogika,z rodziną,3,3,4,40,39,24,58,40,1,39,21,34,48,44,16,37,3,1,5,7,5,2,3