crisis_type,good_manager_for_the_company,candidate_gendered_traits,candidate_gender
relational,3,agentic,male
relational,2,agentic,female
relational,2,communal,male
relational,2,communal,female
relational,2,agentic,male
relational,5,agentic,female
relational,4,communal,male
relational,4,communal,female
relational,5,agentic,male
relational,3,agentic,female
relational,3,communal,male
relational,1,communal,female
relational,5,agentic,male
relational,3,agentic,female
relational,1,communal,male
relational,1,communal,female
relational,5,agentic,male
relational,5,agentic,female
relational,3,communal,male
relational,3,communal,female
relational,2,agentic,male
relational,2,agentic,female
relational,4,communal,male
relational,4,communal,female
relational,3,agentic,male
relational,3,agentic,female
relational,3,communal,male
relational,3,communal,female
relational,4,agentic,male
relational,5,agentic,female
relational,5,communal,male
relational,6,communal,female
financial,4,agentic,male
financial,3,agentic,female
financial,3,communal,male
financial,4,communal,female
financial,4,agentic,male
financial,3,agentic,female
financial,2,communal,male
financial,2,communal,female
no_crisis,2,agentic,male
no_crisis,3,agentic,female
no_crisis,3,communal,male
no_crisis,3,communal,female
no_crisis,2,agentic,male
no_crisis,2,agentic,female
no_crisis,4,communal,male
no_crisis,4,communal,female
financial,5,agentic,male
financial,3,agentic,female
financial,2,communal,male
financial,2,communal,female
financial,6,agentic,male
financial,5,agentic,female
financial,4,communal,male
financial,3,communal,female
financial,1,agentic,male
financial,2,agentic,female
financial,4,communal,male
financial,3,communal,female
financial,2,agentic,male
financial,2,agentic,female
financial,4,communal,male
financial,3,communal,female
no_crisis,3,agentic,male
no_crisis,3,agentic,female
no_crisis,5,communal,male
no_crisis,5,communal,female
financial,5,agentic,male
financial,4,agentic,female
financial,5,communal,male
financial,4,communal,female
no_crisis,5,agentic,male
no_crisis,5,agentic,female
no_crisis,2,communal,male
no_crisis,4,communal,female
no_crisis,1,agentic,male
no_crisis,2,agentic,female
no_crisis,3,communal,male
no_crisis,3,communal,female
no_crisis,2,agentic,male
no_crisis,5,agentic,female
no_crisis,3,communal,male
no_crisis,3,communal,female
no_crisis,2,agentic,male
no_crisis,1,agentic,female
no_crisis,1,communal,male
no_crisis,1,communal,female
no_crisis,3,agentic,male
no_crisis,2,agentic,female
no_crisis,2,communal,male
no_crisis,2,communal,female
relational,4,agentic,male
relational,5,agentic,female
relational,3,communal,male
relational,2,communal,female
no_crisis,4,agentic,male
no_crisis,3,agentic,female
no_crisis,3,communal,male
no_crisis,3,communal,female
relational,6,agentic,male
relational,6,agentic,female
relational,4,communal,male
relational,4,communal,female
relational,4,agentic,male
relational,5,agentic,female
relational,5,communal,male
relational,4,communal,female
relational,2,agentic,male
relational,2,agentic,female
relational,5,communal,male
relational,6,communal,female
no_crisis,3,agentic,male
no_crisis,4,agentic,female
no_crisis,3,communal,male
no_crisis,4,communal,female
no_crisis,4,agentic,male
no_crisis,4,agentic,female
no_crisis,3,communal,male
no_crisis,3,communal,female
financial,5,agentic,male
financial,3,agentic,female
financial,4,communal,male
financial,4,communal,female
financial,6,agentic,male
financial,4,agentic,female
financial,3,communal,male
financial,1,communal,female
financial,4,agentic,male
financial,5,agentic,female
financial,4,communal,male
financial,3,communal,female
financial,3,agentic,male
financial,3,agentic,female
financial,2,communal,male
financial,2,communal,female
financial,6,agentic,male
financial,5,agentic,female
financial,4,communal,male
financial,4,communal,female
no_crisis,2,agentic,male
no_crisis,2,agentic,female
no_crisis,2,communal,male
no_crisis,3,communal,female
financial,1,agentic,male
financial,3,agentic,female
financial,4,communal,male
financial,2,communal,female
relational,1,agentic,male
relational,1,agentic,female
relational,4,communal,male
relational,3,communal,female
no_crisis,3,agentic,male
no_crisis,2,agentic,female
no_crisis,3,communal,male
no_crisis,4,communal,female
no_crisis,3,agentic,male
no_crisis,5,agentic,female
no_crisis,5,communal,male
no_crisis,4,communal,female
no_crisis,6,agentic,male
no_crisis,6,agentic,female
no_crisis,5,communal,male
no_crisis,6,communal,female
financial,2,agentic,male
financial,2,agentic,female
financial,3,communal,male
financial,3,communal,female
relational,3,agentic,male
relational,5,agentic,female
relational,4,communal,male
relational,4,communal,female
no_crisis,4,agentic,male
no_crisis,5,agentic,female
no_crisis,2,communal,male
no_crisis,1,communal,female
no_crisis,4,agentic,male
no_crisis,3,agentic,female
no_crisis,1,communal,male
no_crisis,3,communal,female
no_crisis,6,agentic,male
no_crisis,5,agentic,female
no_crisis,4,communal,male
no_crisis,4,communal,female
relational,2,agentic,male
relational,3,agentic,female
relational,3,communal,male
relational,3,communal,female
no_crisis,2,agentic,male
no_crisis,3,agentic,female
no_crisis,3,communal,male
no_crisis,3,communal,female
financial,5,agentic,male
financial,5,agentic,female
financial,5,communal,male
financial,3,communal,female
relational,6,agentic,male
relational,6,agentic,female
relational,1,communal,male
relational,1,communal,female
relational,5,agentic,male
relational,5,agentic,female
relational,5,communal,male
relational,5,communal,female
relational,3,agentic,male
relational,3,agentic,female
relational,4,communal,male
relational,5,communal,female
financial,1,agentic,male
financial,4,agentic,female
financial,4,communal,male
financial,4,communal,female
financial,3,agentic,male
financial,3,agentic,female
financial,5,communal,male
financial,3,communal,female
financial,3,agentic,male
financial,3,agentic,female
financial,1,communal,male
financial,2,communal,female
financial,6,agentic,male
financial,4,agentic,female
financial,5,communal,male
financial,4,communal,female
relational,2,agentic,male
relational,5,agentic,female
relational,2,communal,male
relational,2,communal,female
relational,3,agentic,male
relational,4,agentic,female
relational,5,communal,male
relational,3,communal,female
financial,4,agentic,male
financial,2,agentic,female
financial,3,communal,male
financial,3,communal,female
financial,2,agentic,male
financial,2,agentic,female
financial,4,communal,male
financial,4,communal,female
financial,4,agentic,male
financial,2,agentic,female
financial,3,communal,male
financial,3,communal,female
relational,3,agentic,male
relational,5,agentic,female
relational,5,communal,male
relational,5,communal,female
relational,6,agentic,male
relational,4,agentic,female
relational,2,communal,male
relational,2,communal,female
relational,6,agentic,male
relational,4,agentic,female
relational,1,communal,female
no_crisis,2,agentic,male
no_crisis,2,agentic,female
no_crisis,4,communal,male
no_crisis,4,communal,female
no_crisis,4,agentic,male
no_crisis,2,agentic,female
no_crisis,2,communal,male
no_crisis,2,communal,female
financial,4,agentic,male
financial,4,agentic,female
financial,4,communal,male
financial,3,communal,female
no_crisis,4,agentic,male
no_crisis,5,agentic,female
no_crisis,4,communal,male
no_crisis,4,communal,female
financial,2,agentic,male
financial,3,agentic,female
financial,6,communal,male
financial,2,communal,female
financial,3,agentic,male
financial,2,agentic,female
financial,2,communal,male
financial,3,communal,female
financial,2,agentic,male
financial,4,agentic,female
financial,4,communal,male
financial,5,communal,female
no_crisis,5,agentic,male
no_crisis,4,agentic,female
no_crisis,3,communal,male
no_crisis,4,communal,female
financial,1,agentic,male
financial,3,agentic,female
financial,3,communal,male
financial,3,communal,female
financial,4,agentic,male
financial,3,agentic,female
financial,2,communal,male
financial,2,communal,female
financial,3,agentic,male
financial,4,agentic,female
financial,5,communal,male
financial,5,communal,female
financial,3,agentic,male
financial,2,agentic,female
financial,4,communal,male
financial,3,communal,female
financial,5,agentic,male
financial,3,agentic,female
financial,3,communal,male
financial,3,communal,female
no_crisis,5,agentic,male
no_crisis,5,agentic,female
no_crisis,3,communal,male
no_crisis,5,communal,female
no_crisis,2,agentic,male
no_crisis,4,agentic,female
no_crisis,3,communal,male
no_crisis,3,communal,female
no_crisis,1,agentic,male
no_crisis,3,agentic,female
no_crisis,5,communal,male
no_crisis,2,communal,female
no_crisis,3,agentic,male
no_crisis,3,agentic,female
no_crisis,5,communal,male
no_crisis,5,communal,female
no_crisis,2,agentic,male
no_crisis,3,agentic,female
no_crisis,3,communal,male
no_crisis,2,communal,female
relational,3,agentic,male
relational,5,agentic,female
relational,6,communal,male
relational,6,communal,female
relational,2,agentic,male
relational,3,agentic,female
relational,5,communal,male
relational,5,communal,female
no_crisis,1,agentic,male
no_crisis,3,agentic,female
no_crisis,3,communal,male
no_crisis,2,communal,female
financial,1,agentic,male
financial,2,agentic,female
financial,4,communal,male
financial,4,communal,female
relational,4,agentic,male
relational,5,agentic,female
relational,4,communal,male
relational,4,communal,female
relational,2,agentic,male
relational,5,agentic,female
relational,4,communal,male
relational,2,communal,female
no_crisis,2,agentic,male
no_crisis,2,agentic,female
no_crisis,3,communal,male
no_crisis,4,communal,female
financial,2,agentic,male
financial,2,agentic,female
financial,3,communal,male
financial,4,communal,female
relational,2,agentic,male
relational,3,agentic,female
relational,5,communal,male
relational,5,communal,female
relational,2,agentic,male
relational,3,agentic,female
relational,2,communal,male
relational,2,communal,female
relational,4,agentic,male
relational,5,agentic,female
relational,5,communal,male
relational,6,communal,female
relational,4,agentic,male
relational,4,agentic,female
relational,4,communal,male
relational,2,communal,female
financial,2,agentic,male
financial,6,agentic,female
financial,3,communal,male
financial,5,communal,female
relational,5,agentic,male
relational,5,agentic,female
relational,3,communal,male
relational,2,communal,female
relational,1,agentic,male
relational,2,agentic,female
relational,5,communal,male
relational,5,communal,female
financial,3,agentic,male
financial,3,agentic,female
financial,4,communal,male
financial,4,communal,female
financial,3,agentic,male
financial,4,agentic,female
financial,4,communal,male
financial,5,communal,female
no_crisis,1,agentic,male
no_crisis,5,agentic,female
no_crisis,5,communal,male
no_crisis,5,communal,female
financial,2,agentic,male
financial,3,agentic,female
financial,4,communal,male
financial,4,communal,female
relational,5,agentic,male
relational,4,agentic,female
relational,4,communal,male
relational,5,communal,female
relational,3,agentic,male
relational,3,agentic,female
relational,5,communal,male
relational,4,communal,female
relational,3,agentic,male
relational,3,agentic,female
relational,2,communal,male
relational,2,communal,female
no_crisis,2,agentic,male
no_crisis,4,agentic,female
no_crisis,5,communal,male
no_crisis,5,communal,female
no_crisis,3,agentic,male
no_crisis,1,agentic,female
no_crisis,4,communal,male
no_crisis,6,communal,female
relational,1,agentic,male
relational,3,agentic,female
relational,6,communal,male
relational,6,communal,female
no_crisis,2,agentic,male
no_crisis,4,agentic,female
no_crisis,4,communal,male
no_crisis,4,communal,female
financial,4,agentic,male
financial,4,agentic,female
financial,4,communal,male
financial,5,communal,female
financial,1,agentic,male
financial,2,agentic,female
financial,2,communal,male
financial,2,communal,female
financial,2,agentic,male
financial,5,agentic,female
financial,3,communal,male
financial,2,communal,female
no_crisis,1,agentic,male
no_crisis,1,agentic,female
no_crisis,6,communal,male
no_crisis,6,communal,female
relational,2,agentic,male
relational,3,agentic,female
relational,5,communal,male
relational,6,communal,female
financial,4,agentic,male
financial,4,agentic,female
financial,3,communal,male
financial,3,communal,female
relational,4,agentic,male
relational,5,agentic,female
relational,4,communal,male
relational,4,communal,female
relational,1,agentic,male
relational,2,agentic,female
relational,6,communal,male
relational,6,communal,female
financial,4,agentic,male
financial,5,agentic,female
financial,2,communal,male
financial,2,communal,female
no_crisis,4,agentic,male
no_crisis,5,agentic,female
no_crisis,4,communal,male
no_crisis,5,communal,female
financial,3,agentic,male
financial,4,agentic,female
financial,1,communal,male
financial,1,communal,female
relational,4,agentic,male
relational,4,agentic,female
relational,3,communal,male
relational,3,communal,female
relational,3,agentic,male
relational,2,agentic,female
relational,4,communal,male
relational,4,communal,female
no_crisis,6,agentic,male
no_crisis,6,agentic,female
no_crisis,3,communal,male
no_crisis,3,communal,female
financial,3,agentic,male
financial,4,agentic,female
financial,4,communal,male
financial,1,communal,female
relational,2,agentic,male
relational,3,agentic,female
relational,4,communal,male
relational,4,communal,female
relational,5,agentic,male
relational,3,agentic,female
relational,1,communal,male
relational,2,communal,female
relational,4,agentic,male
relational,3,agentic,female
relational,5,communal,male
relational,5,communal,female
relational,3,agentic,male
relational,5,agentic,female
relational,5,communal,male
relational,3,communal,female
relational,3,agentic,male
relational,4,agentic,female
relational,3,communal,male
relational,4,communal,female
financial,4,agentic,male
financial,5,agentic,female
financial,2,communal,male
financial,3,communal,female
financial,4,agentic,male
financial,4,agentic,female
financial,3,communal,male
financial,3,communal,female
no_crisis,3,agentic,male
no_crisis,5,agentic,female
no_crisis,5,communal,male
no_crisis,5,communal,female
no_crisis,4,agentic,male
no_crisis,2,agentic,female
no_crisis,3,communal,male
no_crisis,4,communal,female
no_crisis,2,agentic,male
no_crisis,3,agentic,female
no_crisis,3,communal,male
no_crisis,4,communal,female
no_crisis,4,agentic,male
no_crisis,5,agentic,female
no_crisis,3,communal,male
no_crisis,3,communal,female
financial,4,agentic,male
financial,3,agentic,female
financial,2,communal,male
financial,2,communal,female
no_crisis,4,agentic,male
no_crisis,5,agentic,female
no_crisis,4,communal,male
no_crisis,5,communal,female
financial,4,agentic,male
financial,3,agentic,female
financial,4,communal,male
financial,5,communal,female
financial,3,agentic,male
financial,2,agentic,female
financial,3,communal,male
financial,3,communal,female
financial,5,agentic,male
financial,4,agentic,female
financial,3,communal,male
financial,4,communal,female
financial,1,agentic,male
financial,5,agentic,female
financial,4,communal,male
financial,5,communal,female
financial,3,agentic,male
financial,3,agentic,female
financial,2,communal,male
financial,3,communal,female
relational,4,agentic,male
relational,2,agentic,female
relational,4,communal,male
relational,4,communal,female
relational,3,agentic,male
relational,3,agentic,female
relational,5,communal,male
relational,5,communal,female
relational,1,agentic,male
relational,1,agentic,female
relational,4,communal,male
relational,4,communal,female
relational,5,agentic,male
relational,5,agentic,female
relational,4,communal,male
relational,4,communal,female
relational,2,agentic,male
relational,3,agentic,female
relational,5,communal,male
relational,5,communal,female
relational,3,agentic,male
relational,4,agentic,female
relational,2,communal,male
relational,3,communal,female
financial,4,agentic,male
financial,3,agentic,female
financial,3,communal,male
financial,3,communal,female
no_crisis,3,agentic,male
no_crisis,3,agentic,female
no_crisis,5,communal,male
no_crisis,4,communal,female
relational,2,agentic,male
relational,5,agentic,female
relational,4,communal,male
relational,4,communal,female
financial,1,agentic,male
financial,5,agentic,female
financial,3,communal,male
financial,4,communal,female
no_crisis,3,agentic,male
no_crisis,2,agentic,female
no_crisis,3,communal,male
no_crisis,3,communal,female
financial,1,agentic,male
financial,1,agentic,female
financial,1,communal,male
financial,1,communal,female
financial,5,agentic,male
financial,3,agentic,female
financial,4,communal,male
financial,5,communal,female
relational,6,agentic,male
relational,4,agentic,female
relational,5,communal,male
relational,1,communal,female
no_crisis,2,agentic,male
no_crisis,2,agentic,female
no_crisis,4,communal,male
no_crisis,4,communal,female
no_crisis,1,agentic,male
no_crisis,2,agentic,female
no_crisis,3,communal,male
no_crisis,3,communal,female
relational,5,agentic,male
relational,6,agentic,female
relational,4,communal,male
relational,4,communal,female
relational,5,agentic,male
relational,3,agentic,female
relational,2,communal,male
relational,2,communal,female
relational,5,agentic,male
relational,4,agentic,female
relational,3,communal,male
relational,3,communal,female
financial,4,agentic,male
financial,4,agentic,female
financial,2,communal,male
financial,2,communal,female
financial,1,agentic,male
financial,1,agentic,female
financial,5,communal,male
financial,5,communal,female
financial,2,agentic,male
financial,4,agentic,female
financial,4,communal,male
financial,4,communal,female
financial,4,agentic,male
financial,4,agentic,female
financial,3,communal,male
financial,3,communal,female
financial,2,agentic,male
financial,3,agentic,female
financial,2,communal,male
financial,2,communal,female
financial,4,agentic,male
financial,5,agentic,female
financial,3,communal,male
financial,2,communal,female
relational,3,agentic,male
relational,3,agentic,female
relational,3,communal,male
relational,3,communal,female
financial,3,agentic,male
financial,4,agentic,female
financial,5,communal,male
financial,4,communal,female
financial,5,agentic,male
financial,2,agentic,female
financial,2,communal,male
financial,2,communal,female
relational,3,agentic,male
relational,4,agentic,female
relational,2,communal,male
relational,2,communal,female
relational,3,agentic,male
relational,4,agentic,female
relational,2,communal,male
relational,3,communal,female
no_crisis,6,agentic,male
no_crisis,4,agentic,female
no_crisis,1,communal,male
no_crisis,2,communal,female
no_crisis,2,agentic,male
no_crisis,4,agentic,female
no_crisis,6,communal,male
no_crisis,6,communal,female
financial,5,agentic,male
financial,5,agentic,female
financial,5,communal,male
financial,3,communal,female
no_crisis,1,agentic,male
no_crisis,2,agentic,female
no_crisis,2,communal,male
no_crisis,3,communal,female
relational,4,agentic,male
relational,3,agentic,female
relational,4,communal,male
relational,4,communal,female
no_crisis,4,agentic,male
no_crisis,4,agentic,female
no_crisis,4,communal,male
no_crisis,5,communal,female
financial,6,agentic,male
financial,4,agentic,female
financial,2,communal,male
financial,3,communal,female
financial,2,agentic,male
financial,2,agentic,female
financial,3,communal,male
financial,2,communal,female
relational,3,agentic,male
relational,4,agentic,female
relational,4,communal,male
relational,3,communal,female
relational,2,agentic,male
relational,3,agentic,female
relational,3,communal,male
relational,2,communal,female
relational,2,agentic,male
relational,3,agentic,female
relational,4,communal,male
relational,3,communal,female
no_crisis,3,agentic,male
no_crisis,4,agentic,female
no_crisis,1,communal,male
no_crisis,2,communal,female
no_crisis,3,agentic,male
no_crisis,3,agentic,female
no_crisis,4,communal,male
no_crisis,3,communal,female
financial,5,agentic,male
financial,5,agentic,female
financial,5,communal,male
financial,4,communal,female
financial,2,agentic,male
financial,3,agentic,female
financial,5,communal,male
financial,5,communal,female
relational,4,agentic,male
relational,3,agentic,female
relational,3,communal,male
relational,3,communal,female
relational,5,agentic,male
relational,5,agentic,female
relational,4,communal,male
relational,3,communal,female
financial,1,agentic,male
financial,1,agentic,female
financial,5,communal,male
financial,5,communal,female
financial,4,agentic,male
financial,5,agentic,female
financial,3,communal,male
financial,4,communal,female
financial,5,agentic,male
financial,4,agentic,female
financial,4,communal,male
financial,3,communal,female
financial,5,agentic,male
financial,4,agentic,female
financial,5,communal,male
financial,5,communal,female
relational,4,agentic,male
relational,4,agentic,female
relational,5,communal,male
relational,5,communal,female
no_crisis,1,agentic,male
no_crisis,1,agentic,female
no_crisis,2,communal,male
no_crisis,1,communal,female
no_crisis,3,agentic,male
no_crisis,4,agentic,female
no_crisis,1,communal,male
no_crisis,6,communal,female
financial,3,agentic,male
financial,4,agentic,female
financial,2,communal,male
financial,2,communal,female
financial,5,agentic,male
financial,5,agentic,female
financial,3,communal,male
financial,3,communal,female
financial,1,agentic,male
financial,4,agentic,female
financial,4,communal,male
financial,4,communal,female
relational,3,agentic,male
relational,2,agentic,female
relational,2,communal,male
relational,1,communal,female
financial,6,agentic,male
financial,4,agentic,female
financial,2,communal,male
financial,2,communal,female
financial,4,agentic,male
financial,4,agentic,female
financial,3,communal,male
financial,3,communal,female
no_crisis,2,agentic,male
no_crisis,2,agentic,female
no_crisis,5,communal,male
no_crisis,4,communal,female
no_crisis,2,agentic,male
no_crisis,3,agentic,female
no_crisis,4,communal,male
no_crisis,4,communal,female
relational,3,agentic,male
relational,5,agentic,female
relational,4,communal,male
relational,5,communal,female
no_crisis,4,agentic,male
no_crisis,3,agentic,female
no_crisis,3,communal,male
no_crisis,3,communal,female
relational,4,agentic,male
relational,1,agentic,female
relational,5,communal,male
relational,5,communal,female
no_crisis,4,agentic,male
no_crisis,4,agentic,female
no_crisis,3,communal,male
no_crisis,3,communal,female
financial,3,agentic,male
financial,2,agentic,female
financial,3,communal,male
financial,3,communal,female
no_crisis,1,agentic,male
no_crisis,2,agentic,female
no_crisis,2,communal,male
no_crisis,3,communal,female
no_crisis,5,agentic,male
no_crisis,3,agentic,female
no_crisis,3,communal,male
no_crisis,4,communal,female
relational,1,agentic,male
relational,1,agentic,female
relational,5,communal,male
relational,6,communal,female
relational,1,agentic,male
relational,4,agentic,female
relational,3,communal,male
relational,3,communal,female
no_crisis,1,agentic,male
no_crisis,1,agentic,female
no_crisis,4,communal,male
no_crisis,5,communal,female
relational,3,agentic,male
relational,3,agentic,female
relational,4,communal,male
relational,5,communal,female
relational,2,agentic,male
relational,2,agentic,female
relational,5,communal,male
relational,4,communal,female
financial,3,agentic,male
financial,2,agentic,female
financial,4,communal,male
financial,3,communal,female
relational,5,agentic,male
relational,3,agentic,female
relational,4,communal,male
relational,6,communal,female
no_crisis,1,agentic,male
no_crisis,1,agentic,female
no_crisis,1,communal,male
no_crisis,2,communal,female
financial,6,agentic,male
financial,6,agentic,female
financial,6,communal,male
financial,6,communal,female
no_crisis,3,agentic,male
no_crisis,3,agentic,female
no_crisis,3,communal,male
no_crisis,3,communal,female
no_crisis,3,agentic,male
no_crisis,3,agentic,female
no_crisis,3,communal,male
no_crisis,4,communal,female
financial,2,agentic,male
financial,4,agentic,female
financial,5,communal,male
financial,4,communal,female
financial,3,agentic,male
financial,5,agentic,female
financial,5,communal,male
financial,5,communal,female
no_crisis,1,agentic,male
no_crisis,3,agentic,female
no_crisis,1,communal,male
no_crisis,3,communal,female
no_crisis,1,agentic,male
no_crisis,2,agentic,female
no_crisis,3,communal,male
no_crisis,3,communal,female
relational,2,agentic,male
relational,2,agentic,female
relational,4,communal,male
relational,4,communal,female
relational,3,agentic,male
relational,5,agentic,female
relational,6,communal,male
relational,6,communal,female
no_crisis,2,agentic,male
no_crisis,4,agentic,female
no_crisis,5,communal,male
no_crisis,6,communal,female
no_crisis,4,agentic,male
no_crisis,2,agentic,female
no_crisis,3,communal,male
no_crisis,3,communal,female
relational,2,agentic,male
relational,5,agentic,female
relational,5,communal,male
relational,5,communal,female
no_crisis,5,agentic,male
no_crisis,3,agentic,female
no_crisis,4,communal,male
no_crisis,2,communal,female
financial,2,agentic,male
financial,1,agentic,female
financial,4,communal,male
financial,4,communal,female
financial,4,agentic,male
financial,5,agentic,female
financial,5,communal,male
financial,3,communal,female
relational,3,agentic,male
relational,3,agentic,female
relational,2,communal,male
relational,3,communal,female
relational,4,agentic,male
relational,6,agentic,female
relational,4,communal,male
relational,4,communal,female
relational,4,agentic,male
relational,4,agentic,female
relational,4,communal,male
relational,5,communal,female
financial,2,agentic,male
financial,3,agentic,female
financial,5,communal,male
financial,4,communal,female
no_crisis,3,agentic,male
no_crisis,2,agentic,female
no_crisis,5,communal,male
no_crisis,3,communal,female
relational,3,agentic,male
relational,2,agentic,female
relational,5,communal,male
relational,5,communal,female
financial,4,agentic,male
financial,5,agentic,female
financial,4,communal,male
financial,3,communal,female
financial,1,agentic,male
financial,5,agentic,female
financial,5,communal,male
financial,6,communal,female
financial,5,agentic,male
financial,4,agentic,female
financial,5,communal,male
financial,4,communal,female
financial,1,agentic,male
financial,3,agentic,female
financial,4,communal,male
financial,4,communal,female
no_crisis,2,agentic,male
no_crisis,2,agentic,female
no_crisis,6,communal,male
no_crisis,6,communal,female
relational,3,agentic,male
relational,2,agentic,female
relational,4,communal,male
relational,5,communal,female
financial,1,agentic,male
financial,1,agentic,female
financial,3,communal,male
financial,3,communal,female
financial,1,agentic,male
financial,5,agentic,female
financial,1,communal,male
financial,1,communal,female
financial,1,agentic,male
financial,4,agentic,female
financial,4,communal,male
financial,2,communal,female
financial,4,agentic,male
financial,4,agentic,female
financial,2,communal,male
financial,3,communal,female
relational,5,agentic,male
relational,5,agentic,female
relational,3,communal,male
relational,6,communal,female
financial,3,agentic,male
financial,4,agentic,female
financial,4,communal,male
financial,5,communal,female
financial,2,agentic,male
financial,5,agentic,female
financial,3,communal,male
financial,3,communal,female
no_crisis,3,agentic,male
no_crisis,3,agentic,female
no_crisis,4,communal,male
no_crisis,4,communal,female
no_crisis,1,agentic,male
no_crisis,2,agentic,female
no_crisis,3,communal,male
no_crisis,3,communal,female
no_crisis,4,agentic,male
no_crisis,5,agentic,female
no_crisis,2,communal,male
no_crisis,2,communal,female
no_crisis,2,agentic,male
no_crisis,3,agentic,female
no_crisis,3,communal,male
no_crisis,3,communal,female
financial,6,agentic,male
financial,5,agentic,female
financial,2,communal,male
financial,3,communal,female
financial,1,agentic,male
financial,3,agentic,female
financial,3,communal,male
financial,3,communal,female
financial,4,agentic,male
financial,5,agentic,female
financial,4,communal,male
financial,4,communal,female
relational,5,agentic,male
relational,5,agentic,female
relational,4,communal,male
relational,3,communal,female
relational,4,agentic,male
relational,4,agentic,female
relational,2,communal,male
relational,2,communal,female
financial,2,agentic,male
financial,4,agentic,female
financial,2,communal,male
financial,3,communal,female
relational,2,agentic,male
relational,4,agentic,female
relational,2,communal,male
relational,3,communal,female
relational,2,agentic,male
relational,2,agentic,female
relational,3,communal,male
relational,4,communal,female
no_crisis,4,agentic,male
no_crisis,6,agentic,female
no_crisis,6,communal,male
no_crisis,6,communal,female
no_crisis,4,agentic,male
no_crisis,5,agentic,female
no_crisis,3,communal,male
no_crisis,4,communal,female
financial,4,agentic,male
financial,4,agentic,female
financial,4,communal,male
financial,4,communal,female
financial,3,agentic,male
financial,3,agentic,female
financial,4,communal,male
financial,5,communal,female
relational,4,agentic,male
relational,4,agentic,female
relational,4,communal,male
relational,5,communal,female
no_crisis,6,agentic,male
no_crisis,6,agentic,female
no_crisis,3,communal,male
no_crisis,4,communal,female
no_crisis,2,agentic,male
no_crisis,4,agentic,female
no_crisis,2,communal,male
no_crisis,3,communal,female
relational,2,agentic,male
relational,4,agentic,female
relational,5,communal,male
relational,6,communal,female
relational,3,agentic,male
relational,2,agentic,female
relational,5,communal,male
relational,6,communal,female
financial,2,agentic,male
financial,3,agentic,female
financial,4,communal,male
financial,5,communal,female
no_crisis,1,agentic,male
no_crisis,3,agentic,female
no_crisis,3,communal,male
no_crisis,3,communal,female
financial,4,agentic,male
financial,6,agentic,female
financial,1,communal,male
financial,1,communal,female
financial,1,agentic,male
financial,2,agentic,female
financial,3,communal,male
financial,3,communal,female
relational,5,agentic,male
relational,4,agentic,female
relational,3,communal,male
relational,3,communal,female
relational,5,agentic,male
relational,5,agentic,female
relational,3,communal,male
relational,3,communal,female
relational,1,agentic,male
relational,6,agentic,female
relational,5,communal,male
relational,5,communal,female
relational,3,agentic,male
relational,4,agentic,female
relational,4,communal,male
relational,5,communal,female
relational,4,agentic,male
relational,3,agentic,female
relational,4,communal,male
relational,5,communal,female
no_crisis,2,agentic,male
no_crisis,6,agentic,female
no_crisis,1,communal,male
no_crisis,1,communal,female
financial,4,agentic,male
financial,4,agentic,female
financial,6,communal,male
financial,5,communal,female
relational,5,agentic,male
relational,5,agentic,female
relational,3,communal,male
relational,3,communal,female
relational,4,agentic,male
relational,4,agentic,female
relational,4,communal,male
relational,4,communal,female
financial,6,agentic,male
financial,6,agentic,female
financial,5,communal,male
financial,1,communal,female
no_crisis,2,agentic,male
no_crisis,4,agentic,female
no_crisis,2,communal,male
no_crisis,2,communal,female
relational,2,agentic,male
relational,3,agentic,female
relational,3,communal,male
relational,4,communal,female
relational,2,agentic,male
relational,3,agentic,female
relational,3,communal,male
relational,4,communal,female
no_crisis,5,agentic,male
no_crisis,5,agentic,female
no_crisis,3,communal,male
no_crisis,3,communal,female
no_crisis,2,agentic,male
no_crisis,2,agentic,female
no_crisis,5,communal,male
no_crisis,5,communal,female
relational,1,agentic,male
relational,1,agentic,female
relational,3,communal,male
relational,4,communal,female
no_crisis,5,agentic,male
no_crisis,5,agentic,female
no_crisis,3,communal,male
no_crisis,3,communal,female
no_crisis,6,agentic,male
no_crisis,6,agentic,female
no_crisis,3,communal,male
no_crisis,5,communal,female
financial,1,agentic,male
financial,2,agentic,female
financial,6,communal,male
financial,6,communal,female
relational,4,agentic,male
relational,5,agentic,female
relational,3,communal,male
relational,2,communal,female
no_crisis,5,agentic,male
no_crisis,4,agentic,female
no_crisis,4,communal,male
no_crisis,3,communal,female
relational,4,agentic,male
relational,1,agentic,female
relational,2,communal,male
relational,2,communal,female
no_crisis,4,agentic,male
no_crisis,4,agentic,female
no_crisis,4,communal,male
no_crisis,4,communal,female
financial,1,agentic,male
financial,1,agentic,female
financial,6,communal,male
financial,6,communal,female
no_crisis,1,agentic,male
no_crisis,4,agentic,female
no_crisis,4,communal,male
no_crisis,5,communal,female
relational,3,agentic,male
relational,5,agentic,female
relational,4,communal,male
relational,4,communal,female
relational,3,agentic,male
relational,4,agentic,female
relational,2,communal,male
relational,3,communal,female
no_crisis,3,agentic,male
no_crisis,4,agentic,female
no_crisis,2,communal,male
no_crisis,6,communal,female
relational,2,agentic,male
relational,3,agentic,female
relational,4,communal,male
relational,4,communal,female
financial,2,agentic,male
financial,5,agentic,female
financial,5,communal,male
financial,2,agentic,male
financial,3,agentic,female
financial,5,communal,male
financial,5,communal,female
financial,4,agentic,male
financial,4,agentic,female
financial,4,communal,male
financial,4,communal,female
financial,3,agentic,male
financial,3,agentic,female
financial,5,communal,male
financial,5,communal,female
relational,2,agentic,male
relational,3,agentic,female
relational,3,communal,male
relational,4,communal,female
financial,1,agentic,male
financial,6,agentic,female
financial,4,communal,male
financial,4,communal,female
relational,1,agentic,male
relational,2,agentic,female
relational,5,communal,male
relational,6,communal,female
relational,1,agentic,male
relational,2,agentic,female
relational,4,communal,male
relational,5,communal,female
relational,1,agentic,male
relational,6,agentic,female
relational,3,communal,male
relational,3,communal,female
relational,3,agentic,male
relational,3,agentic,female
relational,4,communal,male
relational,4,communal,female
relational,3,agentic,male
relational,4,agentic,female
relational,4,communal,male
relational,4,communal,female
relational,1,agentic,male
relational,1,agentic,female
relational,2,communal,male
relational,2,communal,female
