origin,student,accuracy,context,translation,function_type
DCU,calculus,1,P,S -> G,IP
KU,calculus,0,M,S -> G,IA
DCU,algebra,1,P,G -> S,IA
KU,calculus,0,P,G -> S,IP
KU,algebra,1,M,S -> G,IP
KU,calculus,1,P,G -> S,IA
DCU,calculus,1,M,G -> S,DA
DCU,calculus,1,M,S -> G,DP
KU,algebra,1,M,G -> S,DP
KU,algebra,0,M,S -> G,DP
KU,algebra,1,M,S -> G,IP
KU,calculus,0,P,G -> S,IP
KU,calculus,1,M,S -> G,DA
KU,algebra,1,M,S -> G,IP
DCU,algebra,0,K,G -> S,DA
KU,calculus,0,M,S -> G,IA
KU,algebra,0,P,S -> G,DA
DCU,calculus,1,M,G -> S,DA
KU,calculus,1,M,G -> S,IA
DCU,calculus,1,P,S -> G,DP
DCU,algebra,1,M,G -> S,DA
KU,calculus,1,K,S -> G,DP
DCU,calculus,0,K,G -> S,IP
KU,calculus,0,P,G -> S,IP
KU,calculus,0,M,G -> S,DP
DCU,algebra,0,P,S -> G,DP
KU,algebra,0,M,S -> G,DP
KU,calculus,0,M,G -> S,IA
KU,algebra,0,K,G -> S,IP
DCU,algebra,0,K,G -> S,DA
DCU,calculus,0,M,G -> S,IP
KU,calculus,0,M,G -> S,IA
KU,algebra,0,P,S -> G,IA
KU,calculus,1,K,G -> S,DP
DCU,calculus,1,P,G -> S,DA
DCU,algebra,1,M,S -> G,IP
KU,algebra,1,K,G -> S,IA
KU,algebra,0,M,S -> G,DA
KU,algebra,0,M,S -> G,IP
DCU,algebra,1,P,G -> S,IA
KU,algebra,0,P,S -> G,DP
DCU,algebra,0,K,G -> S,IA
DCU,calculus,1,M,G -> S,IA
KU,algebra,0,K,G -> S,IP
DCU,algebra,0,K,S -> G,IP
KU,algebra,0,P,S -> G,DA
KU,algebra,1,M,S -> G,DA
KU,calculus,1,P,S -> G,IA
KU,algebra,0,P,G -> S,IA
DCU,algebra,1,M,S -> G,DA
DCU,calculus,0,P,G -> S,IA
KU,algebra,1,K,S -> G,IA
DCU,algebra,0,K,S -> G,DP
DCU,algebra,0,K,G -> S,DP
KU,algebra,0,K,G -> S,IA
KU,calculus,1,K,S -> G,IP
KU,calculus,1,M,G -> S,DA
DCU,calculus,1,K,G -> S,DP
DCU,algebra,0,P,S -> G,IP
DCU,algebra,0,K,S -> G,DP
DCU,calculus,0,K,G -> S,IA
KU,algebra,0,K,S -> G,DP
KU,algebra,0,M,S -> G,DA
DCU,calculus,0,M,S -> G,IP
KU,calculus,0,M,G -> S,DP
KU,algebra,1,P,G -> S,DP
DCU,calculus,0,M,G -> S,DA
DCU,algebra,1,P,S -> G,IA
DCU,algebra,0,K,G -> S,DA
KU,algebra,0,M,S -> G,DP
DCU,algebra,0,K,S -> G,DA
DCU,calculus,0,P,G -> S,DA
DCU,algebra,0,P,G -> S,IP
KU,algebra,1,M,G -> S,DP
KU,calculus,1,K,G -> S,DP
DCU,calculus,0,M,S -> G,IP
DCU,algebra,1,K,G -> S,IA
KU,algebra,1,K,G -> S,DA
DCU,algebra,0,P,G -> S,IA
DCU,calculus,0,M,S -> G,DA
KU,calculus,0,M,G -> S,DP
DCU,calculus,1,K,G -> S,DP
DCU,calculus,1,M,S -> G,DP
KU,calculus,0,K,G -> S,DP
DCU,calculus,1,P,G -> S,IP
DCU,calculus,1,M,G -> S,DP
KU,calculus,0,K,G -> S,IA
DCU,calculus,1,K,G -> S,DP
DCU,algebra,0,K,G -> S,DP
KU,calculus,0,P,S -> G,IP
KU,algebra,1,K,S -> G,IA
DCU,algebra,1,K,S -> G,IA
DCU,calculus,0,P,S -> G,IA
KU,algebra,0,K,S -> G,IA
DCU,calculus,0,K,G -> S,DP
KU,algebra,1,M,G -> S,IA
KU,calculus,1,M,G -> S,DA
DCU,algebra,0,M,G -> S,DP
KU,calculus,1,M,S -> G,DP
KU,algebra,1,K,G -> S,IP
DCU,algebra,0,P,S -> G,DA
DCU,algebra,1,M,G -> S,DP
KU,algebra,1,K,G -> S,IA
KU,algebra,1,P,G -> S,DP
KU,algebra,0,K,G -> S,DP
DCU,calculus,1,P,G -> S,IP
KU,algebra,0,K,G -> S,IA
KU,algebra,1,K,S -> G,DA
KU,calculus,0,M,G -> S,IP
DCU,algebra,1,P,G -> S,IA
KU,algebra,0,M,S -> G,DA
KU,algebra,0,K,G -> S,IP
DCU,algebra,1,K,S -> G,IP
DCU,calculus,0,K,S -> G,IA
KU,algebra,1,K,S -> G,IP
DCU,calculus,1,P,G -> S,DA
DCU,algebra,1,K,G -> S,IP
KU,algebra,0,P,G -> S,IP
KU,algebra,1,P,G -> S,IA
DCU,calculus,0,M,S -> G,IA
KU,calculus,0,P,S -> G,IA
DCU,calculus,1,M,S -> G,DP
DCU,algebra,0,K,S -> G,IP
DCU,calculus,1,M,G -> S,DA
DCU,calculus,1,K,S -> G,DP
DCU,calculus,0,K,S -> G,IA
KU,algebra,0,K,G -> S,IP
KU,algebra,0,M,G -> S,DA
KU,algebra,1,P,S -> G,DA
DCU,calculus,0,M,G -> S,IA
KU,calculus,1,K,S -> G,DA
KU,algebra,0,M,G -> S,IA
KU,algebra,1,K,G -> S,DP
KU,calculus,0,K,S -> G,IA
DCU,algebra,0,P,G -> S,DA
KU,algebra,1,P,G -> S,DA
KU,algebra,1,P,G -> S,DA
KU,calculus,1,K,G -> S,IA
DCU,algebra,0,P,G -> S,IP
KU,algebra,1,M,G -> S,DP
KU,calculus,0,M,S -> G,DP
KU,calculus,0,M,G -> S,DA
KU,algebra,1,K,G -> S,DP
DCU,algebra,0,M,G -> S,DP
KU,calculus,1,M,G -> S,DP
DCU,calculus,0,M,G -> S,DP
DCU,calculus,1,M,S -> G,IP
KU,calculus,0,K,G -> S,DP
DCU,algebra,0,K,G -> S,IP
KU,calculus,0,K,G -> S,IA
KU,algebra,1,K,G -> S,IA
DCU,calculus,0,M,S -> G,DA
DCU,algebra,0,P,G -> S,DA
DCU,calculus,0,K,G -> S,IP
KU,algebra,1,K,S -> G,DA
KU,algebra,0,P,G -> S,DA
KU,calculus,0,M,S -> G,DP
KU,algebra,1,K,S -> G,IP
DCU,algebra,1,K,S -> G,DP
KU,algebra,1,P,G -> S,IA
DCU,calculus,0,P,G -> S,DA
KU,algebra,0,P,S -> G,IP
DCU,calculus,0,K,G -> S,DA
KU,calculus,1,K,S -> G,DP
DCU,calculus,1,P,G -> S,IA
DCU,algebra,1,K,G -> S,IA
DCU,calculus,1,K,S -> G,DA
KU,calculus,1,M,G -> S,DP
DCU,calculus,0,M,S -> G,IP
KU,calculus,1,K,G -> S,DP
KU,calculus,0,K,S -> G,IA
DCU,algebra,0,K,G -> S,IA
DCU,calculus,0,M,S -> G,DA
KU,calculus,0,P,G -> S,IP
KU,algebra,1,K,S -> G,IA
KU,algebra,1,M,G -> S,DA
DCU,algebra,0,P,G -> S,DP
DCU,algebra,1,M,S -> G,IA
KU,calculus,1,K,G -> S,IA
DCU,algebra,1,K,G -> S,DA
DCU,calculus,0,P,G -> S,DP
KU,algebra,1,K,S -> G,IP
KU,calculus,0,P,S -> G,DP
KU,algebra,1,K,G -> S,IA
KU,calculus,0,P,S -> G,IP
DCU,algebra,1,M,S -> G,DA
KU,calculus,0,M,S -> G,IA
DCU,algebra,0,M,G -> S,IA
KU,algebra,1,M,G -> S,IA
KU,calculus,0,K,S -> G,IA
DCU,algebra,0,P,S -> G,IP
KU,algebra,0,K,S -> G,IA
KU,algebra,1,P,G -> S,DP
DCU,calculus,1,K,S -> G,DP
KU,calculus,1,K,G -> S,IA
KU,algebra,1,K,S -> G,IA
KU,algebra,1,K,G -> S,DP
KU,algebra,1,K,G -> S,DA
KU,calculus,0,K,S -> G,DA
DCU,calculus,1,M,G -> S,IA
KU,algebra,0,P,G -> S,DP
KU,algebra,1,K,S -> G,IA
DCU,algebra,1,P,G -> S,IP
DCU,algebra,0,K,S -> G,DA
KU,calculus,1,P,S -> G,DP
KU,algebra,1,M,G -> S,DA
KU,algebra,0,K,S -> G,DA
DCU,calculus,0,K,G -> S,IP
DCU,calculus,0,K,S -> G,DA
DCU,calculus,0,P,S -> G,DP
KU,calculus,1,M,S -> G,DP
KU,algebra,1,P,S -> G,DA
KU,calculus,1,K,S -> G,IP
DCU,algebra,1,K,G -> S,IA
KU,calculus,0,P,G -> S,DA
DCU,calculus,0,K,S -> G,IP
DCU,calculus,0,P,S -> G,IP
DCU,algebra,0,P,S -> G,DP
KU,calculus,0,K,S -> G,DP
DCU,calculus,0,K,S -> G,DP
KU,calculus,0,K,S -> G,DA
KU,algebra,1,M,G -> S,IP
KU,algebra,1,M,S -> G,IP
KU,calculus,1,K,S -> G,IP
KU,calculus,1,M,S -> G,DP
KU,calculus,1,P,G -> S,IA
DCU,algebra,0,K,S -> G,DP
DCU,calculus,0,K,S -> G,DP
DCU,algebra,1,M,G -> S,DP
DCU,algebra,1,K,S -> G,DP
KU,algebra,1,K,S -> G,DP
DCU,algebra,0,M,G -> S,IP
KU,algebra,0,K,S -> G,DA
DCU,calculus,1,M,S -> G,DP
KU,algebra,0,K,G -> S,DA
KU,algebra,1,P,S -> G,IP
KU,algebra,0,P,G -> S,DP
KU,calculus,0,K,G -> S,DP
DCU,algebra,1,M,G -> S,DP
KU,calculus,1,M,G -> S,IA
DCU,algebra,0,M,S -> G,DP
KU,calculus,0,M,S -> G,DP
KU,algebra,1,K,G -> S,DA
KU,calculus,0,K,S -> G,DP
DCU,algebra,0,M,G -> S,DP
KU,algebra,1,P,S -> G,IP
DCU,algebra,1,M,S -> G,IP
KU,algebra,1,K,G -> S,IA
DCU,algebra,0,P,S -> G,IA
KU,calculus,0,K,S -> G,IP
KU,calculus,0,P,G -> S,DP
DCU,algebra,1,P,S -> G,DA
DCU,calculus,1,K,G -> S,IA
KU,calculus,0,K,S -> G,DA
DCU,algebra,0,P,G -> S,DP
DCU,algebra,1,K,G -> S,DA
KU,algebra,0,P,S -> G,DP
DCU,calculus,1,P,G -> S,IA
KU,calculus,1,K,G -> S,IA
DCU,algebra,1,M,S -> G,DA
KU,algebra,0,K,S -> G,DP
KU,calculus,1,K,S -> G,DP
KU,algebra,0,K,G -> S,IA
DCU,algebra,0,K,S -> G,DP
DCU,algebra,0,M,S -> G,IP
KU,calculus,1,P,G -> S,IA
KU,calculus,0,M,S -> G,IP
KU,calculus,1,K,S -> G,IA
DCU,calculus,0,P,G -> S,DA
KU,algebra,0,P,G -> S,IA
KU,calculus,0,K,S -> G,DP
KU,calculus,0,K,S -> G,IP
KU,calculus,1,P,G -> S,IP
DCU,calculus,1,P,S -> G,IA
DCU,algebra,0,M,G -> S,IP
KU,algebra,0,P,G -> S,IA
KU,algebra,0,P,G -> S,DP
DCU,algebra,1,M,S -> G,DA
DCU,algebra,1,K,G -> S,DP
DCU,calculus,1,K,G -> S,DA
KU,algebra,0,M,S -> G,IA
KU,calculus,1,M,S -> G,IP
KU,calculus,0,K,S -> G,IA
DCU,algebra,0,K,S -> G,DP
KU,algebra,1,K,G -> S,IP
KU,algebra,0,M,S -> G,IP
DCU,calculus,1,M,G -> S,DP
DCU,algebra,0,P,G -> S,IA
KU,algebra,0,K,G -> S,DP
DCU,calculus,0,M,S -> G,DA
DCU,calculus,0,M,S -> G,IP
DCU,algebra,1,M,S -> G,DA
KU,algebra,1,K,S -> G,DA
DCU,algebra,1,K,G -> S,IA
DCU,algebra,0,P,S -> G,DP
KU,algebra,1,K,S -> G,DA
KU,algebra,0,K,S -> G,IP
KU,algebra,0,K,G -> S,IP
KU,algebra,1,M,S -> G,IP
DCU,algebra,0,K,S -> G,DA
KU,algebra,1,K,S -> G,IA
KU,calculus,0,P,G -> S,DP
DCU,calculus,0,P,G -> S,DP
DCU,algebra,1,P,S -> G,IA
KU,calculus,1,K,G -> S,IP
KU,calculus,0,K,G -> S,DA
KU,calculus,1,P,S -> G,IP
DCU,algebra,0,M,S -> G,DA
DCU,calculus,0,K,S -> G,DA
DCU,algebra,1,P,G -> S,DP
DCU,algebra,1,P,G -> S,DP
DCU,algebra,1,M,G -> S,DA
KU,algebra,0,P,G -> S,IA
KU,calculus,1,K,S -> G,IP
DCU,calculus,1,K,G -> S,DP
DCU,calculus,1,K,G -> S,DA
DCU,algebra,1,P,S -> G,DA
DCU,algebra,0,P,S -> G,IA
DCU,algebra,1,M,G -> S,DP
DCU,algebra,1,P,G -> S,IP
KU,algebra,0,K,S -> G,IP
KU,algebra,1,P,S -> G,DP
KU,calculus,1,M,S -> G,DP
KU,algebra,1,K,S -> G,DP
DCU,algebra,1,P,S -> G,IP
KU,algebra,0,M,S -> G,IP
DCU,algebra,1,P,G -> S,IA
KU,algebra,1,K,S -> G,DP
DCU,calculus,0,P,S -> G,DP
DCU,calculus,1,K,G -> S,DA
KU,calculus,1,P,G -> S,IA
DCU,algebra,0,M,G -> S,DA
KU,calculus,1,M,S -> G,IA
KU,algebra,1,P,G -> S,IP
DCU,algebra,1,K,S -> G,DA
KU,algebra,1,K,S -> G,IA
DCU,calculus,1,P,S -> G,DA
DCU,calculus,0,P,G -> S,DA
KU,calculus,1,P,G -> S,DP
KU,calculus,0,M,G -> S,IA
KU,algebra,0,K,S -> G,IA
KU,calculus,0,M,S -> G,DA
DCU,algebra,0,M,G -> S,DP
KU,algebra,1,M,G -> S,DA
DCU,calculus,0,M,S -> G,DA
KU,algebra,1,P,G -> S,DP
DCU,calculus,1,M,S -> G,IP
KU,calculus,0,K,S -> G,IA
KU,algebra,1,P,S -> G,DP
DCU,calculus,0,K,G -> S,DP
KU,calculus,1,K,G -> S,DA
KU,calculus,0,M,G -> S,IP
KU,calculus,0,K,G -> S,IA
KU,calculus,1,P,G -> S,IP
KU,algebra,1,M,G -> S,IA
KU,calculus,0,K,G -> S,IP
KU,algebra,1,P,G -> S,DP
KU,algebra,0,K,S -> G,DA
KU,calculus,0,K,G -> S,IP
KU,calculus,1,K,S -> G,DP
KU,algebra,1,K,G -> S,IA
KU,calculus,1,P,S -> G,IA
DCU,calculus,0,M,S -> G,IA
KU,algebra,0,M,S -> G,DP
DCU,algebra,1,P,S -> G,IA
KU,algebra,1,M,G -> S,IP
KU,calculus,1,P,S -> G,IP
DCU,algebra,0,M,G -> S,IA
KU,algebra,0,K,G -> S,IP
KU,algebra,1,P,S -> G,DP
KU,algebra,1,K,G -> S,IA
DCU,algebra,0,P,S -> G,IA
DCU,calculus,0,K,G -> S,IP
KU,calculus,1,K,S -> G,DA
DCU,algebra,1,P,G -> S,DP
KU,algebra,1,K,S -> G,DP
DCU,algebra,1,M,G -> S,DA
DCU,calculus,0,K,G -> S,IP
DCU,calculus,0,K,S -> G,DA
DCU,algebra,0,K,S -> G,IP
KU,algebra,1,P,G -> S,IP
KU,calculus,1,P,S -> G,IP
KU,calculus,1,M,S -> G,DA
KU,algebra,1,P,S -> G,DA
KU,calculus,0,K,S -> G,DA
DCU,algebra,1,P,S -> G,DP
KU,calculus,1,P,S -> G,DA
KU,algebra,0,M,S -> G,IP
KU,calculus,0,P,S -> G,IP
KU,algebra,0,P,S -> G,DA
DCU,calculus,0,M,G -> S,DP
DCU,algebra,0,K,S -> G,DA
KU,algebra,0,P,S -> G,IP
DCU,algebra,0,K,G -> S,IA
KU,calculus,0,P,S -> G,IA
DCU,calculus,0,P,S -> G,IP
KU,algebra,0,M,S -> G,DA
DCU,algebra,0,M,G -> S,DA
KU,calculus,0,P,S -> G,DA
KU,calculus,1,P,S -> G,DP
DCU,algebra,1,M,S -> G,IP
KU,algebra,1,K,S -> G,DA
DCU,algebra,0,M,S -> G,DP
KU,calculus,0,P,S -> G,DP
DCU,calculus,0,M,S -> G,IA
KU,calculus,1,P,G -> S,IA
KU,calculus,0,M,S -> G,DA
KU,calculus,1,K,G -> S,DA
KU,calculus,1,P,S -> G,IP
KU,calculus,1,K,S -> G,DA
KU,algebra,0,P,G -> S,IA
KU,algebra,1,M,G -> S,IP
KU,calculus,0,K,S -> G,IP
KU,calculus,0,K,G -> S,DP
KU,algebra,0,M,S -> G,IP
DCU,algebra,0,K,G -> S,IA
DCU,algebra,0,P,G -> S,IA
DCU,algebra,1,M,S -> G,DP
DCU,calculus,0,K,S -> G,IA
DCU,calculus,1,P,G -> S,IP
KU,algebra,1,M,G -> S,DA
KU,algebra,0,K,G -> S,DP
KU,algebra,1,P,G -> S,IP
KU,calculus,0,M,G -> S,DA
DCU,algebra,0,K,G -> S,IP
DCU,algebra,1,M,G -> S,IA
KU,calculus,1,P,S -> G,IA
KU,algebra,1,P,G -> S,IA
DCU,algebra,1,M,S -> G,IA
DCU,calculus,0,K,S -> G,DA
DCU,algebra,1,K,G -> S,DP
DCU,calculus,0,M,S -> G,IA
KU,algebra,1,P,S -> G,DP
DCU,calculus,0,M,S -> G,DP
DCU,calculus,0,P,G -> S,IP
DCU,calculus,1,M,G -> S,DP
KU,calculus,1,K,S -> G,IA
DCU,algebra,0,P,G -> S,DA
KU,calculus,1,K,G -> S,IA
KU,calculus,0,M,S -> G,IA
KU,algebra,0,K,G -> S,IP
KU,calculus,1,M,S -> G,DA
DCU,algebra,1,K,G -> S,DP
DCU,calculus,0,K,S -> G,IP
KU,calculus,1,M,S -> G,DP
DCU,calculus,1,P,S -> G,IP
KU,calculus,1,K,S -> G,DP
KU,calculus,1,P,S -> G,DA
DCU,algebra,0,M,S -> G,DP
KU,algebra,1,K,S -> G,IA
DCU,calculus,0,P,S -> G,IP
KU,algebra,0,K,S -> G,DP
KU,calculus,0,P,G -> S,DA
KU,calculus,0,K,G -> S,IP
KU,algebra,1,P,G -> S,DA
KU,algebra,1,M,S -> G,DA
KU,algebra,0,P,S -> G,IP
KU,algebra,0,M,S -> G,IA
DCU,calculus,1,K,S -> G,DA
DCU,calculus,1,M,G -> S,DP
KU,calculus,1,M,S -> G,DA
KU,calculus,0,K,S -> G,IP
DCU,calculus,0,P,G -> S,DA
KU,calculus,1,M,G -> S,IA
DCU,calculus,1,P,G -> S,IA
KU,calculus,1,P,S -> G,DA
DCU,algebra,1,M,G -> S,DP
DCU,calculus,0,P,G -> S,IP
DCU,algebra,0,P,S -> G,IA
KU,calculus,1,P,G -> S,IA
DCU,algebra,1,P,S -> G,DP
DCU,algebra,1,K,G -> S,DA
KU,algebra,1,M,S -> G,IA
DCU,algebra,0,M,G -> S,DA
DCU,calculus,0,K,S -> G,IP
DCU,calculus,0,P,S -> G,IA
DCU,algebra,0,M,S -> G,DA
KU,calculus,0,P,S -> G,DP
DCU,calculus,1,M,S -> G,DP
DCU,calculus,1,M,G -> S,DP
KU,calculus,1,P,G -> S,DA
DCU,calculus,1,K,S -> G,DP
DCU,algebra,0,P,S -> G,IP
DCU,algebra,0,M,G -> S,IA
DCU,calculus,1,P,G -> S,DA
KU,algebra,1,P,S -> G,IA
KU,calculus,0,M,S -> G,DP
DCU,calculus,1,P,G -> S,DA
KU,calculus,1,P,S -> G,DP
KU,algebra,0,P,S -> G,IA
KU,calculus,0,K,G -> S,DP
KU,algebra,0,P,G -> S,IA
KU,calculus,1,P,S -> G,IP
DCU,algebra,0,K,S -> G,IP
KU,calculus,0,M,S -> G,DA
KU,calculus,0,K,S -> G,IP
DCU,algebra,0,P,G -> S,DA
DCU,algebra,0,K,G -> S,DA
KU,algebra,0,K,G -> S,DA
KU,calculus,1,K,G -> S,IA
DCU,calculus,0,P,S -> G,IA
KU,calculus,0,K,G -> S,IP
KU,calculus,1,P,G -> S,IP
DCU,algebra,0,M,G -> S,IA
DCU,algebra,1,K,S -> G,DA
DCU,algebra,1,P,G -> S,DA
KU,algebra,1,M,G -> S,DP
DCU,algebra,1,P,G -> S,DP
DCU,algebra,0,K,G -> S,IP
KU,calculus,1,P,G -> S,DA
KU,algebra,1,K,G -> S,DP
KU,algebra,1,P,G -> S,DP
DCU,calculus,0,K,G -> S,DP
KU,calculus,1,M,G -> S,IA
DCU,algebra,1,K,G -> S,IP
KU,calculus,1,M,S -> G,IA
DCU,calculus,0,P,S -> G,DA
KU,calculus,0,K,S -> G,IP
KU,calculus,0,K,G -> S,IP
DCU,algebra,1,M,G -> S,IP
DCU,calculus,1,P,S -> G,DA
DCU,calculus,0,M,S -> G,IA
KU,calculus,1,P,S -> G,DP
DCU,calculus,1,P,S -> G,IP
KU,algebra,0,P,S -> G,DP
DCU,algebra,1,M,G -> S,IP
KU,algebra,0,P,S -> G,DA
DCU,calculus,0,M,G -> S,DP
KU,algebra,0,M,G -> S,DA
KU,algebra,1,P,S -> G,DA
DCU,calculus,1,P,S -> G,DA
KU,calculus,1,K,S -> G,IP
KU,calculus,1,K,S -> G,DP
KU,algebra,1,K,G -> S,DA
KU,calculus,0,P,S -> G,IA
KU,calculus,0,M,G -> S,IP
DCU,algebra,0,K,S -> G,DP
DCU,calculus,0,P,G -> S,IA
KU,calculus,1,M,G -> S,IP
DCU,calculus,1,K,S -> G,DP
DCU,calculus,0,P,G -> S,IP
DCU,algebra,0,M,G -> S,DA
