﻿"﻿""Surname""",Firstname,Student No,Email,Tailored Data,assignment_paper_url,Result
Alexander,Ryan,23276234,ryan.alexander3@mail.dcu.ie,0,https://journals.plos.org/plosone/article?id=10.1371/journal.pone.0293653,
Baneham,Jacob,22269706,jacob.baneham3@mail.dcu.ie,1,https://journals.plos.org/plosone/article?id=10.1371/journal.pone.0264817,
Condon,Orlaith,22269716,orlaith.condon3@mail.dcu.ie,1,https://journals.plos.org/plosone/article?id=10.1371/journal.pone.0204847,
Corsale,Eleonora,23260468,eleonora.corsale2@mail.dcu.ie,1,https://journals.plos.org/plosone/article?id=10.1371/journal.pone.0182408,P
Faria,Vinicius,23271901,vinicius.faria2@mail.dcu.ie,1,https://journals.plos.org/plosone/article?id=10.1371/journal.pone.0189590,P
Galeb,Hannan,19314911,hannan.galeb2@mail.dcu.ie,1,https://journals.plos.org/plosone/article?id=10.1371/journal.pone.0197599,P
Gray,Shannon,20214783,shannon.gray23@mail.dcu.ie,0,https://journals.plos.org/plosone/article?id=10.1371/journal.pone.0293653,
Keeble,Helen,23270963,helen.keeble2@mail.dcu.ie,0,https://journals.plos.org/plosone/article?id=10.1371/journal.pone.0293653,
Lynch,Adam,22267287,adam.lynch223@mail.dcu.ie,1,https://journals.plos.org/plosone/article?id=10.1371/journal.pone.0299853,
Nguyen,Tam,22261126,tam.nguyen25@mail.dcu.ie,1,https://journals.plos.org/plosone/article?id=10.1371/journal.pone.0278751,P
O'Brien,Patrick,22270463,patrick.obrien65@mail.dcu.ie,0,https://journals.plos.org/plosone/article?id=10.1371/journal.pone.0293653,
Pronesti,Massimiliano,23277588,massimiliano.pronesti2@mail.dcu.ie,0,https://journals.plos.org/plosone/article?id=10.1371/journal.pone.0293653,
Redmond,James,22270559,james.redmond35@mail.dcu.ie,1,https://journals.plos.org/plosone/article?id=10.1371/journal.pone.0123955,P
Sabry,Mohammed,22270058,mohammed.sabry2@mail.dcu.ie,1,https://journals.plos.org/plosone/article?id=10.1371/journal.pone.0297804,P
Staunton,David,22269514,david.staunton8@mail.dcu.ie,1,https://journals.plos.org/plosone/article?id=10.1371/journal.pone.0129471,P
Zhang,Mengyao,23276986,mengyao.zhang5@mail.dcu.ie,0,https://journals.plos.org/plosone/article?id=10.1371/journal.pone.0293653,