Surname,Firstname,Student No,Flags,Email,Qual Code,Qual Period,Qual Desc,Qual OT,Qual OT Desc,Qual Blockcode,Qual BC Desc,Qual No,Code,Year,Description,Offering Type,OT Description,Block Code,BC Description,CA Mark,Exam Mark,Overall Mark,Result,Passed,Failed,Exempt,Resit,assignment_paper_url,assignment_data_url
Lacey,Aisling,16301251,,aisling.lacey5@mail.dcu.ie,SSPT,1,PhD-track,1,FULL-TIME,P,POST GRAD RESEARCH,1,MT611,2022,Quantitative Research Methods,1,FULL-TIME,7,SUMMER SEMESTER,,,,,FALSE,FALSE,FALSE,FALSE,https://journals.plos.org/plosone/article?id=10.1371/journal.pone.0186297,https://figshare.com/articles/dataset/Influence_of_sports_flooring_and_shoes_on_impact_forces_and_performance_during_jump_tasks/5491138
Keller,Anna,22260066,,anna.keller4@mail.dcu.ie,BSPT,1,PhD-track,1,FULL-TIME,P,POST GRAD RESEARCH,1,MT611,2022,Quantitative Research Methods,1,FULL-TIME,7,SUMMER SEMESTER,,,,,FALSE,FALSE,FALSE,FALSE,https://journals.plos.org/plosone/article?id=10.1371/journal.pone.0241011,https://osf.io/h84zn/
Teahan,Calvin,15512847,,calvin.teahan2@mail.dcu.ie,SSPD,3,PhD,1,FULL-TIME,P,POST GRAD RESEARCH,2,MT611,2022,Quantitative Research Methods,1,FULL-TIME,7,SUMMER SEMESTER,,,,,FALSE,FALSE,FALSE,FALSE,https://journals.plos.org/plosone/article?id=10.1371/journal.pone.0213375,https://figshare.com/articles/dataset/Dissociation_between_changes_in_sprinting_performance_and_Nordic_hamstring_strength_in_professional_male_football_players/7847168
Kavanagh,Hayley,20216604,,hayley.kavanagh7@mail.dcu.ie,SSPT,2,PhD-track,1,FULL-TIME,P,POST GRAD RESEARCH,1,MT611,2022,Quantitative Research Methods,1,FULL-TIME,7,SUMMER SEMESTER,,,,,FALSE,FALSE,FALSE,FALSE,https://journals.plos.org/plosone/article?id=10.1371/journal.pone.0164600,https://zenodo.org/record/4932692#.YoOlK2DMIZ9
Daniel Ndubuisi,Innocent,21261994,,daniel.innocent2@mail.dcu.ie,BSPT,1,PhD-track,1,FULL-TIME,P,POST GRAD RESEARCH,1,MT611,2022,Quantitative Research Methods,1,FULL-TIME,7,SUMMER SEMESTER,,,,,FALSE,FALSE,FALSE,FALSE,https://ieeexplore.ieee.org/stamp/stamp.jsp?arnumber=9754538,https://figshare.com/articles/dataset/Database/14328500
Thamanam,Nipuna,20214293,,nipuna.thamanam2@mail.dcu.ie,NSPT,2,PhD-track,1,FULL-TIME,P,POST GRAD RESEARCH,1,MT611,2022,Quantitative Research Methods,1,FULL-TIME,7,SUMMER SEMESTER,,,,,FALSE,FALSE,FALSE,FALSE,https://journals.plos.org/plosone/article?id=10.1371/journal.pone.0208761,https://figshare.com/articles/dataset/The_association_between_cross-cultural_competence_and_well-being_among_registered_native_and_foreign-born_nurses_in_Finland/7437254?file=13767326
Dal Bo,Paolo,21267963,,paolo.dalbo2@mail.dcu.ie,BSPT,1,PhD-track,1,FULL-TIME,P,POST GRAD RESEARCH,1,MT611,2022,Quantitative Research Methods,1,FULL-TIME,7,SUMMER SEMESTER,,,,,FALSE,FALSE,FALSE,FALSE,https://www.aeaweb.org/articles?id=10.1257/app.20160650,https://www.openicpsr.org/openicpsr/project/116347/version/V1/view?path=/pcms/projects/1/1/6/3/116347/V1.0.1&type=project
Dempsey,Sean,21269039,,sean.dempsey36@mail.dcu.ie,BSPT,1,PhD-track,1,FULL-TIME,P,POST GRAD RESEARCH,1,MT611,2022,Quantitative Research Methods,1,FULL-TIME,7,SUMMER SEMESTER,,,,,FALSE,FALSE,FALSE,FALSE,https://journals.plos.org/plosone/article?id=10.1371/journal.pone.0159659,https://figshare.com/articles/dataset/data_for_PLoS_June2016_sav/3458720
Malone,Shauna,11401858,,shauna.malone25@mail.dcu.ie,SSPD,5,PhD,1,FULL-TIME,P,POST GRAD RESEARCH,1,MT611,2022,Quantitative Research Methods,1,FULL-TIME,7,SUMMER SEMESTER,,,,,FALSE,FALSE,FALSE,FALSE,https://journals.plos.org/plosone/article?id=10.1371/journal.pone.0231378,https://figshare.com/articles/dataset/Establishment_of_an_enhanced_recovery_after_surgery_protocol_in_minimally_invasive_heart_valve_surgery/12105912
Ayres,Siobhan,21267576,Y,siobhan.ayres4@mail.dcu.ie,BSPT,1,PhD-track,1,FULL-TIME,P,POST GRAD RESEARCH,1,MT611,2022,Quantitative Research Methods,1,FULL-TIME,7,SUMMER SEMESTER,,,,,FALSE,FALSE,FALSE,FALSE,https://journals.plos.org/plosone/article?id=10.1371/journal.pone.0246576,https://osf.io/b3u5k/
Mc Mullan,Tara,16396846,Y,tara.mcmullan2@mail.dcu.ie,MEPM,1,MEng,1,FULL-TIME,P,POST GRAD RESEARCH,1,MT611,2022,Quantitative Research Methods,1,FULL-TIME,7,SUMMER SEMESTER,,,,,FALSE,FALSE,FALSE,FALSE,https://journals.plos.org/plosone/article?id=10.1371/journal.pone.0204004,https://figshare.com/articles/dataset/Statistical_degradation_modelling_of_Poly_D_L-lactide-co-glycolide_copolymers_for_bioscaffold_applications/7153289