X,M,Y,X1,X2,X3,M1,M2,M3,Y1,Y2,Y3,group_exp
0.8907531491507114,-0.1848464007101934,0.2882949040787336,0.8907531491507114,-0.7767586398066262,-0.01734946546823788,-0.1848464007101934,0.06212213775506549,0.29877839812930795,0.2882949040787336,0.8371026022782249,0.5944691828402868,group_1
0.7936101258242365,-0.33243733444674783,-0.6400314691001351,0.7936101258242365,0.5738503375871066,1.1438264883479752,-0.33243733444674783,0.2879465590217447,1.0434188221367808,-0.6400314691001351,0.011178652123581184,0.4867475889951504,group_1
0.6332526554158582,0.8106292742040131,-0.791546700377783,0.6332526554158582,-0.4346928454769045,1.278881417620044,0.8106292742040131,1.1061815430408957,0.8568521400019962,-0.791546700377783,-1.4558266906967665,-0.15432691388220382,group_1
0.37358927625383975,-0.6406794052045348,1.2555924320784544,0.37358927625383975,1.0549068148154248,0.771700219589078,-0.6406794052045348,0.061623938725977004,-0.24062484007698448,1.2555924320784544,1.5473268539634375,1.1592412593849888,group_1
-0.2628225985203867,-1.0900532585966636,-0.18587502531586012,-0.2628225985203867,-2.1935405844702673,-1.1337454744561026,-1.0900532585966636,-1.406149126238177,-0.861151333038515,-0.18587502531586012,0.48923630177639904,-0.13505415843717458,group_1
-1.4918682191535475,-1.1753634348148831,1.354375783259492,-1.4918682191535475,-1.431186959542982,-1.06040036041422,-1.1753634348148831,-1.1979774134775527,-0.6593851427609583,1.354375783259492,0.7788576082080328,1.3209513634618044,group_1
1.231491875613931,0.523460257852409,1.3379602302095945,1.231491875613931,0.4764559967340444,1.745209962810942,0.523460257852409,0.7779023406093472,0.38770095248535585,1.3379602302095945,1.7690493347535377,1.5304227598880464,group_1
0.038253919614007384,-1.9754611723609168,-1.214189314841764,0.038253919614007384,-0.3871776684278698,0.07838683910994725,-1.9754611723609168,-2.3360901547949284,-1.8737260262475466,-1.214189314841764,-0.1731106527264749,-0.7542310258402325,group_1
0.6109419615157807,1.0508851178491645,1.1918753168853766,0.6109419615157807,1.0057047740555516,0.9414292368418203,1.0508851178491645,0.1807762589317632,0.9887852856951824,1.1918753168853766,0.5871524345240557,0.9266808473772641,group_1
-1.8765989045504494,-0.9326862887899707,0.004403922574975544,-1.8765989045504494,-1.9842088528267774,-1.0934842499900768,-0.9326862887899707,-0.9578808437069803,-0.9183182201811433,0.004403922574975544,-0.21876855707126525,-0.1551673308529298,group_1
-0.35896051595616774,0.7690875456698755,-0.5409938889953544,-0.35896051595616774,-0.43603770083440396,0.4223508736513763,0.7690875456698755,0.3442310184386332,1.0992931901534662,-0.5409938889953544,-0.28093475593857686,-0.48719080895860795,group_1
2.114484464324849,-1.3341231129186342,-1.3556011211795995,2.114484464324849,1.7247649646082026,0.7782857777538399,-1.3341231129186342,-0.43672507326832455,0.8153340825902256,-1.3556011211795995,-0.8089285043048622,-1.8472982519974324,group_1
1.8060997260487093,-0.30858787527413145,1.848439926973995,1.8060997260487093,1.8772469194672678,1.1512725448805794,-0.30858787527413145,-0.30122016837950305,-0.07694304473073058,1.848439926973995,2.538383893784496,2.403259529019794,group_1
0.040511379088404464,-0.22142260508339534,0.7590878023478673,0.040511379088404464,0.5195445718127326,0.0747748795538435,-0.22142260508339534,0.21566276632724096,0.22651608626655706,0.7590878023478673,0.4695610850452792,0.455571321539429,group_1
0.4301805021156778,-1.2300302841010378,0.5229187983477094,0.4301805021156778,-0.38238270331788166,-0.5505670249106966,-1.2300302841010378,-1.071715172285197,-1.0496205251406026,0.5229187983477094,-1.3868161145864901,-0.4443557548575342,group_1
-2.5482977812873755,-0.20625362735974462,-1.1461738131212083,-2.5482977812873755,-2.5122027836183323,-0.9650179191602005,-0.20625362735974462,-0.7362329882880675,-0.35261939975683826,-1.1461738131212083,-0.516712759696572,-1.1367065450457048,group_1
-0.681724001934842,0.7214701816296636,-0.20251758610715362,-0.681724001934842,-1.4766943537069523,-0.7426261923024695,0.7214701816296636,0.786651089935039,1.5653926326669658,-0.20251758610715362,-0.06748252247258912,0.5514932647666042,group_1
-0.21168490271911183,-0.40203722685597804,0.6491932834410822,-0.21168490271911183,-1.0270182884867918,-1.2007611922790054,-0.40203722685597804,-1.443928203445241,-1.3184529254120323,0.6491932834410822,-0.4049534664512182,-0.3313736780469841,group_1
-1.3224506692980322,-0.6382571336329417,-1.6075699171727023,-1.3224506692980322,-1.4991579341443533,-1.0890607583505496,-0.6382571336329417,-1.0280895607616802,0.1043784742786026,-1.6075699171727023,-0.11663267353737,-0.41719662630535187,group_1
-0.410219035981281,1.0290477033110896,0.7736808845724302,-0.410219035981281,0.11124549769227571,-0.4296151521760534,1.0290477033110896,1.6495452557334684,2.307937682038258,0.7736808845724302,0.5771578932793254,0.9814207045436218,group_1
-0.3936520065666515,-0.7347901763158571,1.4937279669608674,-0.3936520065666515,0.5061724172425274,-0.8638940185696038,-0.7347901763158571,-0.14968303589792198,-0.10053481832463446,1.4937279669608674,0.9108971663989109,0.08401475278648961,group_1
1.0266907608627247,0.9069704098612738,0.5500560100465559,1.0266907608627247,1.0195608521853459,0.9585409273217845,0.9069704098612738,1.8325200102147665,1.2104758974043581,0.5500560100465559,0.5659254459799026,0.39044636089084833,group_1
1.586705500601911,0.6447006812683601,-0.47885159960867385,1.586705500601911,-0.12993713194931555,1.0014927916782113,0.6447006812683601,0.3210034721057645,0.500899184237533,-0.47885159960867385,0.23086149761062041,-0.7629323388438214,group_1
-1.1393870506332473,-1.0029651637998296,-0.5872740878542446,-1.1393870506332473,-1.6170522188793959,-0.6823030931995459,-1.0029651637998296,-0.5567579976272411,-1.1343165606169323,-0.5872740878542446,-0.18990243978573101,-0.6876845621281777,group_1
1.1643958719769965,-0.04900123528260045,1.9316332128487428,1.1643958719769965,0.6805158008558732,-0.36471134650835774,-0.04900123528260045,-0.8565456088236802,-0.5586894164794409,1.9316332128487428,0.43439857352077527,1.0192439628999117,group_1
-0.38043576353591296,1.5934077313087829,1.2780540347246228,-0.38043576353591296,-0.9638589142505117,-0.19932082656766945,1.5934077313087829,1.2214280666217407,1.1731990933068688,1.2780540347246228,1.1441156741578076,1.6996573468018974,group_1
1.2903364679226377,-1.6394353603128475,0.2716141101510463,1.2903364679226377,-0.2849688376454766,1.2768593998791087,-1.6394353603128475,-0.3916408309717204,-1.43437166840337,0.2716141101510463,-0.654890776438721,-0.317491878005285,group_1
1.2353777145334865,-0.7800173320285777,-0.8414994824236509,1.2353777145334865,1.0549323436431521,0.1855919394414195,-0.7800173320285777,-0.38360489239528256,-0.8622502972688126,-0.8414994824236509,0.09081946913760507,-0.9821162071649574,group_1
0.7860197519636639,0.5210787572199038,-0.4398540527468561,0.7860197519636639,0.5530236174139442,0.1085803609674337,0.5210787572199038,0.2127312207096333,1.4772992196072177,-0.4398540527468561,0.24646503735787156,-0.3633729232230382,group_1
1.226244888067576,1.2210813268168266,1.6485912823684787,1.226244888067576,0.9420587347316085,0.4566781018098814,1.2210813268168266,1.761629606756129,1.4298037098585477,1.6485912823684787,0.5969046454144338,0.6382525945450566,group_1
0.026171073011056707,0.3729707675498885,1.2528237828230702,0.026171073011056707,-1.1715340343644574,0.5682951302927727,0.3729707675498885,0.5123504136152477,0.06796914073896292,1.2528237828230702,2.4235577360799745,1.7989811798470627,group_1
0.435233758739344,-0.08714061400178943,1.3958305002384346,0.435233758739344,-0.1912279761868167,0.04602697557561017,-0.08714061400178943,0.22510130821779029,1.1458638943140385,1.3958305002384346,0.7787430542276018,0.856358635309906,group_1
-1.0910146716064442,-0.6255189651725179,0.24110177648439693,-1.0910146716064442,-1.988280626301506,-2.3363242968166875,-0.6255189651725179,-0.5963093539890509,-0.791090751414355,0.24110177648439693,0.5254971426843724,-0.03024328924613956,group_1
-0.633899278248478,-0.8431506173536616,0.23210179055992913,-0.633899278248478,-1.5026968602029578,-0.9877066522774484,-0.8431506173536616,-0.47292008418313003,0.4657229931122684,0.23210179055992913,0.5369958025997907,0.3716762466775217,group_1
-1.0140723150976145,-1.2819038603771278,1.0296924516608954,-1.0140723150976145,-1.9995299438894758,-1.4207204328295966,-1.2819038603771278,-0.5172635634231254,0.09211324110672289,1.0296924516608954,1.105311391827802,0.6856754101714149,group_1
1.054740217162323,0.9239718103957386,0.9906443683930988,1.054740217162323,0.365187831178324,0.07569430805403145,0.9239718103957386,0.8535935489864582,-0.2686775184586122,0.9906443683930988,0.7648548856842233,0.22158914377903693,group_1
0.606002422346538,-0.8690751063155229,0.2684937079611404,0.606002422346538,0.42682504109767505,0.8148957172188139,-0.8690751063155229,-0.11970105206828247,-0.5523455507353732,0.2684937079611404,0.5439563634920591,0.6955046869462456,group_1
0.051215432419718224,-1.4213834846684283,-2.207710382303833,0.051215432419718224,-0.7008469491658669,-0.266917454229552,-1.4213834846684283,-1.9344128361842208,-1.1657629871129742,-2.207710382303833,-2.167078751984131,-2.0418629365197463,group_1
-0.6201366882267783,-0.5025004578339726,-0.12884371388902785,-0.6201366882267783,0.2156253136876362,-0.9326980559550289,-0.5025004578339726,-0.6971517328727197,-1.074585754503244,-0.12884371388902785,0.045300292017715627,0.27466374737157256,group_1
-0.6302119856551933,-0.7053656158169048,1.9796446681887245,-0.6302119856551933,-0.29204431818158483,-0.22555233557966378,-0.7053656158169048,-0.4532173078218825,-0.31795829809413834,1.9796446681887245,1.464756743764682,0.25585367342411003,group_1
-0.5362493115848346,-0.6722116905140502,-0.3250893142526249,-0.5362493115848346,0.07969489247981915,-0.20996577766579108,-0.6722116905140502,-0.3128555243331899,0.4494688214788679,-0.3250893142526249,0.8265482162813559,-0.5366274437547929,group_1
-0.5756731114733139,-1.4056051263668248,-1.4282949044532218,-0.5756731114733139,-0.20128530664353333,-0.7482293938631016,-1.4056051263668248,-1.231469481884017,-1.3914381711911272,-1.4282949044532218,-1.5762920879959474,-1.3798872629534704,group_1
-0.7769172740125135,-0.56664323095872,-0.04442550176856799,-0.7769172740125135,-0.8222648884221629,-0.08528108204714464,-0.56664323095872,-1.1561848909978187,-1.406478806578085,-0.04442550176856799,-0.6039518950441345,-0.1293642490412829,group_1
-0.09024091335257141,0.15546927074402167,-0.7931521386720671,-0.09024091335257141,-0.6124806667928853,-0.04242943555963198,0.15546927074402167,0.17463485229725378,-0.26428469965996115,-0.7931521386720671,-0.6099776363697029,-0.7991486184763494,group_1
-0.059905923738207134,0.17569306056770406,-0.30332621249911995,-0.059905923738207134,0.39753451069581525,0.8460352467028683,0.17569306056770406,0.38799847976566837,0.3254019817455779,-0.30332621249911995,0.49581353002477035,-1.2937273132462082,group_1
-0.6712616313667025,0.4534786433283209,0.9426547405370859,-0.6712616313667025,0.03785319320555958,-0.2777958570516193,0.4534786433283209,0.44370639744490414,1.0672787931931045,0.9426547405370859,0.9393674052812133,1.9985878818143306,group_1
0.024861321743150172,-0.2699514960736286,-0.9486031537380833,0.024861321743150172,1.7310883744385301,1.4306018298872043,-0.2699514960736286,-0.8681855140004582,0.21950941692902504,-0.9486031537380833,0.2399515391761349,-0.47074745823242076,group_1
-0.19298587789877553,-1.5468518425729059,-1.419492709376062,-0.19298587789877553,-0.9623132466959843,-0.18693486729995232,-1.5468518425729059,-0.9892979107400875,-1.1897877919823103,-1.419492709376062,-0.7924686413282178,-0.17455859995786543,group_1
0.7687185944043622,0.07776699369110755,-1.1226056669590965,0.7687185944043622,0.3111583431179905,1.7999245221039921,0.07776699369110755,0.8923938681127295,1.061909383070583,-1.1226056669590965,-0.004957660607498554,-0.7117412373776455,group_1
-1.171537229640334,-1.1098654103753827,0.7032893064220861,-1.171537229640334,-1.5329025481910235,-1.2976238292103126,-1.1098654103753827,-0.863017478083672,-0.11478003913123916,0.7032893064220861,0.680423367554382,-1.0680317304711722,group_1
1.9653059438547942,-0.07020383999987868,0.5158094731093058,1.9653059438547942,0.5113209083538867,0.5514469819893338,-0.07020383999987868,0.6741803302143271,1.2914724455009396,0.5158094731093058,-0.2836707974092289,-0.157580681987865,group_1
-0.3305575517974797,0.26986750182076147,1.3567591094439724,-0.3305575517974797,0.39174772069806785,0.5592331709564669,0.26986750182076147,1.1442923069497544,0.7277621399955934,1.3567591094439724,1.3754616313140038,0.4580649574441323,group_1
1.3688197767882382,-0.6961834442407198,0.8905306972503759,1.3688197767882382,1.67101880194264,0.7711015049257381,-0.6961834442407198,-0.7585935135103625,0.5623111447610547,0.8905306972503759,0.9969524594510009,0.8583308447502271,group_1
-0.4481473280386535,1.287207501194814,1.341016605388483,-0.4481473280386535,-1.5850287494508737,-0.5331172670734644,1.287207501194814,1.1806949821398114,1.0255082905525301,1.341016605388483,0.5972755411352811,0.9207494128056126,group_1
-0.19067965393012504,-0.3827449127618335,-0.25517717265984474,-0.19067965393012504,0.30371673310071545,0.13580526760427974,-0.3827449127618335,-0.7851708946263298,-0.6453255443924182,-0.25517717265984474,-0.005603335800385162,0.46743454952491226,group_1
-2.7948337036108977,0.02249552666031429,0.7224810253158886,-2.7948337036108977,-3.009582940792857,-3.4282870383122956,0.02249552666031429,-1.0416848995620254,-1.1446770811778997,0.7224810253158886,0.6368266751033833,2.1998386096508495,group_1
-0.9871166044070697,2.234849107999255,2.8344543340884005,-0.9871166044070697,-0.9035544582294616,-0.7505730602572535,2.234849107999255,1.7490760909044536,2.288590756753142,2.8344543340884005,2.363932390296001,2.4893867781425034,group_1
-0.5764471011642487,-0.84760566135307025,-1.7517279999431812,-0.5764471011642487,0.017676001884387865,-0.1769480056187136,-0.84760566135307025,-0.910601182490711,-1.6161629525399182,-1.7517279999431812,-1.2525979463647532,-1.6728553103576704,group_1
2.4209634558713877,2.049849256822201,1.2074129304552321,2.4209634558713877,1.506743790851066,2.163766131526447,2.049849256822201,2.1272124506530132,2.7481667157874035,1.2074129304552321,0.8116496804609212,2.024414252339982,group_1
-1.0371839462386387,-1.3852098320048472,0.07410916011033235,-1.0371839462386387,-1.4951653976977293,-1.307157019806265,-1.3852098320048472,-0.6633480464977234,-1.3816912911684214,0.07410916011033235,1.006503306027374,0.5997874099302096,group_1
0.3264651232333877,0.39985820538575906,0.07816559839468959,0.3264651232333877,-0.3002466346461881,-0.1882743893024363,0.39985820538575906,0.34753614190614,0.8555951064715877,0.07816559839468959,-0.2665752373503448,-0.5450458740686988,group_1
1.7460544357097123,1.8630067396338872,1.9328026317774787,1.7460544357097123,1.2000443280414845,2.23960173788222,1.8630067396338872,1.0063385907143896,0.8398833269846013,1.9328026317774787,1.6573137636689226,1.0506622242833203,group_1
0.13365556431402303,-0.34413957640261744,-0.3604990976827329,0.13365556431402303,-1.6089870972206832,-0.8952029224104221,-0.34413957640261744,-0.7549761109757631,-0.8749687083661379,-0.3604990976827329,-0.6273062705129909,-1.6839004826530322,group_1
-0.356954993254246,-0.20901913531966265,0.23739082209743423,-0.356954993254246,0.09663376115185474,0.6122348105186697,-0.20901913531966265,0.3424384111256809,0.3959736943410207,0.23739082209743423,0.038834799733854175,-0.3021460860245797,group_1
0.7145842468605776,-0.5922922945057716,-0.7251708244489589,0.7145842468605776,0.9096916471113363,0.9363179716908855,-0.5922922945057716,0.39453263957260587,0.07858465579974738,-0.7251708244489589,-1.3119293291350396,-1.2794003979134148,group_1
0.6088377099478566,0.40527682146457744,-0.6227538012722234,0.6088377099478566,0.3582069530409324,1.057181908960974,0.40527682146457744,-0.41383043571303796,0.02239975406731623,-0.6227538012722234,-0.18395696648910131,-0.7141526073922893,group_1
-2.0048142554227555,0.47714003815265305,-0.7649596041998155,-2.0048142554227555,-1.0298308544546144,-0.9393365571132807,0.47714003815265305,-0.1817340205972723,0.575148025840704,-0.7649596041998155,-0.5053988878912438,-0.6320082840105214,group_1
-1.1929647713265217,-0.3066534325873245,-0.312925978918294,-1.1929647713265217,-0.5551549898524478,-0.9638321846958694,-0.3066534325873245,0.06409216328449797,0.1341925117830095,-0.312925978918294,0.5971697146186978,0.361929210253117,group_1
0.25177898297310775,0.15550720983424987,0.0864436712452882,0.25177898297310775,-0.015252590703467128,0.323044540817323,0.15550720983424987,-0.740390474500096,-0.30946957134831876,0.0864436712452882,-0.16318903916924565,-0.2723892701401102,group_1
-0.9071086925931974,-0.7798290381604867,0.4713504173404426,-0.9071086925931974,-0.7289663634439363,-0.09053929368616898,-0.7798290381604867,-0.6875514507524904,-0.5886701837859798,0.4713504173404426,-0.49164730798097034,-0.6918084546307564,group_1
0.634399364119551,0.39627953215734774,-0.6931092791194984,0.634399364119551,0.8035284967994765,0.3731161662122005,0.39627953215734774,0.7596944842819733,0.9633021388466736,-0.6931092791194984,0.29430724830341626,-0.06682080608493092,group_1
-0.8475525267220301,0.8643276023457548,-1.262050677755289,-0.8475525267220301,-1.9825303098897178,-0.8958838741832885,0.8643276023457548,-0.16761114576374248,-0.4695228495517973,-1.262050677755289,-1.64773631469125,-0.5062994648255017,group_1
-0.6399020135237813,-1.642191781333855,-0.8805734200132201,-0.6399020135237813,-0.9135610285686785,-0.2693030216074375,-1.642191781333855,-2.358292450912565,-0.9937774231596566,-0.8805734200132201,-1.0414339089080709,-1.6180293049949226,group_1
-1.645737593379118,-0.874993832564935,-1.0151770376080294,-1.645737593379118,-0.8966544880518438,-0.44859980624360707,-0.874993832564935,-0.6427591775262415,-1.013163510563695,-1.0151770376080294,-0.5432128694486772,-0.04843932689211629,group_1
0.2228931117182304,0.47474239483567504,1.677396325387804,0.2228931117182304,0.9544596341983926,-0.24562059652159873,0.47474239483567504,0.5081224871896803,0.4195986898213973,1.677396325387804,1.5718955069418474,2.2641773737715263,group_1
-0.353304271680121,0.16553272474675657,0.2660781929362339,-0.353304271680121,-1.0898819243170599,-1.117894725559207,0.16553272474675657,-0.40424650788407246,-0.34836089680508076,0.2660781929362339,-0.3634868114741745,-0.6872445741890869,group_1
1.7390711826870051,0.4407770375746449,0.5269949404644242,1.7390711826870051,0.618286008622703,1.1514986780079628,0.4407770375746449,-0.18371219514409876,0.40380649998290197,0.5269949404644242,0.8049392431697412,0.06510864646537419,group_1
-0.3802603639124753,-1.88506874760764,-1.169567492694009,-0.3802603639124753,-1.3441235713366526,-0.5488702213155895,-1.88506874760764,-1.53254578622692,-1.3175513853309124,-1.169567492694009,-0.24356787879816527,0.06528130649349798,group_1
1.478521592657341,0.8514437952811097,2.118512555490703,1.478521592657341,0.580041162177508,0.5674893884013658,0.8514437952811097,0.9615513636765,0.7387723218553621,2.118512555490703,0.03969157313116212,0.23858012399497522,group_1
0.9004701265738293,1.1760804108772391,1.4864590090825047,0.9004701265738293,0.567339102054171,-0.03259511551346836,1.1760804108772391,1.2213428777202624,1.371370515891511,1.4864590090825047,0.8551107657209676,0.6472369850358399,group_1
0.9921359281793778,0.49541589128647545,-0.45475917209905425,0.9921359281793778,-0.7666701352534085,0.8118334290563204,0.49541589128647545,0.28469441993340106,0.3724424402021241,-0.45475917209905425,-0.2365070260530175,-0.8594428675248758,group_1
-0.9715980758577122,-1.0652961777610397,-1.9400991436178827,-0.9715980758577122,-1.6872755432349633,-0.6636432875797872,-1.0652961777610397,-1.6626273627486154,-0.8563957474450123,-1.9400991436178827,-1.265087060248672,-2.3162135750787867,group_1
0.03178205832231086,0.4899082631994103,1.7098987096973528,0.03178205832231086,0.2781645990259319,0.4741925560546564,0.4899082631994103,1.909404237797622,1.1759909733117417,1.7098987096973528,1.4587875825195,0.7369556750273378,group_1
-0.14721097638368896,0.14824069024458414,-0.512183184440337,-0.14721097638368896,-1.0976033508997811,-0.27684274288957744,0.14824069024458414,0.2754071806090293,0.12276929195055111,-0.512183184440337,-0.07521675456356086,0.20795711268310785,group_1
0.7031385047767797,0.3970410501525166,0.7191841106767793,0.7031385047767797,-0.8778292074362778,-0.6806836790081239,0.3970410501525166,1.1660979136629672,0.4125776416634131,0.7191841106767793,0.05900014825277855,0.15077757809155934,group_1
-0.06461319653838377,-1.7475636234612004,-1.0160718723323099,-0.06461319653838377,-0.26217989634279404,-0.11672513598487674,-1.7475636234612004,-1.7097848703361855,-1.1727546727364413,-1.0160718723323099,-0.7002846315177386,-1.32559368900586,group_1
0.9971666982652879,2.342114497970465,0.898065454033744,0.9971666982652879,1.1119500561091764,0.9829636010864174,2.342114497970465,0.8450736831908269,1.6239074958473227,0.898065454033744,0.585520440224449,0.4577930871198707,group_1
1.8460461625315325,0.5091642989967742,1.3825443887899642,1.8460461625315325,1.4798253737152556,1.8384251344057105,0.5091642989967742,0.9761332502253143,1.8368979842013564,1.3825443887899642,1.7895252393826244,2.2484423897234898,group_1
1.8991217277270833,1.43315223844302,1.1189816965743984,1.8991217277270833,0.8205356692613761,1.0232741369343172,1.43315223844302,1.7271076534712384,1.4133530644205972,1.1189816965743984,2.027015280474742,1.697368150084191,group_1
1.2395313014918736,1.831822263960052,1.8313962486533697,1.2395313014918736,1.1713235431593667,1.8229441598733647,1.831822263960052,1.1470093254167364,1.1327823181436587,1.8313962486533697,1.440852250648794,0.5969492862221972,group_1
-1.965304346277726,0.4518284252885918,0.4703335169051681,-1.965304346277726,-1.2773843591385698,-1.9445445166995499,0.4518284252885918,-0.09225247519574668,-0.15213839876668295,0.4703335169051681,0.5196835552061099,0.48203361949450907,group_1
0.694858662564895,0.1327997768565598,-0.39298510007075693,0.694858662564895,0.22723607415942726,0.19114552551195352,0.1327997768565598,-0.0858601202821773,1.12403299783163,-0.39298510007075693,0.03498267173396666,0.33481141604370596,group_1
0.3342437276406636,1.6893566114781562,0.36522447974584404,0.3342437276406636,2.095103883322863,1.5644664417119396,1.6893566114781562,1.5538573081053664,2.500038791360022,0.36522447974584404,-0.42442600828647215,-0.5077001082940957,group_1
0.31415719488533644,-0.7407263422095778,0.6875907278048191,0.31415719488533644,0.8133201519689084,1.1731121074955588,-0.7407263422095778,-1.0742663870437659,-0.6868951908320888,0.6875907278048191,1.182531018998724,0.32649415972495005,group_1
0.743954165352606,0.9453833597372896,0.14143420964232156,0.743954165352606,0.38315432441546693,-0.15341516133360497,0.9453833597372896,1.0125988485883615,0.38604287033311363,0.14143420964232156,0.355473466417178,-0.21526993977288023,group_1
-0.4351181767964027,-1.6608645386181253,-0.37526480226853276,-0.4351181767964027,-0.6128095710118201,-0.40709597193951236,-1.6608645386181253,-1.1925862856820377,-1.5258254989811537,-0.37526480226853276,-1.2420843465853955,-0.9055618256335654,group_1
0.5555240525113992,-0.2765847373569031,-2.418584501982674,0.5555240525113992,1.569853122486831,1.3184490328825036,-0.2765847373569031,-0.6237389839890125,-0.1224105761140808,-2.418584501982674,-0.9982244558990327,-2.0074300299787233,group_1
0.43202122695605605,-0.8546263127373896,0.8647267140031992,0.43202122695605605,0.6069905457742814,0.05843583473376844,-0.8546263127373896,-0.7958544461810492,-0.7461670097675872,0.8647267140031992,-0.22837672374006007,0.2937932959062429,group_1
-1.6716775346497335,-2.0257914533088277,-2.480859447404824,-1.6716775346497335,-1.6758148829382216,-2.3856334065059226,-2.0257914533088277,-1.6224697175134282,-1.742120850401412,-2.480859447404824,-2.100878324762367,-2.537128508237778,group_1
-0.4495479307514378,-0.46967762292476906,0.33222644895453457,-0.4495479307514378,-0.9948747533063091,-0.6137288026281111,-0.46967762292476906,-0.0731673962530881,-0.2639431062727726,0.33222644895453457,0.6962018528454038,-0.3500673095600459,group_1
2.8907531491507115,1.8151535992898067,2.2882949040787337,2.8907531491507115,1.2232413601933738,1.9826505345317622,1.8151535992898067,2.0621221377550656,2.2987783981293077,2.2882949040787337,2.837102602278225,2.594469182840287,group_2
2.7936101258242365,1.6675626655532523,1.3599685308998648,2.7936101258242365,2.5738503375871065,3.143826488347975,1.6675626655532523,2.2879465590217447,3.043418822136781,1.3599685308998648,2.011178652123581,2.4867475889951502,group_2
2.633252655415858,2.810629274204013,1.208453299622217,2.633252655415858,1.5653071545230954,3.278881417620044,2.810629274204013,3.1061815430408957,2.856852140001996,1.208453299622217,0.5441733093032335,1.8456730861177961,group_2
2.3735892762538398,1.3593205947954652,3.2555924320784544,2.3735892762538398,3.054906814815425,2.771700219589078,1.3593205947954652,2.061623938725977,1.7593751599230156,3.2555924320784544,3.5473268539634377,3.159241259384989,group_2
1.7371774014796133,0.9099467414033364,1.81412497468414,1.7371774014796133,-0.19354058447026734,0.8662545255438974,0.9099467414033364,0.5938508737618231,1.138848666961485,1.81412497468414,2.489236301776399,1.8649458415628255,group_2
0.5081317808464525,0.8246365651851169,3.354375783259492,0.5081317808464525,0.568813040457018,0.93959963958578,0.8246365651851169,0.8020225865224473,1.3406148572390417,3.354375783259492,2.7788576082080327,3.3209513634618046,group_2
3.231491875613931,2.523460257852409,3.3379602302095943,3.231491875613931,2.4764559967340443,3.745209962810942,2.523460257852409,2.777902340609347,2.387700952485356,3.3379602302095943,3.7690493347535377,3.5304227598880464,group_2
2.0382539196140073,0.024538827639083216,0.785810685158236,2.0382539196140073,1.6128223315721302,2.0783868391099474,0.024538827639083216,-0.33609015479492843,0.12627397375245342,0.785810685158236,1.826889347273525,1.2457689741597675,group_2
2.6109419615157807,3.0508851178491643,3.1918753168853766,2.6109419615157807,3.005704774055552,2.9414292368418202,3.0508851178491643,2.180776258931763,2.988785285695182,3.1918753168853766,2.5871524345240555,2.926680847377264,group_2
0.12340109544955058,1.0673137112100293,2.0044039225749755,0.12340109544955058,0.01579114717322261,0.9065157500099232,1.0673137112100293,1.0421191562930197,1.0816817798188567,2.0044039225749755,1.7812314429287348,1.8448326691470702,group_2
1.6410394840438323,2.7690875456698754,1.4590061110046455,1.6410394840438323,1.563962299165596,2.4223508736513764,2.7690875456698754,2.344231018438633,3.099293190153466,1.4590061110046455,1.7190652440614231,1.512809191041392,group_2
4.114484464324849,0.6658768870813658,0.6443988788204005,4.114484464324849,3.7247649646082026,2.77828577775384,0.6658768870813658,1.5632749267316755,2.8153340825902253,0.6443988788204005,1.1910714956951378,0.15270174800256764,group_2
3.8060997260487093,1.6914121247258684,3.8484399269739953,3.8060997260487093,3.877246919467268,3.1512725448805794,1.6914121247258684,1.698779831620497,1.9230569552692693,3.8484399269739953,4.538383893784496,4.403259529019794,group_2
2.0405113790884046,1.7785773949166046,2.7590878023478673,2.0405113790884046,2.5195445718127325,2.0747748795538437,1.7785773949166046,2.215662766327241,2.226516086266557,2.7590878023478673,2.4695610850452794,2.455571321539429,group_2
2.430180502115678,0.7699697158989622,2.5229187983477095,2.430180502115678,1.6176172966821183,1.4494329750893034,0.7699697158989622,0.928284827714803,0.9503794748593974,2.5229187983477095,0.6131838854135099,1.555644245142466,group_2
-0.5482977812873755,1.7937463726402554,0.8538261868787917,-0.5482977812873755,-0.5122027836183323,1.0349820808397996,1.7937463726402554,1.2637670117119324,1.6473806002431617,0.8538261868787917,1.483287240303428,0.8632934549542952,group_2
1.318275998065158,2.7214701816296634,1.7974824138928465,1.318275998065158,0.5233056462930477,1.2573738076975305,2.7214701816296634,2.786651089935039,3.565392632666966,1.7974824138928465,1.9325174775274108,2.551493264766604,group_2
1.7883150972808881,1.597962773144022,2.649193283441082,1.7883150972808881,0.9729817115132082,0.7992388077209946,1.597962773144022,0.556071796554759,0.6815470745879677,2.649193283441082,1.5950465335487818,1.668626321953016,group_2
0.6775493307019678,1.3617428663670583,0.39243008282729774,0.6775493307019678,0.5008420658556467,0.9109392416494504,1.3617428663670583,0.9719104392383198,2.1043784742786027,0.39243008282729774,1.88336732646263,1.582803373694648,group_2
1.589780964018719,3.0290477033110896,2.77368088457243,1.589780964018719,2.1112454976922757,1.5703848478239466,3.0290477033110896,3.6495452557334684,4.307937682038258,2.77368088457243,2.5771578932793253,2.9814207045436216,group_2
1.6063479934333484,1.265209823684143,3.4937279669608676,1.6063479934333484,2.5061724172425275,1.1361059814303962,1.265209823684143,1.850316964102078,1.8994651816753656,3.4937279669608676,2.910897166398911,2.0840147527864894,group_2
3.0266907608627247,2.9069704098612736,2.550056010046556,3.0266907608627247,3.0195608521853456,2.9585409273217844,2.9069704098612736,3.8325200102147665,3.210475897404358,2.550056010046556,2.565925445979903,2.390446360890848,group_2
3.5867055006019113,2.64470068126836,1.521148400391326,3.5867055006019113,1.8700628680506846,3.0014927916782113,2.64470068126836,2.3210034721057644,2.500899184237533,1.521148400391326,2.2308614976106202,1.2370676611561786,group_2
0.8606129493667527,0.9970348362001704,1.4127259121457554,0.8606129493667527,0.3829477811206041,1.317696906800454,0.9970348362001704,1.443242002372759,0.8656834393830677,1.4127259121457554,1.810097560214269,1.3123154378718223,group_2
3.1643958719769962,1.9509987647173996,3.931633212848743,3.1643958719769962,2.680515800855873,1.6352886534916422,1.9509987647173996,1.1434543911763198,1.441310583520559,3.931633212848743,2.434398573520775,3.0192439628999117,group_2
1.619564236464087,3.593407731308783,3.2780540347246228,1.619564236464087,1.0361410857494882,1.8006791734323306,3.593407731308783,3.2214280666217405,3.173199093306869,3.2780540347246228,3.1441156741578076,3.6996573468018976,group_2
3.2903364679226375,0.36056463968715247,2.271614110151046,3.2903364679226375,1.7150311623545234,3.2768593998791085,0.36056463968715247,1.6083591690282795,0.56562833159663,2.271614110151046,1.3451092235612792,1.6825081219947151,group_2
3.2353777145334863,1.2199826679714223,1.158500517576349,3.2353777145334863,3.054932343643152,2.1855919394414194,1.2199826679714223,1.6163951076047174,1.1377497027311874,1.158500517576349,2.090819469137605,1.0178837928350426,group_2
2.786019751963664,2.521078757219904,1.5601459472531438,2.786019751963664,2.5530236174139445,2.1085803609674336,2.521078757219904,2.2127312207096335,3.4772992196072177,1.5601459472531438,2.2464650373578716,1.6366270767769617,group_2
3.2262448880675763,3.221081326816827,3.6485912823684785,3.2262448880675763,2.9420587347316083,2.4566781018098816,3.221081326816827,3.761629606756129,3.4298037098585477,3.6485912823684785,2.5969046454144338,2.6382525945450563,group_2
2.026171073011057,2.3729707675498886,3.25282378282307,2.026171073011057,0.8284659656355426,2.5682951302927726,2.3729707675498886,2.5123504136152475,2.067969140738963,3.25282378282307,4.4235577360799745,3.798981179847063,group_2
2.435233758739344,1.9128593859982106,3.395830500238435,2.435233758739344,1.8087720238131832,2.04602697557561,1.9128593859982106,2.2251013082177904,3.1458638943140382,3.395830500238435,2.778743054227602,2.856358635309906,group_2
0.9089853283935558,1.374481034827482,2.241101776484397,0.9089853283935558,0.011719373698493962,-0.3363242968166875,1.374481034827482,1.403690646010949,1.208909248585645,2.241101776484397,2.5254971426843724,1.9697567107538605,group_2
1.366100721751522,1.1568493826463384,2.232101790559929,1.366100721751522,0.4973031397970422,1.0122933477225518,1.1568493826463384,1.52707991581687,2.4657229931122684,2.232101790559929,2.5369958025997907,2.371676246677522,group_2
0.9859276849023855,0.7180961396228722,3.029692451660895,0.9859276849023855,4.700561105241974e-4,0.5792795671704034,0.7180961396228722,1.4827364365768747,2.092113241106723,3.029692451660895,3.1053113918278017,2.685675410171415,group_2
3.054740217162323,2.923971810395739,2.9906443683930988,3.054740217162323,2.365187831178324,2.0756943080540315,2.923971810395739,2.853593548986458,1.7313224815413877,2.9906443683930988,2.7648548856842234,2.221589143779037,group_2
2.606002422346538,1.1309248936844771,2.2684937079611402,2.606002422346538,2.426825041097675,2.814895717218814,1.1309248936844771,1.8802989479317176,1.4476544492646268,2.2684937079611402,2.5439563634920592,2.6955046869462453,group_2
2.0512154324197183,0.5786165153315717,-0.2077103823038331,2.0512154324197183,1.2991530508341331,1.733082545770448,0.5786165153315717,0.06558716381577923,0.8342370128870258,-0.2077103823038331,-0.16707875198413102,-0.04186293651974626,group_2
1.3798633117732217,1.4974995421660275,1.871156286110972,1.3798633117732217,2.215625313687636,1.0673019440449711,1.4974995421660275,1.3028482671272803,0.925414245496756,1.871156286110972,2.0453002920177155,2.2746637473715725,group_2
1.3697880143448067,1.2946343841830952,3.9796446681887243,1.3697880143448067,1.7079556818184152,1.7744476644203362,1.2946343841830952,1.5467826921781174,1.6820417019058618,3.9796446681887243,3.4647567437646822,2.25585367342411,group_2
1.4637506884151654,1.3277883094859497,1.674910685747375,1.4637506884151654,2.0796948924798193,1.790034222334209,1.3277883094859497,1.6871444756668101,2.449468821478868,1.674910685747375,2.8265482162813558,1.4633725562452071,group_2
1.4243268885266862,0.5943948736331752,0.5717050955467782,1.4243268885266862,1.7987146933564666,1.2517706061368985,0.5943948736331752,0.7685305181159829,0.6085618288088728,0.5717050955467782,0.42370791200405256,0.6201127370465296,group_2
1.2230827259874864,1.4333567690412798,1.955574498231432,1.2230827259874864,1.177735111577837,1.9147189179528554,1.4333567690412798,0.8438151090021813,0.5935211934219149,1.955574498231432,1.3960481049558655,1.870635750958717,group_2
1.9097590866474285,2.1554692707440215,1.2068478613279328,1.9097590866474285,1.3875193332071147,1.957570564440368,2.1554692707440215,2.174634852297254,1.735715300340039,1.2068478613279328,1.390022363630297,1.2008513815236506,group_2
1.9400940762617929,2.175693060567704,1.6966737875008802,1.9400940762617929,2.3975345106958152,2.8460352467028684,2.175693060567704,2.3879984797656686,2.325401981745578,1.6966737875008802,2.4958135300247704,0.7062726867537918,group_2
1.3287383686332976,2.453478643328321,2.942654740537086,1.3287383686332976,2.0378531932055597,1.7222041429483808,2.453478643328321,2.4437063974449043,3.0672787931931045,2.942654740537086,2.9393674052812133,3.9985878818143306,group_2
2.0248613217431504,1.7300485039263713,1.0513968462619165,2.0248613217431504,3.73108837443853,3.4306018298872045,1.7300485039263713,1.1318144859995418,2.219509416929025,1.0513968462619165,2.239951539176135,1.5292525417675793,group_2
1.8070141221012244,0.45314815742709413,0.5805072906239379,1.8070141221012244,1.0376867533040157,1.8130651327000478,0.45314815742709413,1.0107020892599126,0.8102122080176897,0.5805072906239379,1.2075313586717822,1.8254414000421346,group_2
2.768718594404362,2.0777669936911076,0.8773943330409035,2.768718594404362,2.3111583431179907,3.799924522103992,2.0777669936911076,2.8923938681127295,3.0619093830705832,0.8773943330409035,1.9950423393925014,1.2882587626223545,group_2
0.8284627703596661,0.8901345896246173,2.703289306422086,0.8284627703596661,0.46709745180897655,0.7023761707896874,0.8901345896246173,1.136982521916328,1.8852199608687608,2.703289306422086,2.680423367554382,0.9319682695288278,group_2
3.965305943854794,1.9297961600001212,2.515809473109306,3.965305943854794,2.5113209083538868,2.5514469819893337,1.9297961600001212,2.674180330214327,3.29147244550094,2.515809473109306,1.716329202590771,1.8424193180121349,group_2
1.6694424482025203,2.2698675018207615,3.3567591094439724,1.6694424482025203,2.391747720698068,2.5592331709564666,2.2698675018207615,3.1442923069497546,2.727762139995593,3.3567591094439724,3.375461631314004,2.4580649574441322,group_2
3.3688197767882384,1.3038165557592802,2.8905306972503757,3.3688197767882384,3.67101880194264,2.7711015049257384,1.3038165557592802,1.2414064864896375,2.562311144761055,2.8905306972503757,2.996952459451001,2.858330844750227,group_2
1.5518526719613466,3.287207501194814,3.341016605388483,1.5518526719613466,0.4149712505491263,1.4668827329265355,3.287207501194814,3.180694982139811,3.02550829055253,3.341016605388483,2.5972755411352813,2.9207494128056126,group_2
1.809320346069875,1.6172550872381666,1.7448228273401551,1.809320346069875,2.3037167331007153,2.1358052676042796,1.6172550872381666,1.2148291053736702,1.3546744556075818,1.7448228273401551,1.994396664199615,2.467434549524912,group_2
-0.7948337036108977,2.022495526660314,2.7224810253158886,-0.7948337036108977,-1.009582940792857,-1.4282870383122956,2.022495526660314,0.9583151004379746,0.8553229188221003,2.7224810253158886,2.636826675103383,4.1998386096508495,group_2
1.0128833955929304,4.2348491079992545,4.8344543340884005,1.0128833955929304,1.0964455417705383,1.2494269397427464,4.2348491079992545,3.7490760909044534,4.288590756753142,4.8344543340884005,4.363932390296001,4.489386778142503,group_2
1.4235528988357513,1.1523943386469298,0.24827200005681882,1.4235528988357513,2.017676001884388,1.8230519943812864,1.1523943386469298,1.089398817509289,0.38383704746008185,0.24827200005681882,0.7474020536352468,0.32714468964232957,group_2
4.420963455871387,4.049849256822201,3.207412930455232,4.420963455871387,3.5067437908510657,4.163766131526447,4.049849256822201,4.127212450653014,4.748166715787404,3.207412930455232,2.8116496804609215,4.024414252339982,group_2
0.9628160537613613,0.6147901679951528,2.0741091601103325,0.9628160537613613,0.5048346023022707,0.692842980193735,0.6147901679951528,1.3366519535022765,0.6183087088315786,2.0741091601103325,3.006503306027374,2.59978740993021,group_2
2.3264651232333877,2.399858205385759,2.0781655983946896,2.3264651232333877,1.699753365353812,1.8117256106975637,2.399858205385759,2.34753614190614,2.8555951064715877,2.0781655983946896,1.7334247626496553,1.4549541259313012,group_2
3.7460544357097123,3.863006739633887,3.932802631777479,3.7460544357097123,3.2000443280414848,4.23960173788222,3.863006739633887,3.00633859071439,2.8398833269846016,3.932802631777479,3.6573137636689226,3.0506622242833203,group_2
2.133655564314023,1.6558604235973826,1.639500902317267,2.133655564314023,0.3910129027793168,1.104797077589578,1.6558604235973826,1.2450238890242369,1.125031291633862,1.639500902317267,1.372693729487009,0.31609951734696784,group_2
1.643045006745754,1.7909808646803373,2.237390822097434,1.643045006745754,2.0966337611518546,2.61223481051867,1.7909808646803373,2.342438411125681,2.395973694341021,2.237390822097434,2.0388347997338543,1.6978539139754203,group_2
2.7145842468605776,1.4077077054942284,1.2748291755510412,2.7145842468605776,2.9096916471113365,2.9363179716908854,1.4077077054942284,2.394532639572606,2.078584655799747,1.2748291755510412,0.6880706708649604,0.7205996020865852,group_2
2.6088377099478564,2.4052768214645774,1.3772461987277766,2.6088377099478564,2.3582069530409324,3.057181908960974,2.4052768214645774,1.586169564286962,2.022399754067316,1.3772461987277766,1.8160430335108986,1.2858473926077107,group_2
-0.004814255422755487,2.477140038152653,1.2350403958001845,-0.004814255422755487,0.9701691455453856,1.0606634428867192,2.477140038152653,1.8182659794027276,2.5751480258407042,1.2350403958001845,1.4946011121087563,1.3679917159894786,group_2
0.8070352286734783,1.6933465674126755,1.6870740210817061,0.8070352286734783,1.444845010147552,1.0361678153041307,1.6933465674126755,2.064092163284498,2.1341925117830094,1.6870740210817061,2.5971697146186976,2.361929210253117,group_2
2.2517789829731076,2.15550720983425,2.0864436712452883,2.2517789829731076,1.984747409296533,2.323044540817323,2.15550720983425,1.259609525499904,1.6905304286516811,2.0864436712452883,1.8368109608307543,1.7276107298598897,group_2
1.0928913074068025,1.2201709618395133,2.4713504173404424,1.0928913074068025,1.2710336365560637,1.9094607063138311,1.2201709618395133,1.3124485492475095,1.4113298162140202,2.4713504173404424,1.5083526920190296,1.3081915453692436,group_2
2.634399364119551,2.396279532157348,1.3068907208805016,2.634399364119551,2.8035284967994762,2.3731161662122005,2.396279532157348,2.7596944842819733,2.9633021388466734,1.3068907208805016,2.2943072483034164,1.933179193915069,group_2
1.15244747327797,2.864327602345755,0.7379493222447111,1.15244747327797,0.01746969011028221,1.1041161258167116,2.864327602345755,1.8323888542362576,1.5304771504482027,0.7379493222447111,0.35226368530874996,1.4937005351744983,group_2
1.3600979864762186,0.3578082186661451,1.1194265799867797,1.3600979864762186,1.0864389714313214,1.7306969783925625,0.3578082186661451,-0.3582924509125651,1.0062225768403434,1.1194265799867797,0.9585660910919291,0.3819706950050774,group_2
0.35426240662088193,1.1250061674350649,0.9848229623919706,0.35426240662088193,1.1033455119481563,1.5514001937563928,1.1250061674350649,1.3572408224737584,0.9868364894363051,0.9848229623919706,1.456787130551323,1.9515606731078836,group_2
2.2228931117182302,2.4747423948356753,3.6773963253878037,2.2228931117182302,2.9544596341983924,1.7543794034784013,2.4747423948356753,2.5081224871896803,2.4195986898213975,3.6773963253878037,3.571895506941847,4.264177373771526,group_2
1.6466957283198789,2.1655327247467566,2.266078192936234,1.6466957283198789,0.9101180756829401,0.8821052744407929,2.1655327247467566,1.5957534921159275,1.6516391031949191,2.266078192936234,1.6365131885258255,1.312755425810913,group_2
3.739071182687005,2.440777037574645,2.5269949404644243,3.739071182687005,2.618286008622703,3.151498678007963,2.440777037574645,1.8162878048559012,2.403806499982902,2.5269949404644243,2.8049392431697413,2.065108646465374,group_2
1.6197396360875247,0.11493125239236002,0.830432507305991,1.6197396360875247,0.6558764286633474,1.4511297786844106,0.11493125239236002,0.46745421377307994,0.6824486146690876,0.830432507305991,1.7564321212018348,2.065281306493498,group_2
3.4785215926573407,2.8514437952811096,4.118512555490703,3.4785215926573407,2.580041162177508,2.567489388401366,2.8514437952811096,2.9615513636765,2.738772321855362,4.118512555490703,2.039691573131162,2.2385801239949754,group_2
2.900470126573829,3.176080410877239,3.4864590090825045,2.900470126573829,2.567339102054171,1.9674048844865317,3.176080410877239,3.2213428777202626,3.371370515891511,3.4864590090825045,2.8551107657209673,2.64723698503584,group_2
2.992135928179378,2.4954158912864752,1.5452408279009457,2.992135928179378,1.2333298647465916,2.8118334290563203,2.4954158912864752,2.284694419933401,2.372442440202124,1.5452408279009457,1.7634929739469825,1.1405571324751242,group_2
1.0284019241422877,0.9347038222389603,0.059900856382117285,1.0284019241422877,0.3127244567650367,1.336356712420213,0.9347038222389603,0.33737263725138456,1.1436042525549877,0.059900856382117285,0.7349129397513281,-0.31621357507878667,group_2
2.0317820583223107,2.4899082631994105,3.709898709697353,2.0317820583223107,2.278164599025932,2.4741925560546565,2.4899082631994105,3.909404237797622,3.175990973311742,3.709898709697353,3.4587875825195002,2.736955675027338,group_2
1.8527890236163111,2.148240690244584,1.487816815559663,1.8527890236163111,0.9023966491002189,1.7231572571104226,2.148240690244584,2.2754071806090295,2.122769291950551,1.487816815559663,1.924783245436439,2.2079571126831077,group_2
2.7031385047767795,2.3970410501525166,2.719184110676779,2.7031385047767795,1.1221707925637223,1.3193163209918761,2.3970410501525166,3.1660979136629672,2.4125776416634133,2.719184110676779,2.0590001482527787,2.1507775780915592,group_2
1.9353868034616162,0.2524363765387996,0.9839281276676901,1.9353868034616162,1.737820103657206,1.8832748640151233,0.2524363765387996,0.29021512966381446,0.8272453272635587,0.9839281276676901,1.2997153684822615,0.6744063109941401,group_2
2.997166698265288,4.342114497970465,2.898065454033744,2.997166698265288,3.111950056109176,2.9829636010864173,4.342114497970465,2.8450736831908268,3.6239074958473227,2.898065454033744,2.585520440224449,2.4577930871198705,group_2
3.8460461625315325,2.509164298996774,3.382544388789964,3.8460461625315325,3.4798253737152556,3.8384251344057105,2.509164298996774,2.976133250225314,3.8368979842013564,3.382544388789964,3.789525239382624,4.24844238972349,group_2
3.899121727727083,3.4331522384430198,3.1189816965743984,3.899121727727083,2.820535669261376,3.023274136934317,3.4331522384430198,3.727107653471238,3.413353064420597,3.1189816965743984,4.0270152804747426,3.6973681500841913,group_2
3.2395313014918736,3.831822263960052,3.8313962486533697,3.2395313014918736,3.1713235431593665,3.822944159873365,3.831822263960052,3.1470093254167364,3.1327823181436587,3.8313962486533697,3.4408522506487937,2.5969492862221975,group_2
0.03469565372227401,2.451828425288592,2.470333516905168,0.03469565372227401,0.7226156408614302,0.05545548330045014,2.451828425288592,1.9077475248042532,1.847861601233317,2.470333516905168,2.51968355520611,2.482033619494509,group_2
2.694858662564895,2.13279977685656,1.607014899929243,2.694858662564895,2.2272360741594275,2.1911455255119536,2.13279977685656,1.9141398797178226,3.12403299783163,1.607014899929243,2.0349826717339665,2.334811416043706,group_2
2.3342437276406636,3.689356611478156,2.365224479745844,2.3342437276406636,4.095103883322863,3.5644664417119394,3.689356611478156,3.5538573081053664,4.500038791360022,2.365224479745844,1.5755739917135279,1.4922998917059043,group_2
2.3141571948853366,1.2592736577904222,2.6875907278048192,2.3141571948853366,2.8133201519689086,3.173112107495559,1.2592736577904222,0.9257336129562341,1.3131048091679112,2.6875907278048192,3.182531018998724,2.32649415972495,group_2
2.743954165352606,2.9453833597372894,2.1414342096423216,2.743954165352606,2.383154324415467,1.846584838666395,2.9453833597372894,3.0125988485883615,2.386042870333114,2.1414342096423216,2.355473466417178,1.7847300602271199,group_2
1.5648818232035973,0.33913546138187467,1.6247351977314672,1.5648818232035973,1.38719042898818,1.5929040280604876,0.33913546138187467,0.8074137143179623,0.4741745010188463,1.6247351977314672,0.7579156534146045,1.0944381743664346,group_2
2.5555240525113994,1.723415262643097,-0.41858450198267416,2.5555240525113994,3.569853122486831,3.3184490328825036,1.723415262643097,1.3762610160109876,1.8775894238859192,-0.41858450198267416,1.0017755441009673,-0.007430029978723329,group_2
2.432021226956056,1.1453736872626104,2.8647267140031993,2.432021226956056,2.6069905457742815,2.0584358347337686,1.1453736872626104,1.2041455538189507,1.2538329902324128,2.8647267140031993,1.77162327625994,2.293793295906243,group_2
0.32832246535026655,-0.025791453308827705,-0.480859447404824,0.32832246535026655,0.32418511706177844,-0.3856334065059226,-0.025791453308827705,0.37753028248657183,0.25787914959858793,-0.480859447404824,-0.10087832476236702,-0.5371285082377781,group_2
1.5504520692485622,1.530322377075231,2.3322264489545343,1.5504520692485622,1.0051252466936909,1.3862711973718889,1.530322377075231,1.926832603746912,1.7360568937272274,2.3322264489545343,2.696201852845404,1.649932690439954,group_2
