group,condition,sprint_test,sprint_performance
nordic_1,pre,x5m,1.07
nordic_1,pre,x10m,1.86
nordic_1,pre,x20m,3.13
nordic_1,pre,x5m,1.07
nordic_1,pre,x10m,1.76
nordic_1,pre,x20m,2.95
nordic_1,pre,x5m,1.02
nordic_1,pre,x10m,1.83
nordic_1,pre,x20m,3.1
nordic_1,pre,x5m,1.12
nordic_1,pre,x10m,1.9
nordic_1,pre,x20m,3.23
nordic_1,pre,x5m,1.05
nordic_1,pre,x10m,1.81
nordic_1,pre,x20m,3.03
nordic_1,pre,x5m,1.01
nordic_1,pre,x10m,1.75
nordic_1,pre,x20m,2.94
nordic_1,pre,x5m,1.06
nordic_1,pre,x10m,1.78
nordic_1,pre,x20m,3.09
nordic_1,pre,x5m,0.92
nordic_1,pre,x10m,1.58
nordic_1,pre,x20m,2.76
nordic_1,pre,x5m,0.96
nordic_1,pre,x10m,1.69
nordic_1,pre,x20m,2.96
nordic_1,pre,x5m,0.93
nordic_1,pre,x10m,1.71
nordic_1,pre,x20m,2.96
nordic_1,pre,x5m,0.99
nordic_1,pre,x10m,1.76
nordic_1,pre,x20m,2.99
nordic_1,pre,x5m,1.06
nordic_1,pre,x10m,1.79
nordic_1,pre,x20m,3.09
nordic_1,pre,x5m,0.99
nordic_1,pre,x10m,1.72
nordic_1,pre,x20m,2.91
nordic_1,pre,x5m,1.07
nordic_1,pre,x10m,1.85
nordic_1,pre,x20m,3.07
nordic_1,pre,x5m,0.99
nordic_1,pre,x10m,1.79
nordic_1,pre,x20m,2.93
nordic_1,pre,x5m,0.88
nordic_1,pre,x10m,1.67
nordic_1,pre,x20m,2.82
nordic_2,pre,x5m,1.16
nordic_2,pre,x10m,1.93
nordic_2,pre,x20m,3.23
nordic_2,pre,x5m,1.14
nordic_2,pre,x10m,1.89
nordic_2,pre,x20m,3.19
nordic_2,pre,x5m,1.15
nordic_2,pre,x10m,1.9
nordic_2,pre,x20m,3.27
nordic_2,pre,x5m,1.04
nordic_2,pre,x10m,1.84
nordic_2,pre,x20m,3.15
nordic_2,pre,x5m,1.11
nordic_2,pre,x10m,1.84
nordic_2,pre,x20m,3.24
nordic_2,pre,x5m,1.13
nordic_2,pre,x10m,1.85
nordic_2,pre,x20m,3.24
nordic_2,pre,x5m,1.11
nordic_2,pre,x10m,1.87
nordic_2,pre,x20m,3.24
nordic_2,pre,x5m,1.06
nordic_2,pre,x10m,1.78
nordic_2,pre,x20m,3.06
nordic_2,pre,x5m,1.11
nordic_2,pre,x10m,1.84
nordic_2,pre,x20m,3.21
nordic_2,pre,x5m,1.06
nordic_2,pre,x10m,1.87
nordic_2,pre,x20m,3.23
nordic_2,pre,x5m,1.03
nordic_2,pre,x10m,1.76
nordic_2,pre,x20m,2.92
nordic_2,pre,x5m,1
nordic_2,pre,x10m,1.78
nordic_2,pre,x20m,3.14
nordic_2,pre,x5m,1.04
nordic_2,pre,x10m,1.85
nordic_2,pre,x20m,3.13
nordic_2,pre,x5m,1.09
nordic_2,pre,x10m,1.8
nordic_2,pre,x20m,3.08
nordic_2,pre,x5m,1.02
nordic_2,pre,x10m,1.87
nordic_2,pre,x20m,3.22
nordic_2,pre,x5m,1.01
nordic_2,pre,x10m,1.81
nordic_2,pre,x20m,3.15
nordic_2,pre,x5m,1.08
nordic_2,pre,x10m,1.79
nordic_2,pre,x20m,3.1
control,pre,x5m,0.99
control,pre,x10m,1.83
control,pre,x20m,3.19
control,pre,x5m,1.13
control,pre,x10m,1.85
control,pre,x20m,3.09
control,pre,x5m,1.05
control,pre,x10m,1.78
control,pre,x20m,3.04
control,pre,x5m,1.02
control,pre,x10m,1.79
control,pre,x20m,3.03
control,pre,x5m,1.1
control,pre,x10m,1.82
control,pre,x20m,3.18
control,pre,x5m,1
control,pre,x10m,1.69
control,pre,x20m,2.88
control,pre,x5m,1.03
control,pre,x10m,1.68
control,pre,x20m,2.91
control,pre,x5m,1.05
control,pre,x10m,1.74
control,pre,x20m,2.95
control,pre,x5m,0.99
control,pre,x10m,1.72
control,pre,x20m,2.99
control,pre,x5m,1.03
control,pre,x10m,1.73
control,pre,x20m,3.01
control,pre,x5m,1.09
control,pre,x10m,1.83
control,pre,x20m,3.03
control,pre,x5m,1.11
control,pre,x10m,1.84
control,pre,x20m,3.12
control,pre,x5m,1.17
control,pre,x10m,1.87
control,pre,x20m,3.16
control,pre,x5m,1.11
control,pre,x10m,1.89
control,pre,x20m,3.15
control,pre,x5m,1.04
control,pre,x10m,1.73
control,pre,x20m,3.02
control,pre,x5m,1
control,pre,x10m,1.7
control,pre,x20m,2.89
control,pre,x5m,1.01
control,pre,x10m,1.75
control,pre,x20m,2.99
nordic_1,post,x5m,0.98
nordic_1,post,x10m,1.65
nordic_1,post,x20m,2.91
nordic_1,post,x5m,0.93
nordic_1,post,x10m,1.61
nordic_1,post,x20m,2.78
nordic_1,post,x5m,0.97
nordic_1,post,x10m,1.68
nordic_1,post,x20m,2.94
nordic_1,post,x5m,1
nordic_1,post,x10m,1.75
nordic_1,post,x20m,3.07
nordic_1,post,x5m,0.99
nordic_1,post,x10m,1.64
nordic_1,post,x20m,2.87
nordic_1,post,x5m,0.92
nordic_1,post,x10m,1.61
nordic_1,post,x20m,2.83
nordic_1,post,x5m,1.05
nordic_1,post,x10m,1.73
nordic_1,post,x20m,3.01
nordic_1,post,x5m,0.95
nordic_1,post,x10m,1.6
nordic_1,post,x20m,2.68
nordic_1,post,x5m,1.01
nordic_1,post,x10m,1.71
nordic_1,post,x20m,2.89
nordic_1,post,x5m,0.98
nordic_1,post,x10m,1.67
nordic_1,post,x20m,2.89
nordic_1,post,x5m,1.01
nordic_1,post,x10m,1.69
nordic_1,post,x20m,2.93
nordic_1,post,x5m,1.03
nordic_1,post,x10m,1.76
nordic_1,post,x20m,3.04
nordic_1,post,x5m,0.97
nordic_1,post,x10m,1.68
nordic_1,post,x20m,2.87
nordic_1,post,x5m,1.06
nordic_1,post,x10m,1.75
nordic_1,post,x20m,3.05
nordic_1,post,x5m,0.96
nordic_1,post,x10m,1.69
nordic_1,post,x20m,2.94
nordic_1,post,x5m,1
nordic_1,post,x10m,1.66
nordic_1,post,x20m,2.85
nordic_2,post,x5m,0.89
nordic_2,post,x10m,1.6
nordic_2,post,x20m,2.78
nordic_2,post,x5m,1
nordic_2,post,x10m,1.69
nordic_2,post,x20m,2.86
nordic_2,post,x5m,0.98
nordic_2,post,x10m,1.67
nordic_2,post,x20m,2.96
nordic_2,post,x5m,0.95
nordic_2,post,x10m,1.65
nordic_2,post,x20m,2.84
nordic_2,post,x5m,0.99
nordic_2,post,x10m,1.78
nordic_2,post,x20m,3
nordic_2,post,x5m,1.03
nordic_2,post,x10m,1.7
nordic_2,post,x20m,3
nordic_2,post,x5m,1.05
nordic_2,post,x10m,1.77
nordic_2,post,x20m,3.01
nordic_2,post,x5m,0.96
nordic_2,post,x10m,1.68
nordic_2,post,x20m,2.84
nordic_2,post,x5m,1.05
nordic_2,post,x10m,1.77
nordic_2,post,x20m,3.02
nordic_2,post,x5m,1.1
nordic_2,post,x10m,1.85
nordic_2,post,x20m,3.06
nordic_2,post,x5m,0.97
nordic_2,post,x10m,1.64
nordic_2,post,x20m,2.75
nordic_2,post,x5m,1.01
nordic_2,post,x10m,1.74
nordic_2,post,x20m,2.98
nordic_2,post,x5m,1.07
nordic_2,post,x10m,1.74
nordic_2,post,x20m,3
nordic_2,post,x5m,1.01
nordic_2,post,x10m,1.75
nordic_2,post,x20m,2.96
nordic_2,post,x5m,1.12
nordic_2,post,x10m,1.85
nordic_2,post,x20m,3.1
nordic_2,post,x5m,1.09
nordic_2,post,x10m,1.81
nordic_2,post,x20m,3.04
nordic_2,post,x5m,1.03
nordic_2,post,x10m,1.78
nordic_2,post,x20m,3
control,post,x5m,1.03
control,post,x10m,1.71
control,post,x20m,2.87
control,post,x5m,1.07
control,post,x10m,1.79
control,post,x20m,3.11
control,post,x5m,1.02
control,post,x10m,1.69
control,post,x20m,2.95
control,post,x5m,0.98
control,post,x10m,1.72
control,post,x20m,2.95
control,post,x5m,1.05
control,post,x10m,1.78
control,post,x20m,3.06
control,post,x5m,0.98
control,post,x10m,1.15
control,post,x20m,2.86
control,post,x5m,1.02
control,post,x10m,1.7
control,post,x20m,2.85
control,post,x5m,0.97
control,post,x10m,1.65
control,post,x20m,2.87
control,post,x5m,0.93
control,post,x10m,1.65
control,post,x20m,2.9
control,post,x5m,1
control,post,x10m,1.61
control,post,x20m,2.93
control,post,x5m,1.04
control,post,x10m,1.73
control,post,x20m,2.9
control,post,x5m,0.99
control,post,x10m,1.73
control,post,x20m,2.96
control,post,x5m,1.08
control,post,x10m,1.8
control,post,x20m,3
control,post,x5m,1.07
control,post,x10m,1.82
control,post,x20m,3.07
control,post,x5m,1
control,post,x10m,1.78
control,post,x20m,3
control,post,x5m,0.99
control,post,x10m,1.64
control,post,x20m,2.79
control,post,x5m,1.1
control,post,x10m,1.82
control,post,x20m,3.07
