flooring,shoe,task,vilr
sf0,cush,ankle,1955.807386
sf0,cush,multi,2081.047109
sf0,min,ankle,4735.712269
sf0,min,multi,4565.212903
sf1,cush,ankle,1938.698435
sf1,cush,multi,1533.738105
sf1,min,ankle,1879.481912
sf1,min,multi,3203.500617
sf2,cush,ankle,2792.492993
sf2,cush,multi,2008.741542
sf2,min,ankle,3536.660096
sf2,min,multi,1826.942531
sf3,cush,ankle,2357.111285
sf3,cush,multi,2103.01209
sf3,min,ankle,4879.518588
sf3,min,multi,1829.852417
sf4,cush,ankle,1287.861145
sf4,cush,multi,1284.720977
sf4,min,ankle,2628.332847
sf4,min,multi,3101.514684
sf0,cush,ankle,1274.241341
sf0,cush,multi,1354.644111
sf0,min,ankle,1594.870736
sf0,min,multi,1840.235464
sf1,cush,ankle,1269.833661
sf1,cush,multi,1384.277292
sf1,min,ankle,1484.820757
sf1,min,multi,1746.935554
sf2,cush,ankle,1137.126385
sf2,cush,multi,1041.459921
sf2,min,ankle,1557.397303
sf2,min,multi,2051.094425
sf3,cush,ankle,1104.895449
sf3,cush,multi,1341.471993
sf3,min,ankle,1590.933271
sf3,min,multi,3009.182328
sf4,cush,ankle,1208.568613
sf4,cush,multi,1152.718093
sf4,min,ankle,1381.880964
sf4,min,multi,2049.533895
sf0,cush,ankle,1729.185688
sf0,cush,multi,1542.769338
sf0,min,ankle,1814.788941
sf0,min,multi,3429.116056
sf1,cush,ankle,1742.313391
sf1,cush,multi,2911.032563
sf1,min,ankle,2091.923565
sf1,min,multi,1589.400951
sf2,cush,ankle,2307.503708
sf2,cush,multi,1698.326851
sf2,min,ankle,1280.118093
sf2,min,multi,3807.7463980000002
sf3,cush,ankle,1574.036808
sf3,cush,multi,2200.813104
sf3,min,ankle,1842.065461
sf3,min,multi,1682.450067
sf4,cush,ankle,1250.686575
sf4,cush,multi,1395.303649
sf4,min,ankle,1845.08541
sf4,min,multi,1648.987495
sf0,cush,ankle,1902.415766
sf0,cush,multi,1733.835474
sf0,min,ankle,1392.312142
sf0,min,multi,7244.004517
sf1,cush,ankle,2441.967853
sf1,cush,multi,2088.449939
sf1,min,ankle,5244.243357
sf1,min,multi,1676.690199
sf2,cush,ankle,1497.978809
sf2,cush,multi,1672.896337
sf2,min,ankle,1463.448613
sf2,min,multi,4578.671037
sf3,cush,ankle,1713.868737
sf3,cush,multi,1832.645943
sf3,min,ankle,1688.579145
sf3,min,multi,1808.94056
sf4,cush,ankle,1592.778252
sf4,cush,multi,1552.275013
sf4,min,ankle,1567.294211
sf4,min,multi,1311.540824
sf0,cush,ankle,1513.207793
sf0,cush,multi,2054.379575
sf0,min,ankle,1461.730485
sf0,min,multi,2265.144226
sf1,cush,ankle,1937.895464
sf1,cush,multi,1781.844534
sf1,min,ankle,2041.815357
sf1,min,multi,3566.506492
sf2,cush,ankle,1350.904614
sf2,cush,multi,2648.777383
sf2,min,ankle,1492.153344
sf2,min,multi,2811.621567
sf3,cush,ankle,2238.209477
sf3,cush,multi,2526.397234
sf3,min,ankle,1494.431349
sf3,min,multi,2251.121154
sf4,cush,ankle,1649.943499
sf4,cush,multi,2238.356541
sf4,min,ankle,3291.78274
sf4,min,multi,1508.644292
sf0,cush,ankle,2531.436832
sf0,cush,multi,2562.821618
sf0,min,ankle,2398.758406
sf0,min,multi,3581.725235
sf1,cush,ankle,1690.489599
sf1,cush,multi,2003.722299
sf1,min,ankle,4588.405871
sf1,min,multi,1946.841834
sf2,cush,ankle,2072.944259
sf2,cush,multi,1566.701196
sf2,min,ankle,2169.859547
sf2,min,multi,4402.662474
sf3,cush,ankle,1624.592775
sf3,cush,multi,2383.1054
sf3,min,ankle,2077.850058
sf3,min,multi,7154.947135
sf4,cush,ankle,2517.973602
sf4,cush,multi,2456.419301
sf4,min,ankle,1284.661328
sf4,min,multi,1524.403245
sf0,cush,ankle,1389.251701
sf0,cush,multi,1531.894925
sf0,min,ankle,1114.455109
sf0,min,multi,3153.582861
sf1,cush,ankle,1321.698412
sf1,cush,multi,2117.890329
sf1,min,ankle,2739.27609
sf1,min,multi,2051.855361
sf2,cush,ankle,2233.500408
sf2,cush,multi,1809.416265
sf2,min,ankle,1461.159922
sf2,min,multi,1258.524556
sf3,cush,ankle,1787.895821
sf3,cush,multi,1533.047206
sf3,min,ankle,1440.679577
sf3,min,multi,1686.019925
sf4,cush,ankle,1155.250082
sf4,cush,multi,1332.260776
sf4,min,ankle,979.8672861
sf4,min,multi,1800.580542
sf0,cush,ankle,1720.785445
sf0,cush,multi,1348.594873
sf0,min,ankle,4994.95781
sf0,min,multi,2793.70863
sf1,cush,ankle,2024.024298
sf1,cush,multi,1684.012367
sf1,min,ankle,5046.505461
sf1,min,multi,2107.485838
sf2,cush,ankle,1841.069927
sf2,cush,multi,2891.376857
sf2,min,ankle,2116.553825
sf2,min,multi,3567.950658
sf3,cush,ankle,1563.831776
sf3,cush,multi,1957.101194
sf3,min,ankle,3378.232592
sf3,min,multi,2314.700138
sf4,cush,ankle,1163.752544
sf4,cush,multi,1601.36393
sf4,min,ankle,4356.178909
sf4,min,multi,2011.208096
sf0,cush,ankle,3247.654624
sf0,cush,multi,2681.064211
sf0,min,ankle,1856.798329
sf0,min,multi,4163.44987
sf1,cush,ankle,1720.667397
sf1,cush,multi,2023.61587
sf1,min,ankle,2441.536708
sf1,min,multi,2393.602379
sf2,cush,ankle,1753.656737
sf2,cush,multi,1458.314523
sf2,min,ankle,2042.089116
sf2,min,multi,1758.202253
sf3,cush,ankle,2416.889701
sf3,cush,multi,2513.28986
sf3,min,ankle,1311.424787
sf3,min,multi,2846.144418
sf4,cush,ankle,1300.444941
sf4,cush,multi,1245.626288
sf4,min,ankle,3594.529902
sf4,min,multi,1266.324676
sf0,cush,ankle,1938.70642
sf0,cush,multi,1030.562445
sf0,min,ankle,1157.519721
sf0,min,multi,1649.924935
sf1,cush,ankle,1122.797133
sf1,cush,multi,1150.431202
sf1,min,ankle,1107.768612
sf1,min,multi,1314.283566
sf2,cush,ankle,1550.50372
sf2,cush,multi,2550.271735
sf2,min,ankle,964.1953106
sf2,min,multi,2093.749225
sf3,cush,ankle,2666.161765
sf3,cush,multi,1995.912222
sf3,min,ankle,1232.236055
sf3,min,multi,866.0403491
sf4,cush,ankle,1059.301937
sf4,cush,multi,1162.85606
sf4,min,ankle,1144.665437
sf4,min,multi,1041.998465
sf0,cush,ankle,1205.931796
sf0,cush,multi,1114.008855
sf0,min,ankle,1120.266811
sf0,min,multi,1008.545103
sf1,cush,ankle,973.2150834
sf1,cush,multi,943.9872793
sf1,min,ankle,1258.862932
sf1,min,multi,1116.983512
sf2,cush,ankle,1234.197555
sf2,cush,multi,1283.995484
sf2,min,ankle,3017.045281
sf2,min,multi,2605.079259
sf3,cush,ankle,1176.461024
sf3,cush,multi,1346.952369
sf3,min,ankle,1121.545534
sf3,min,multi,1331.347086
sf4,cush,ankle,924.8657259
sf4,cush,multi,915.6312755
sf4,min,ankle,1059.663673
sf4,min,multi,963.7186791
sf0,cush,ankle,1404.881721
sf0,cush,multi,2157.794766
sf0,min,ankle,4617.430936
sf0,min,multi,3677.854916
sf1,cush,ankle,1825.323997
sf1,cush,multi,2257.020482
sf1,min,ankle,1716.119154
sf1,min,multi,6696.408901
sf2,cush,ankle,1722.835607
sf2,cush,multi,2543.999078
sf2,min,ankle,3495.484732
sf2,min,multi,3664.437538
sf3,cush,ankle,1566.924519
sf3,cush,multi,1777.079374
sf3,min,ankle,1678.014358
sf3,min,multi,4050.36226
sf4,cush,ankle,1506.442503
sf4,cush,multi,2047.479088
sf4,min,ankle,2305.443142
sf4,min,multi,3067.830765
sf0,cush,ankle,1438.715855
sf0,cush,multi,1681.610367
sf0,min,ankle,1612.221632
sf0,min,multi,1625.24512
sf1,cush,ankle,1214.963152
sf1,cush,multi,1184.801067
sf1,min,ankle,2200.853906
sf1,min,multi,1023.976921
sf2,cush,ankle,1341.181423
sf2,cush,multi,1730.999839
sf2,min,ankle,1538.823246
sf2,min,multi,2359.823668
sf3,cush,ankle,1859.998166
sf3,cush,multi,1627.927362
sf3,min,ankle,2150.68986
sf3,min,multi,2280.626249
sf4,cush,ankle,1242.116825
sf4,cush,multi,1359.498261
sf4,min,ankle,1457.324331
sf4,min,multi,1476.644509
sf0,cush,ankle,1817.792561
sf0,cush,multi,1768.132409
sf0,min,ankle,1754.523288
sf0,min,multi,2116.969797
sf1,cush,ankle,2307.630596
sf1,cush,multi,2488.910657
sf1,min,ankle,2259.136924
sf1,min,multi,1897.675016
sf2,cush,ankle,1925.631832
sf2,cush,multi,1968.024301
sf2,min,ankle,2944.636294
sf2,min,multi,2117.207292
sf3,cush,ankle,1438.810666
sf3,cush,multi,2702.538948
sf3,min,ankle,2566.721774
sf3,min,multi,1424.094225
sf4,cush,ankle,1724.590081
sf4,cush,multi,1393.27629
sf4,min,ankle,2241.455766
sf4,min,multi,1939.672134
sf0,cush,ankle,1895.03616
sf0,cush,multi,3027.101702
sf0,min,ankle,4832.191683
sf0,min,multi,2729.409464
sf1,cush,ankle,4945.597046
sf1,cush,multi,2409.100788
sf1,min,ankle,5063.552464
sf1,min,multi,5709.306958
sf2,cush,ankle,2871.297988
sf2,cush,multi,1790.978669
sf2,min,ankle,2247.29401
sf2,min,multi,2036.648975
sf3,cush,ankle,2036.716114
sf3,cush,multi,1742.768188
sf3,min,ankle,3174.735453
sf3,min,multi,2834.335763
sf4,cush,ankle,1769.214298
sf4,cush,multi,1689.047256
sf4,min,ankle,3807.532811
sf4,min,multi,2296.163518
sf0,cush,ankle,2212.77645
sf0,cush,multi,1826.599282
sf0,min,ankle,2665.424934
sf0,min,multi,2241.97457
sf1,cush,ankle,1539.196903
sf1,cush,multi,1394.22939
sf1,min,ankle,2368.683758
sf1,min,multi,1358.919208
sf2,cush,ankle,1909.067053
sf2,cush,multi,1737.157118
sf2,min,ankle,2068.127003
sf2,min,multi,1874.575619
sf3,cush,ankle,1876.03852
sf3,cush,multi,1793.303965
sf3,min,ankle,3017.509916
sf3,min,multi,1483.651488
sf4,cush,ankle,1863.431727
sf4,cush,multi,1550.669765
sf4,min,ankle,1554.30344
sf4,min,multi,1374.574836
sf0,cush,ankle,1848.468468
sf0,cush,multi,2015.759658
sf0,min,ankle,1692.799113
sf0,min,multi,2792.207241
sf1,cush,ankle,1429.762123
sf1,cush,multi,1848.043595
sf1,min,ankle,3224.712758
sf1,min,multi,1697.379649
sf2,cush,ankle,1647.824849
sf2,cush,multi,1650.025323
sf2,min,ankle,1660.904938
sf2,min,multi,2394.37349
sf3,cush,ankle,1918.959332
sf3,cush,multi,2462.981172
sf3,min,ankle,2373.659059
sf3,min,multi,2103.064796
sf4,cush,ankle,1651.665068
sf4,cush,multi,1618.889135
sf4,min,ankle,1327.701899
sf4,min,multi,2056.562941
sf0,cush,ankle,1715.484412
sf0,cush,multi,2552.600049
sf0,min,ankle,2726.596481
sf0,min,multi,3025.598247
sf1,cush,ankle,2339.112194
sf1,cush,multi,4438.940737
sf1,min,ankle,2975.159334
sf1,min,multi,5344.533364
sf2,cush,ankle,2134.813873
sf2,cush,multi,1873.083755
sf2,min,ankle,3283.648941
sf2,min,multi,6393.399023
sf3,cush,ankle,2147.273679
sf3,cush,multi,2827.546598
sf3,min,ankle,7217.482534
sf3,min,multi,3504.266852
sf4,cush,ankle,1365.640676
sf4,cush,multi,1628.311537
sf4,min,ankle,2212.952296
sf4,min,multi,3985.105192
sf0,cush,ankle,1533.284818
sf0,cush,multi,1400.404985
sf0,min,ankle,2662.306837
sf0,min,multi,2088.779135
sf1,cush,ankle,1430.883544
sf1,cush,multi,947.8316453
sf1,min,ankle,2645.692213
sf1,min,multi,1900.309627
sf2,cush,ankle,2531.976175
sf2,cush,multi,1218.712931
sf2,min,ankle,4624.293011
sf2,min,multi,1926.141874
sf3,cush,ankle,1657.703674
sf3,cush,multi,1255.633492
sf3,min,ankle,3263.521935
sf3,min,multi,2194.003638
sf4,cush,ankle,1414.44687
sf4,cush,multi,1520.628298
sf4,min,ankle,2005.901028
sf4,min,multi,2059.179581
sf0,cush,ankle,1955.867936
sf0,cush,multi,1652.04379
sf0,min,ankle,1135.124129
sf0,min,multi,1366.70568
sf1,cush,ankle,1190.232158
sf1,cush,multi,1431.59167
sf1,min,ankle,1038.402798
sf1,min,multi,1090.13595
sf2,cush,ankle,1386.556554
sf2,cush,multi,1062.778704
sf2,min,ankle,1516.468011
sf2,min,multi,1317.096703
sf3,cush,ankle,1584.772063
sf3,cush,multi,1635.060182
sf3,min,ankle,1342.053955
sf3,min,multi,2438.171186
sf4,cush,ankle,1381.516731
sf4,cush,multi,1510.860076
sf4,min,ankle,1137.657703
sf4,min,multi,1080.307287
sf0,cush,ankle,1452.738126
sf0,cush,multi,3377.334807
sf0,min,ankle,1899.772738
sf0,min,multi,4161.062523
sf1,cush,ankle,3566.531706
sf1,cush,multi,2814.260498
sf1,min,ankle,2868.297805
sf1,min,multi,2223.629805
sf2,cush,ankle,1883.844504
sf2,cush,multi,1503.903971
sf2,min,ankle,4889.324391
sf2,min,multi,3782.579771
sf3,cush,ankle,1841.039264
sf3,cush,multi,3491.369096
sf3,min,ankle,2631.269817
sf3,min,multi,1775.972563
sf4,cush,ankle,2987.12047
sf4,cush,multi,1510.763684
sf4,min,ankle,2758.247494
sf4,min,multi,4433.325915
