﻿Anonymisierung ;BORN;"STATUS
1 FT yes
2 FT no
3 CO yes
4 CO no";AGE years;"SEX
1 Male
2 Female";WEIGHT kg;HEIGHT cm;BMI;Score;logEURO-Score II;STS;BASELINE DATA;NYHA;"AF
1 yes
0 no";"DM
1 yes
0 no";"HYPERLIPIDEMIA
1 yes
0 no";"HYPERTENSION
1 yes
0 no";"CAD
1 yes
0 no";"PACEMAKER
1 yes
0 no";LAST_CREA;Crea_Cl;DIALYSIS;"LUNG_DISEASE
1 yes
0 no";"STROKE
1 yes
0 no";"ENDOCARDITIS
1 yes
0 no";"CPR
1 yes
0 no";"INCIDENCE
1 yes
0 no";FT Vorgespräch;Handkraft;1min Sit-to-stand;timed-up go ;Frailty mittels  LUCAS;DAYS_PRE_OP;OP;DATE;"OP_DICH
1 MKR/E
2 AKR/E";"OP
1 MKR
2 MKE
3 AKR
3.1 Yacub
3.2 David
4 AKE
5 AA
6 Fibro";ECC;AKZ;"EXTUBATION_OR
1 yes
0 no";Anästhesiologie;Zeit (min) Naht bis Extubation ;Zeit (min) Aufnahme PACU bis Entlassung PACU;Noradrenalin (yg/kg/min) Aufnahme PACU;Noradrenalin (µg/kg/min Entlassung PACU;Amiodaronperfusor ja/nein;Herzrhythmus/ Pacerpflichtigkeit (AAI, DOO, VVI);12-K-EKG Auffälligkeiten ja/nein;Rö-Thorax Auffälligkeiten ja/nein;Max. Laktat (mmol/l) PACU;Mobilisation hämodyn. Auffälligkeiten ja/ nein;Reintubation in PACU;Delir ja/nein;PONV ja/nein;VAS Aufnahme PACU;VAS Verlegung PACU;Piritramid (mg) PACU gesamt;Anästhesiologie;Zeit (min) Naht bis Extubation ;Zeit (min) Aufnahme PACU bis Entlassung PACU;Noradrenalin (yg/kg/min) Aufnahme PACU;Noradrenalin (µg/kg/min Entlassung PACU;Amiodaronperfusor ja/nein;Herzrhythmus/ Pacerpflichtigkeit (AAI, DOO, VVI);12-K-EKG Auffälligkeiten ja/nein;Rö-Thorax Auffälligkeiten ja/nein;Max. Laktat (mmol/l) PACU;Mobilisation hämodyn. Auffälligkeiten ja/ nein;Reintubation in PACU;Delir ja/nein;PONV ja/nein;VAS Aufnahme PACU;VAS Verlegung PACU;Kardiotechnik;Nied Temp;Temp. Post;Sollfluss;Bilanz;Hämofilter Menge;Lakt Prä;Lakt Post;Gewicht KG;Gewicht 12 St. N EKZ;Gewicht 24 St n EKZ;Gewicht 48 St n EKZ;Krea Prä;Krea 12 St n EKZ;Krea 24 St n EKZ;ASAT PRÄ;ALAT PRÄ;ASAT Post;ALAT Post;Harnstoff Prä EKZ;Harnstoff 12 St n EKZ;Harnstoff 24 St n EKZ;Kann. Art Fem R;Kann. Art Fem L;Kann. Art  Aort Asc;Kann. Art R-Subcl;V Fem R;V Fem L;Jugularis;SCV/IVC;R. Vorhof;Post OP_intrahospital;"RE_INTUBATION
1 yes
0 no";"RE_INTUBATION_WHY
1 Seizure";HOURS_ICU;"RETURN_TRANSFER_TO_ICU
1 yes
0 no";"RETURN‎WHY
1 Pleural Effusion    2 Recurrence";DAYS_HOSPITAL;DAYS_PostOP;"TRANSFUSION
1 yes
0 no";"NOCSOCOMINAL_INFE
1 yes
0 no";"WHICH_INFECTION
1 Lung
2 Urinary  3 Wound  4 other";"DELIRIUM
1 yes
0 no";POST_OP_DAY_DELIRIUM;DAYS_DELIRIUM;"OTHER POSTOP‎COMPL
1 yes
0 no";"WHICH OTHER POSTOP COMPLICATIONS
1 AV Block
2 ACS
3 Stroke
4 Recurrent
5 CPR
6 Bleeding";"PostOP TAA
1 yes
0 no";"RE_OP
1 yes
0 no";"RE_OP_WHY
1 Bleeding
2 Valve-Related
3 Pacemaker";ECHO PRE;DATE_PRE_ECHO;PRE_LV EDD (mm);"PRE_LVEF_SIMPSON
Important for EURO Score
norm 55%
mild 45%
moderate 35%
severe 25%";PRE_TAPSE;PRE_sPAP;PRE_AS > III° (0/1);PRE_AR > II°  (0/1);PRE_MS > II° (0/1);PRE_MR > II° (0/1);PRE_TR > II° (0/1);ECHO POST;DATE_POST_ECHO;POST_LVEDD;POST_LVEF_SIMPSON (%);POST_TAPSE;POST_sPAP;POST_AS > II° (0/1);POST_AR > II° (0/1);POST_MS > II° (0/1);POST_MR > II° (0/1);POST_TR  > II° (0/1);REHAB;"DIRECT_TRANSFER_REHAB
1 yes
0 no";"WHICH_REHAB
1 RZH
2 SPO
3 Curschmann   4 Bad Fall.
5 Bad Bevensen
6 Sonstiges ";"RETURN_TRANSFER_FROM_REHAB
1 yes
0 no";"RETURN_TRANSFER_FROM_REHAB_WHY
1 Pleural Effusion
2 Pericardial Effusion
3 Dyspnoa
4 Valve Dysfunction
5 Organic psycho syndrom
6 Atrial fibrilation 7 Woundinfection 8 sonstiges";"INTERVENTION_NECSS
1 yes
0 no"
0001;01.05.53;1;66;1;83;180;25,6;;0,591%;0,681;;1;0;0;1;1;0;0;0,88;96,70;0;0;0;0;0;0;;;;;;2,00;;01.02.18;2;3,2;183;130;1;;20; ;0,00;0,00;1;SR (VVI-Schutz);0;0;1,60;0;0;0;0;;;0;;-8;-13,28571429;-18,23;-23,17;-28,11428571;SR (VVI-Schutz);-0,094117647;-0,141176471;-0,19;-0,235294118;-0,282352941;-0,329411765;-0,376470588;-0,423529412;-0,470588235;;30;36,5;6,4;-577;4000;0,9;1,8;80;85;87,7;87;0,97;1,10;1.00;;20;66;23;0;26;27;0;1;0;0;0;1;0;0;0;;0;;17;0;;8;6;0;0;;0;;;0;;0;0;;;31. Jan 18;75,00;54;17;;0;1;0;0;0;;05. Feb 18;;47;13;36;0;0;0;0;0;;1;1;0;%;
0002;09.03.61;1;58;1;100;196;25,9;;0,915%;0,361;;3;0;0;0;1;1;0;1,10;103,02;0;0;0;0;0;0;;;;;;2,00;;02.02.18;1;1,0;110;95;1;;25;210;0,00;0,00;0;SR (VVI-Schutz);0;1;1,9;0;0;0;0;;;0;;-31;-57;-83,00;-109,00;-135;SR (VVI-Schutz);-0,275630252;-0,377731092;-0,479831933;-0,581932773;-0,684033613;-0,786134454;-0,888235294;-0,990336134;-1,092436975;;30;37;7,2;-675;-2500;1;1,1;99;;100,5;100,5;1,1;0,97;1;;47;61;35;;20;17;0;1;;0;1;0;1;0;0;;0;;20;0;;6;4;0;0;;0;;;0;;0;0;;;31. Jan 18;77,00;50;18;37;0;0;0;1;0;;05. Feb 18;64,00;37;12;26;0;0;0;0;0;;1;1;0;;
0003;08.01.65;1;55;2;80;173;26,7;;2,092%;0,260;;3;0;0;0;0;0;0;0,82;97,90;0;0;0;0;0;0;;;;;;3,00;;05.02.18;1;1,0;165;101;1;;40;;0,00;0,00;0;DDD;0;;1,4;2;0;k.A;0;;;0;;-18;-28,57142857;-38,86;-49,14;-59,42857143;DDD;1,211428571;1,342857143;1,474285714;1,605714286;1,737142857;k.A;0;;;;29,1;37,1;6;2500;0;0,8;2,2;80;;57,3;85,4;0,82;0,71;0,67;;69;19;38;;;14;1;0;0;0;0;1;0;0;0;;0;;20;0;;7;4;1;0;;0;;;1;0;1;1;1;;;;;;;;;;;;;08. Feb 18;54,00;52;23;;0;0;0;0;0;;1;1;0;;
0004;19.07.90;1;29;1;72;187;20,6;;0,555%;0,434;;2;1;0;0;0;0;0;0,87;127,59;0;0;0;0;0;0;;;;;;1,00;;06.02.18;2;3,0;77;51;1;;15;300;0,00;0,00;0;AAI;0;0;1;0;0;0;0;;;18,75;;-36;-69;-102,00;-135,00;-168;AAI;12,625;14,25;15,875;17,5;19,125;20,75;22,375;24;25,625;;33;37;6,11;-1344;-4500;0,6;1;72;;87,3;85,4;0,71;0,67;0,64;17;27;13;18;14;17;11;1;0;0;0;0;1;0;0;0;;0;;18;0;;7;6;0;0;;0;;;0;;0;0;;;02. Nov 18;;54;24;19;0;1;0;0;0;;08. Feb 18;0,00;50;26;0;0;0;0;0;0;;1;1;0;;
0005;01.09.62;1;57;1;107;190;29,6;;0,499%;0,395;;1;1;0;1;1;0;0;1,00;123,35;0;0;0;0;0;0;;;;;;1,00;;07.02.18;2;6,0;53;22;1;;25;165;0,00;0,00;1;SR (VVI-Schutz);0;0;1,7;0;0;0;0;k.A;;7,50;;-26;-47;-68,30;-89,60;-110,9;SR (VVI-Schutz);-5,55112E-17;-0,060714286;-0,121428571;-0,182142857;-0,242857143;-0,303571429;-0,364285714;k.A;;;35,6;37,7;7,33;1551;700;1,2;1,1;107;111,9;112;111;1;1,2;1,1;;49;32;36;20;26;20;0;1;;0;1;0;0;0;0;;0;;20;0;;6;5;0;0;;0;;;0;;0;0;;;06. Feb 18;;60;24;0;0;0;0;0;0;;09. Feb 18;;;;0;0;0;0;0;0;;1;1;0;;
0006;08.09.47;1;72;1;103;196;26,8;;0,779%;0,952;;2;1;0;0;1;0;0;0,97;100,29;0;0;0;0;0;0;;;;;;3,00;;12.02.18;1;1,0;165;109;1;;20;235;0,00;0,00;0;SR (VVI-Schutz);0;0;1,7;0;0;0;0;7;2;7,5;;-32;-59;-86,50;-114,00;-141,5;SR (VVI-Schutz);5,42;6,074545455;6,729090909;7,383636364;8,038181818;8,692727273;9,347272727;10,00181818;10,65636364;;30,9;36,7;7,4;30;2500;0,6;0,9;103;;;101;0,97;0,91;0,79;18;19;50;24;14;21;21;1;0;0;0;0;1;0;0;0;;0;;18;0;;7;4;0;0;;0;;;0;;1;0;;;09. Feb 18;60,00;55;17;34;0;0;0;1;0;;14. Feb 18;60,00;50;17;34;0;0;0;0;0;;1;1;0;;
0007;04.05.62;1;57;1;105;183;31,4;;0,669%;0,326;;2;0;0;0;0;0;0;0,91;133,01;0;1;0;0;0;0;;;;;;1,00;;13.02.18;1;1,0;152;74;1;;10;140;0,00;0,00;0;DDD;0;0;1,1;0;0;0;0;6;5;18,75;;-18;-34;-50,00;-66,00;-82;DDD;10,69333333;12,07666667;13,46;14,84333333;16,22666667;17,61;18,99333333;20,37666667;21,76;;31,9;37,4;7,2;-288;2000;0,7;1,2;81;78,5;78,05;77,2;1,1;1,2;0,87;;24;65;29;;22;17;0;0;1;;0;0;0;0;1;;0;;16;0;;6;5;0;0;;0;;;0;;0;0;;;12. Feb 18;;59;;52;0;0;0;1;0;;16. Feb 18;37,00;47;17;21;0;0;0;0;0;;0;6;0;;
0008;04.10.62;1;57;1;81;173;27,1;;0,750%;0,563;;2;0;0;1;1;0;0;1,10;84,89;0;0;0;0;0;0;;;;;;1,00;;13.02.18;2;4,0;95;67;1;;15;280;0,00;0,00;0;AAI;0;0;1,9;0;0;0;0;5;0;15;;-34;-65;-96,00;-127,00;-157,9998;AAI;7,206666667;8,118787879;9,030909091;9,943030303;10,86;11,76727273;12,67939394;13,59151515;14,50363636;;32;37;6,1;-2500;1800;0,8;0,8;105;106,8;106,3;107;0,91;0,93;0,77;;20;59;22;;20;17;1;0;0;0;0;1;0;0;0;;0;;20;0;;7;6;0;0;;0;;;0;;0;0;;;12. Feb 18;49,00;61;27;26;1;0;0;0;0;;16. Feb 18;45,00;51;12;27;0;0;0;0;0;;1;1;0;;
0009;01.05.63;1;56;1;117;187;33,5;;0,759%;0,518;;2;1;0;0;0;0;0;1,00;136,50;0;0;0;0;0;0;;;;;;2,00;;14.02.18;1;1,0;216;137;1;;30;195;0,00;0,00;1;SR (VVI-Schutz);0;0;1,8;0;0;0;0;0;3;15;;-31;-56;-81,30;-106,60;-131,9;SR (VVI-Schutz);6,88;7,770909091;8,661818182;9,552727273;10,44;11,33454545;12,22545455;13,11636364;14,00727273;;30;37;7,5;-270;2000;0,5;1;117;121,2;120;120,4;1;0,85;0,85;19;29;99;37;20;20;20;1;0;0;0;0;1;0;0;0;;0;;19;0;;7;5;0;0;;0;;;0;;0;0;;;12. Feb 18;;37;20;;0;0;0;1;0;;16. Feb 18;;35;12;20;0;0;0;0;0;;0;3;1;1;1
0010;19.10.63;1;56;1;84;182;25,4;;0,555%;0,239;;2;0;0;0;0;0;0;0,88;111,36;0;0;0;0;0;0;;;;;;2,00;;15.02.18;1;1,0;76;50;1;;10;230;0,00;0,00;0;AAI;0;0;0,8;0;0;0;1;0;1;22,5;;-27;-52;-77,00;-102,00;-127;AAI;9,48;10,74363636;12,00727273;13,27090909;14,53;15,79818182;17,06181818;18,32545455;19,58909091;;32;37,4;6,4;8;1500;0,5;0,7;84;85,5;85,6;84;0,88;0,9;0,71;24;31;51;24;19;15;15;1;0;0;0;0;1;0;0;0;;0;;16;0;;6;4;0;0;;0;;;0;;0;0;;;14. Feb 18;63,00;67;24;42;0;0;0;1;0;;19. Feb 18;61,00;62;23;30;0;0;0;0;0;;0;1;0;;
0011;11.02.58;1;61;2;57;154;23,9;;0,959%;1,187;;2;0;0;0;1;0;0;0,97;54,42;0;0;0;0;0;0;;R:29, L:28;26 NAS 5;6,86;PRE FRAIL;3,00;;16.04.18;2;3,0;106;73;1;;;;;;;;;;;;;;;;;;;;;;;;;;;;;;;;;;;32;37;6,7;-873;3000;0,6;1,1;82;91,5;90,3;88,1;1,1;1,1;1,3;;;;;;14;14;0;0;1;0;0;1;0;0;0;;0;;16;0;;10;7;0;0;;0;;;0;;;0;;;20. Feb 18;51,00;64;21;21;1;1;0;0;0;;23. Apr 18;40,00;67;11;24;0;0;0;0;0;;1;1;0;;
0012;13.07.59;1;60;1;80;178;25,1;;1,025%;0,473;;2;0;0;0;1;0;0;1,20;73,61;0;0;0;0;0;0;;;;;;4,00;;27.02.18;1;1,0;130;76;1;;25;170;0,00;0,00;0;SR (VVI-Schutz);0;0;2,2;0;0;0;1;0;5;15;;-27;-49;-71,00;-93,00;-115;SR (VVI-Schutz);7,72;8,701818182;9,683636364;10,66545455;11,64727273;12,62909091;13,61090909;14,59272727;15,57454545;;32,3;37,1;6,2;-593;2600;0,7;1,8;80;79,5;79,5;79,5;1,2;1,2;1,2;;35;106;51;;16;19;1;0;0;0;0;1;0;0;0;;0;;18;1;1;14;10;0;0;;0;;;0;;0;0;;;23. Feb 18;62,00;32;30;;0;0;0;1;0;;06. Mär 18;57,00;54;19;34;0;0;0;0;0;;1;3;0;;
0013;26.05.55;1;64;2;62;164;23,1;;1,044%;0,459;;2;0;0;0;0;0;0;0,68;81,81;0;0;0;0;0;0;;R:26 L:23;25 NAS 6;5,93;FIT;2,00;;28.02.18;1;1,0;149;85;1;;10;125;0,00;0,00;0;SR (VVI-Schutz);0;0;1,8;0;0;0;1;4;2;7,5;;-17;-31;-45,50;-60,00;-74,5;SR (VVI-Schutz);4,813333333;5,392121212;5,970909091;6,54969697;7,128484848;7,707272727;8,286060606;8,864848485;9,443636364;;29,8;37,2;5,2;-129;2500;0,6;1,1;62;61,2;62,8;63,5;0,67;0,47;0,47;;21;81;24;13;6;10;1;0;0;0;0;1;0;0;0;;0;;17;0;;7;5;0;0;;0;;;0;;0;0;;;27. Feb 18;44,00;66;30;27;0;0;0;1;1;;02. Mär 08;44,00;64;18;23;0;0;0;0;0;;1;1;0;;
0014;20.10.83;1;36;1;70;180;21,6;;0,669%;0,391;;3;0;0;0;0;0;0;0,80;126,39;0;0;0;0;0;0;;R:47, L:43;37 NAS 3 ;5,4;FIT;2,00;;01.03.18;2;4,0;130;98;1;;20;165;0,02;0,00;0;SR (VVI-Schutz);0;0;2,3;0;0;0;0;3;0;7,5;;-24;-45;-65,50;-86,00;-106,496;SR (VVI-Schutz);3,646666667;4,076969697;4,507272727;4,937575758;5,367878788;5,798181818;6,228484848;6,658787879;7,089090909;;32;37,3;5,9;-3660;2500;0,7;1;70;68,8;68,8;69;0,94;0,96;0,99;;35;47;29;;16;14;0;0;1;0;0;1;0;0;0;;0;;18;0;;8;6;0;0;;0;;;0;;0;0;;;15. Jan 18;48,00;67;23;24;1;0;0;0;0;;06. Mär 18;;65;;;0;0;0;0;0;;1;1;1;2;1
0015;08.01.57;1;63;2;53;157;21,4;;1,100%;0,947;;1;0;0;1;1;0;0;0,78;61,42;0;1;0;0;0;0;;R:30, L:26;29 NAS 9;8,3;PRE FRAIL;2,00;;07.03.18;2;6,0;73;30;1;;35;220;0,00;0,00;0;SR (VVI-Schutz);0;0;0,9;0;0;0;0;5;2;3,75;;-36;-65;-94,00;-123,00;-152;SR (VVI-Schutz);3,44;3,853636364;4,267272727;4,680909091;5,094545455;5,508181818;5,921818182;6,335454545;6,749090909;;33,7;37,2;4,75;1608;3400;0,7;1;53;54,4;51,3;50,8;0,62;0,52;0,4;;29;64;37;;18;11;0;0;1;0;0;1;0;0;0;;0;;18;0;;8;6;0;0;;0;;;0;;0;0;;;05. Mär 18;;60;;;0;0;0;0;0;;12. Mär 18;;53;21;;0;0;0;0;0;;1;1;1;3;0
0016;30.12.66;1;53;1;95;178;30,0;;1,400%;0,218;;2;0;0;0;0;0;1;1,10;104,36;0;0;0;0;0;0;;R:52 L:45;28 NAS 5;5,88;FIT;3,00;;12.03.18;1;1,0;161;70;1;;15;155;0,05;0,00;0;AAI;0;bek. DCM;1,5;0;0;0;0;4;3;15;;-21;-40;-58,49;-76,99;-95,49;AAI;1;bek. DCM;9,446428571;10,89285714;12,33928571;13,78571429;15,23214286;16,67857143;18,125;;30,5;37,6;7,8;-489;3000;0,9;1,2;95;102;101;99,5;1,1;1;1,1;;48;100;50;19;24;45;1;0;0;0;0;1;0;0;0;;0;;19;0;;7;4;0;0;;0;;;0;;0;0;;;;;;;;;;;;;;15. Mär 18;96,00;25;16;41;0;0;0;0;0;;1;1;1;1;1
0017;07.07.79;1;40;1;82;167;29,4;;0,555%;0,435;;2;0;0;0;0;0;0;1,10;103,54;0;0;0;0;0;0;;;;;;4,00;;13.03.18;2;3,0;88;49;1;;25;130;0,00;0,00;1;SR (VVI-Schutz);0;0;5,6;0;0;0;0;6;4;15;;-22;-40;-57,80;-75,60;-93,4;SR (VVI-Schutz);8,56;9,56;10,56;11,56;12,56;13,56;14,56;15,56;16,56;;32,5;36,8;5,9;-73;2000;0,9;2,2;82;85,7;82,5;82,3;1,1;1,3;1;;37;57;35;15;18;12;0;0;1;0;0;1;0;0;0;;0;;20;0;;10;6;0;0;;0;;;0;;0;0;;;12. Mär 18;63,00;59;27;;0;1;0;0;0;;16. Mär 18;;56;8;;0;0;0;0;0;;1;1;0;;
0018;27.10.58;1;61;1;71;172;23,9;;0,694%;0,936;;1;0;0;0;1;0;0;1,10;70,42;0;0;0;0;0;0;;R:43, L:49;38 NAS6;6,3;FIT;1,00;;14.03.18;2;3,0;115;60;1;;15;160;0,00;0,00;0;SR (VVI-Schutz);0;0;4,9;0;0;0;0;0;1;3,75;;-22;-41;-60,00;-79,00;-98;SR (VVI-Schutz);1,506666667;1,605151515;1,703636364;1,802121212;1,900606061;1,999090909;2,097575758;2,196060606;2,294545455;;32,4;37,6;5,7;-399;2000;0,7;1,6;71;70,6;70,6;72,5;1,1;1,1;1;;18;43;18;;21;20;0;0;1;0;0;1;0;0;0;;0;;18;0;;6;5;0;0;;0;;;0;;0;0;;;13. Mär 18;60,00;52;17;;0;1;0;0;0;;16. Mär 18;53,00;59;24;;0;0;0;0;0;;1;1;0;;
0019;19.02.92;1;27;1;85;175;27,7;;0,555%;0,407;;2;0;0;0;0;0;0;1,10;120,99;0;0;0;0;0;0;;;;;;2,00;;15.03.18;2;3,0;80;50;1;;20;355;0,00;0,00;0;SR (VVI-Schutz);0;0;3,2;0;0;0;1;0;0;15;;-44;-83;-122,50;-162,00;-201,5;SR (VVI-Schutz);5,986666667;6,726060606;7,465454545;8,204848485;8,944242424;9,683636364;10,4230303;11,16242424;11,90181818;;33,2;37,3;6,24;-573;3000;1,8;1,6;85;82,1;81;81;1,1;1,2;0,92;;88;45;49;;12;14;0;0;1;0;0;1;0;0;0;;0;;15;0;;7;5;0;0;;0;;;0;;0;0;;;14. Mär 18;58,00;60;26;;0;1;0;0;0;;19. Mär 18;;57;14;;0;0;0;0;0;;1;6;0;;
0020;30.03.56;1;63;2;72;176;23,3;;1,223%;0,404;;3;0;0;0;0;0;0;0,81;81,03;0;0;0;0;0;0;;R:38, L:30;20 NAS 6;6,2;FIT;3,00;;19.03.18;1;1,0;131;55;1;;40;360;0,00;0,00;0;SR (VVI-Schutz);0;0;1;0;0;0;1;0;0;3,75;;-52;-96;-140,00;-184,00;-228;SR (VVI-Schutz);1,633333333;1,825757576;2,018181818;2,210606061;2,403030303;2,595454545;2,787878788;2,98030303;3,172727273;;30,5;37,1;5,85;-3600;3500;0,9;0,7;71;73,3;73;72,3;0,81;0,65;0,6;;18;65;21;;14;26;0;1;0;0;1;0;0;0;0;;0;;16;0;;7;4;1;0;;0;;;0;;0;1;2;;16. Mär 18;51,00;60;27;;0;0;0;1;0;;22. Mär 18;47,00;58;16;0;0;0;0;0;0;;1;1;1;4;1
0021;29.03.70;1;49;2;77;177;24,6;;0,690%;0,478;;2;0;0;0;0;0;0;0,59;140,21;0;0;0;0;0;0;;;;;;4,00;;20.03.18;2;4,0;211;159;1;;40;;0,00;0,00;0;SR (VVI-Schutz);0;0;3,4;2;1;0;0;0;;0;;-18;-28,57142857;-38,86;-49,14;-59,42857143;SR (VVI-Schutz);-0,101935484;-0,24;-0,378064516;-0,516129032;-0,654193548;-0,792258065;-0,930322581;-1,068387097;-1,206451613;;34;37;6;-790;2000;0,4;1;77;78,9;;76;0,59;0,49;0,56;;10;42;22;;13;17;0;0;1;0;0;1;0;0;0;;1;1;196;0;;14;10;1;0;;0;;;0;;0;0;;;19. Mär 18;59,00;60;18;35;1;1;0;0;0;;29. Mär 18;45,00;56;15;28;0;0;0;0;0;;1;1;1;5;0
0022;16.03.60;1;59;1;69;177;22,0;;0,555%;0,342;;2;0;0;0;0;0;0;0,83;93,52;0;0;0;0;0;0;;R:33, L:26;33 NAS 5;5,24;FIT;2,00;;21.03.18;1;1,0;152;90;1;;30;210;0,00;0,00;0;SR (VVI-Schutz);0;0;1,6;0;0;0;0;0;0;0;;-33;-60;-87,00;-114,00;-141;SR (VVI-Schutz);-0,106666667;-0,155151515;-0,203636364;-0,252121212;-0,300606061;-0,349090909;-0,397575758;-0,446060606;-0,494545455;;32,2;37;5,8;-94;2000;0,8;1,3;69;66;66,9;68,9;;0,91;0,69;;26;75;25;;18;15;1;0;0;0;0;1;0;0;0;;0;;19;0;;9;7;0;1;2;0;;;0;;1;0;;;20. Mär 18;56,00;58;25;;0;0;0;1;0;;26. Mär 18;56,00;42;9;;0;0;0;0;0;;1;1;0;;
0023;02.12.78;1;41;2;72;160;28,3;;0,882%;0,915;;1;1;1;1;1;0;0;0,78;108,48;0;0;0;0;0;0;;;;;;10,00;;22.03.18;2;3,0;130;65;1;;60;115;0,00;0,00;1;SR (VVI-Schutz);0;0;1;0;0;0;0;8;6;11,25;;-35;-58;-81,30;-104,60;-127,9;SR (VVI-Schutz);8,566666667;9,646969697;10,72727273;11,80757576;12,88787879;13,96818182;15,04848485;16,12878788;17,20909091;;30;37;6,01;421;3000;0,8;1,5;72;76,25;76,25;74,25;0,72;0,66;0,67;17;19;42;22;15;17;17;0;0;1;0;0;1;0;0;0;;0;;19;0;;16;6;0;0;;0;;;0;;0;0;;;13. Mär 18;45,00;66;22;;0;1;0;0;0;;26. Mär 18;44,00;48;14;;0;0;0;0;0;;1;1;0;;
0024;28.10.59;1;60;1;60;168;21,3;;0,750%;0,468;;2;0;0;0;0;0;0;0,94;70,92;0;0;0;0;0;0;;;;;;3,00;;27.03.18;1;1,0;172;98;0;;;;;;;;;;;;;;;;;;;;;;;;;;;;;;;;;;;32,2;37;5,6;-392;2000;1,1;0,5;63;63;69;66,3;0,94;0,87;0,85;;;;;;20;16;1;0;0;0;0;1;0;0;0;;0;;19;0;;8;5;0;0;;0;;;0;;;0;;;23. Mär 18;67,00;59;32;;0;0;0;1;0;;29. Mär 18;53,00;42;15;;0;0;0;0;0;;0;1;0;;
0025;22.11.59;1;60;2;60;159;23,7;;0,690%;0,880;;2;0;0;0;0;0;0;0,52;108,97;0;0;0;0;0;0;;R:22, L:20;24 NAS 5;7,73;FIT;1,00;;28.03.18;2;4,0;115;83;1;;10;250;0,02;0,06;0;SR (VVI-Schutz);0;0;1,8;0;0;0;1;0;0;0;;-29;-56;-82,95;-109,95;-136,942;SR (VVI-Schutz);0,08;0,043636364;0,007272727;-0,029090909;-0,065454545;-0,101818182;-0,138181818;-0,174545455;-0,210909091;;32,7;37;5,1;-1193;4000;0,5;0,6;60;63,7;62,5;62,5;0,61;0,67;0,63;;29;55;22;;11;19;0;0;1;0;0;1;0;0;0;;0;;18;0;;7;6;0;1;2;0;;;0;;0;0;;;13. Mär 18;46,00;61;22;;1;0;0;0;0;;03. Apr 18;;52;;;0;0;0;0;0;;1;3;0;;
0026;24.10.63;1;56;2;82;175;26,7;;0,690%;0,662;;2;0;0;0;1;0;0;0,73;111,12;0;0;0;0;0;0;;;;;;1,00;;04.04.18;2;4,0;188;119;1;;;;;;;;;;;;;;;;;;;;;;;;;;;;;;;;;;;32;37;6,2;-374;3500;0,2;1;82;84,9;83,9;80,7;0,7;0,66;0,62;;;;;11;13;17;1;0;0;0;0;1;0;0;0;;0;;16;0;;7;6;0;0;;0;;;0;;;0;;;28. Mär 18;45,00;71;25;;1;0;0;0;0;;06. Apr 18;45,00;70;25;;0;0;0;0;0;;0;3;1;2;1
0027;15.07.51;1;68;1;87;183;26,0;;1,471%;0,687;;4;1;0;0;0;0;0;1,30;66,92;0;0;0;0;0;0;;;;;;5,00;;03.04.18;1;1,0;137;79;1;;20;205;0,00;0,00;1;SR (VVI-Schutz);0;0;1,2;0;0;0;0;0;0;0;;-28;-52;-76,30;-100,60;-124,9;SR (VVI-Schutz);-0,08;-0,116363636;-0,152727273;-0,189090909;-0,225454545;-0,261818182;-0,298181818;-0,334545455;-0,370909091;;30;37;6,7;-2771;5000;0,9;1,1;87;85,9;87,2;87,7;1,2;1,1;0,89;;114;121;116;;24;24;1;0;0;0;0;1;0;0;0;;0;;17;0;;11;6;0;0;;0;;;0;;1;0;;;29. Mär 18;58,00;65;18;45;0;0;0;1;0;;06. Apr 18;58,00;52;16;48;0;0;0;0;0;;0;3;0;;
0028;05.04.57;1;62;1;52;170;18,0;;1,242%;1,376;;4;0;0;1;1;0;0;0,84;67,06;0;0;0;0;0;0;;;;;;2,00;;04.04.18;2;4,0;156;109;1;;35;155;0,00;0,00;0;SR (VVI-Schutz);0;0;1,4;0;0;0;0;0;0;3,75;;-30;-52;-74,50;-97,00;-119,5;SR (VVI-Schutz);1,406666667;1,568787879;1,730909091;1,893030303;2,055151515;2,217272727;2,379393939;2,541515152;2,703636364;;32,6;37,4;5,33;530;4000;0,4;1,2;52;53;51,6;50,2;0,84;0,57;0,66;;16;141;72;;17;25;0;0;1;0;0;1;0;0;0;;0;;110;0;;9;7;0;0;;0;;;1;1;0;0;;;03. Apr 18;65,00;52;24;;0;1;0;0;0;;18. Apr 18;;50;19;;0;0;0;0;0;;1;1;0;;
0029;08.06.60;1;59;1;74;180;22,8;;0,674%;0,376;;1;0;0;1;1;0;0;1,10;75,68;0;0;0;0;0;0;;R:48, L:44;27 NAS 7;6;FIT;3,00;;09.04.18;1;1,0;182;132;1;;15;225;0,00;0,00;1;SR (VVI-Schutz);0;0;1,2;0;0;0;0;0;0;7,5;;-28;-53;-78,30;-103,60;-128,9;SR (VVI-Schutz);2,92;3,292727273;3,665454545;4,038181818;4,410909091;4,783636364;5,156363636;5,529090909;5,901818182;;30;37,2;6;68;3500;0,7;1,3;74;75,8;72,1;73,1;1,1;1,2;1;;74;89;55;;16;22;1;0;0;0;0;1;0;0;0;;0;;16;0;;7;4;0;0;;0;;;0;;0;0;;;06. Apr 18;52,00;60;;;0;0;0;1;0;;11. Apr 18;51,00;56;15;19;0;0;0;0;0;;1;1;0;;
0030;03.07.85;1;34;1;97;176;31,2;;0,555%;0,411;;2;0;0;1;1;0;0;0,93;152,76;0;0;0;0;0;0;;;;;;1,00;;10.04.18;2;4,0;126;89;1;;25;270;0,00;0,00;0;SR (VVI-Schutz);0;0;1,8;0;0;0;0;5;;22,5;;-37;-69;-101,00;-133,00;-165;SR (VVI-Schutz);13,56870968;15,32;17,07129032;18,82258065;20,57387097;22,32516129;24,07645161;25,82774194;27,57903226;;32;37;6,7;-873;3000;0,6;1,1;99;99,7;99,5;98,5;0,82;0,86;0,86;5;31;24;35;;11;11;0;0;1;0;0;1;0;0;0;;0;;17;0;;14;13;0;1;1;0;;;0;;1;0;;;31. Jan 18;48,00;63;25;;1;0;0;0;0;;16. Apr 18;48,00;62;9;;0;0;0;0;0;;1;1;0;;
0031;19.05.64;1;55;1;82;194;21,8;;0,669%;0,492;;3;0;0;0;1;0;0;1,10;88,01;0;0;0;0;0;0;;R:50, L:55;25 NAS 5;6,8;FIT;2,00;;19.04.18;2;4,0;107;58;0;;;;;;;;1 (ST-Hebungen);;;;;;;;;;;;;;;;;2 (ST-Hebungen);;;;;;;;;;32;37,1;6,64;933;0;0,7;1,5;68;66,35;69,9;67,5;0,72;0,69;0,7;;40;217;38;13;13;17;1;0;0;0;0;1;0;0;0;;0;;46;0;;9;7;1;0;;0;;;1;1;0;1;2;;17. Apr 18;47,00;66;;;0;1;0;0;0;;24. Apr 18;48,00;50;17;25;0;0;0;0;0;;1;5;0;;
0032;08.02.76;1;43;1;67;176;21,6;;0,555%;0,680;;2;0;0;1;1;1;0;0,55;164,12;0;0;0;0;0;0;;;;;;1,00;;24.04.18;2;4,0;132;99;1;;25;165;0;0;1;TAA;1 (VHF);0;1,8;0;0;0;0;;;15;;-26;-47;-68;-90;-110,9;TAA;2 (VHF);11,16315789;12,69671053;14,23026316;15,76381579;17,29736842;18,83092105;20,36447368;21,89802632;;32;37;5,68;-291;-2000;0,5;1,2;91;90,8;91,1;91,1;0,8;0,86;0,74;;25;52;31;14;13;16;1;0;0;0;0;1;0;0;0;;0;;16;0;;7;6;1;0;;0;;;0;;0;0;;;19. Apr 18;46,00;55;31;;1;0;0;0;0;;27. Apr 18;;53;18;;0;0;0;0;0;;0;4;0;;
0033;02.05.62;1;57;1;90;195;23,7;;0,555%;0,367;;2;0;0;1;0;0;0;0,80;129,69;0;0;0;0;0;0;;;;;;2,00;;25.04.18;1;1,0;156;82;1;;20;225;0;0;0;SR (VVI-Schutz);0;0;1,7;0;0;0;0;6;0;15;;-31;-57;-84;-110;-136,5;SR (VVI-Schutz);7,486666667;8,435151515;9,383636364;10,33212121;11,28060606;12,22909091;13,17757576;14,12606061;15,07454545;;32;37,5;7,14;-557;-4000;0,6;1;113;116;115,7;115;1,1;1,1;1,1;23;28;65;24;;18;31;31;0;1;0;0;0;0;0;1;;0;;43;0;;7;5;0;0;;0;;;1;2;0;0;;;23. Apr 18;69,00;54;30;20;0;0;0;1;0;;30. Apr 18;64,00;40;21;;0;0;0;0;0;;1;6;0;;
0034;30.07.60;1;59;1;115;186;33,2;;1,299%;1,141;;3;0;1;1;1;0;0;1,10;117,61;0;0;0;0;0;0;;;;;;2,00;;26.04.18;2;4,0;296;166;0;;;;;;;;;;;;;;;;;;;;;;;;;;;;;;;;;;;34;37;7,3;666;-9000;0,8;2,8;100;102,75;;101,7;;1,2;0,88;;19;126;17;;14;17;0;0;0;0;0;1;0;0;0;;0;;73;0;;10;8;0;0;;0;;;0;;0;0;;;24. Apr 18;;42;21;;1;0;0;0;0;;02. Mai 18;;48;19;;0;0;0;0;0;;0;5;0;;
0035;28.02.82;1;37;1;100;183;29,9;;0,602%;0,279;;1;0;0;1;0;0;0;0,81;176,61;0;1;0;0;0;0;;;;;;6,00;;30.04.18;1;1,0;198;110;1;;65;195;0;0;0;SR (VVI-Schutz);0;0;3,3;0;0;0;0;;;3,75;;-46;-78;-111;-143;-175,5;SR (VVI-Schutz);2,342647059;2,576470588;2,810294118;3,044117647;3,277941176;3,511764706;3,745588235;3,979411765;4,213235294;;30,4;37,4;6,969;1465;-1800;1,3;2,7;72;73,5;73,5;72,25;;0,55;0,58;;98;185;86;;16;16;1;1;0;;0;1;0;0;0;;0;;42;0;;10;4;0;0;;0;;;0;;0;0;;;02. Mär 18;59,00;67;23;;0;0;0;1;0;;04. Mai 18;45,00;59;15;23;0;0;0;0;0;;1;1;0;;
0036;07.03.59;1;60;2;72;178;22,7;;0,620%;0,452;;1;1;0;0;0;0;0;0,63;107,94;0;0;0;0;0;0;;R:31, L:26;29 NAS 5;6;FIT;1,00;;02.05.18;1;1,0;139;72;1;;15;245;0;0;1;SR (VVI-Schutz);0;0;1,8;0;0;0;0;2;2;3,75;;-30;-57;-84;-112;-138,898;SR (VVI-Schutz);2,58;2,875454545;3,170909091;3,466363636;3,761818182;4,057272727;4,352727273;4,648181818;4,943636364;;32;37;4,8;-323;3000;0,5;0,6;55;54,3;54,3;;0,66;0,64;0,83;;52;76;49;;15;27;1;1;0;0;1;0;0;0;0;;0;;17;0;;7;6;0;0;;0;;;1;3;1;0;;;10. Apr 18;43,00;61;26;21;0;0;0;1;0;;07. Mai 18;;68;16;25;0;0;0;0;0;;1;1;1;6;0
0037;25.06.50;1;69;2;55;160;21,5;;1,448%;0,971;;3;1;0;0;1;0;0;0,73;63,15;0;0;0;0;0;0;;;;;;1,00;;02.05.18;1;1,0;128;38;1;;;;;;;;;;;;;;;;;;;;;;;;;;;;;;;;;;;32;36,9;4,7;2;0;0,6;0,6;55;55,7;53,3;52,5;0,58;0,49;0,57;;;;;;15;13;0;0;1;0;0;0;1;0;0;;0;;41;0;;8;7;0;0;;0;;;0;;;0;;;14. Mär 18;50,00;72;32;;0;0;0;1;0;;08. Mai 18;48,00;64;9;;0;0;0;0;0;;1;3;0;;
0038;21.10.73;1;46;2;55;151;24,5;;2,092%;1,098;;3;0;0;0;0;0;0;0,65;94,58;0;0;0;0;0;0;;R:21, L:18;23 NAS 3;8;FIT;3,00;;03.05.18;2;3,0;138;71;1;;35;175;0;0;0;SR (VVI-Schutz);0;0;1,4;0;0;0;0;5;0;7,5;;-32;-56;-81;-105;-129,5;SR (VVI-Schutz);4,24;4,758181818;5,276363636;5,794545455;6,312727273;6,830909091;7,349090909;7,867272727;8,385454545;;31,4;37,5;7;-695;3000;1;2,8;99;100,4;98,4;96,8;;0,67;0,65;;24;58;21;;21;13;1;0;0;0;0;1;0;0;0;;0;;21;0;;7;4;1;0;;0;;;0;;1;0;;;;;;;;;;;;;;07. Mai 18;50,00;48;17;;0;0;0;0;0;;0;6;0;;
0039;26.02.69;1;50;1;101;192;27,3;;0,499%;0,238;;1;0;0;0;1;0;0;1,00;125,88;0;0;0;0;0;0;;;;;;1,00;;09.05.18;1;1,0;135;88;1;;15;150;0;0;0;SR (VVI-Schutz);0;0;;0;0;0;0;k.A;;3,75;;-21;-39;-57;-75;-92,996;SR (VVI-Schutz);0;0;;0;0;0;0;k.A;;;32,4;37;6,33;-491;2000;0,6;1,3;80;78;77,45;77;1,5;1,5;1,2;;25;78;27;;28;31;1;0;0;0;0;1;0;0;0;;0;;25;0;;6;5;0;0;;0;;;0;;0;0;;;04. Mai 18;58,00;62;23;;0;0;0;1;0;;14. Mai 18;52,00;48;13;;0;0;0;0;0;;1;1;0;;
0040;21.07.44;1;75;1;80;184;23,6;;2,427%;1,074;;1;0;0;1;1;0;0;1,50;48,15;0;0;0;0;0;0;;;;;;1,00;;09.05.18;1;1,0;210;132;1;;30;220;0;0;1;SR (VVI-Schutz);0;0;2,5;0;0;0;0;0;0;0;;-33;-61;-89;-117;-144,4;SR (VVI-Schutz);-0,166666667;-0,242424242;-0,318181818;-0,393939394;-0,46969697;-0,545454545;-0,621212121;-0,696969697;-0,772727273;;32;37;7,08;-1847;5500;0,6;1,1;104;103,4;101,8;98,6;1,1;0,9;0,96;;14;55;15;14;15;14;0;0;1;0;0;0;0;0;1;;0;;40;0;;8;7;1;0;;0;;;0;;0;0;;;08. Mär 18;59,00;50;36;21;0;0;0;1;0;;15. Mai 18;55,00;60;19;;0;0;0;0;0;;0;5;0;;
0041;24.07.59;1;60;1;104;184;30,7;;0,499%;0,573;;1;0;0;1;1;0;0;0,94;122,93;0;0;0;0;0;0;;;;;;4,00;;11.05.18;2;5,0;74;57;1;;30;360;0;0;0;SR (VVI-Schutz);0;0;1,3;1;0;1;1;0;0;3,75;;-48;-90;-132;-174;-216;SR (VVI-Schutz);1,746666667;1,917878788;2,089090909;2,26030303;2,431515152;2,602727273;2,773939394;2,945151515;3,116363636;;31;37;6,5;-2417;5000;0,5;1,2;93;91,3;90,4;89;1,1;0,96;0,81;;28;32;23;17;19;16;0;1;0;0;1;0;0;0;0;;0;;53;0;;10;6;0;0;;1;0;2;0;;0;0;;;07. Mai 18;45,00;71;23;;0;0;0;0;0;;16. Mai 18;;57;19;;0;0;0;0;0;;0;6;0;;
0042;07.09.56;1;63;1;93;173;31,1;;0,604%;0,401;;2;0;0;1;1;0;0;0,88;113,02;0;0;0;0;0;0;;;;;;2,00;;16.05.18;1;1,0;201;120;1;;20;105;0;0;1;SR (VVI-Schutz);0;0;1,3;0;0;0;0;0;0;0;;-18;-32;-46;-61;-74,9;SR (VVI-Schutz);-0,086666667;-0,126060606;-0,165454545;-0,204848485;-0,244242424;-0,283636364;-0,323030303;-0,362424242;-0,401818182;;34;37,2;7,2;-494;5000;0,9;1,9;109;112;111;111;1,3;1,3;1,2;;32;67;22;;16;32;0;0;1;0;0;1;0;0;0;;0;;18;0;;21;19;1;0;;0;;;1;4;0;1;2;;14. Mai 18;62,00;75;24;;0;0;0;1;0;;22. Mai 18;57,00;52;19;;0;0;0;1;0;;1;5;0;;
0043;11.04.64;1;55;1;109;189;30,5;;0,499%;0,627;;1;0;0;0;1;0;0;1,30;98,99;0;0;0;0;0;0;;R:45, L:33;31 NAS 8;6,49;PRE FRAIL;1,00;;29.05.18;2;3,0;122;65;1;;10;145;0;0;0;SR (VVI-Schutz);0;0;2,6;0;0;0;0;;;0;;-18;-35;-52;-68;-85;SR (VVI-Schutz);-0,152941176;-0,229411765;-0,305882353;-0,382352941;-0,458823529;-0,535294118;-0,611764706;-0,688235294;-0,764705882;;30;37;7,04;417;0;0,8;0,8;95;96,6;96,5;96,4;1,2;1,3;1,2;;41;60;26;19;23;17;1;0;0;0;0;1;1;0;0;;0;;20;0;;8;7;1;1;2;0;;;0;;1;0;;;28. Mai 18;59,00;55;20;;0;1;0;0;0;;30. Mai 18;;;19;;0;0;0;0;0;;1;1;0;;
0044;22.04.69;1;50;1;96;193;25,7;;0,555%;0,241;;2;0;0;0;1;0;0;1,10;108,64;0;0;0;0;0;0;;R:81, L:61;25 NAS 9;7,77;FIT;4,00;;01.06.18;1;1,0;203;83;1;;15;240;0;0;1;SR (VVI-Schutz);0;0;1,6;0;0;0;0;5;;22,5;;-29;-56;-83;-110;-136;SR (VVI-Schutz);13,58258065;15;17,09741935;18,85483871;20,61225806;22,36967742;24,12709677;25,88451613;27,64193548;;34;37;6,2;-843;3500;0,5;1;78;79,8;75,9;75;0,84;0,86;0,73;;38;32;32;;17;14;1;0;1;0;0;0;0;0;0;;0;;18;0;;9;5;0;0;;0;;;0;;0;0;;;30. Mai 18;47,00;60;22;;0;0;0;1;0;;05. Jun 18;53,00;53;10;;0;0;0;0;0;;1;6;0;;
0045;26.03.63;1;56;2;68;176;22,0;;0,748%;0,472;;1;0;0;0;1;0;0;0,72;93,66;0;1;0;0;0;0;;;;;;2,00;;19.04.18;1;1,0;129;68;1;;;;;;;;;;;;;;;;;;;;;;;;;;;;;;;;;;;30;37;6,7;-2771;5000;0,9;1,1;67;77,6;75,7;75,7;0,55;0,66;0,82;;;;;;12;20;22;0;1;0;0;1;0;0;0;;0;;20;0;;7;5;0;0;;0;;;0;;;0;;;18. Apr 18;;67;26;34;0;0;0;1;0;;24. Apr 18;42,00;65;8;31;0;0;0;0;0;;0;6;0;;
0046;27.04.00;1;19;1;78;183;23,3;;1,687%;0,368;;3;0;0;0;0;0;0;0,86;152,42;0;0;0;0;0;0;;R:77, L:57;34 NAS 8;4,72;FIT;1,00;;04.06.18;2;3,0;108;62;1;;15;255;0;0;0;SR (VVI-Schutz);0;0;1,1;0;0;0;1;0;0;7,5;;-31;-60;-88;-117;-145,496;SR (VVI-Schutz);3,126666667;3,520606061;3,914545455;4,308484848;4,702424242;5,096363636;5,49030303;5,884242424;6,278181818;;33,6;36,8;6,24;2061;0;0,5;1,5;84;89;86,5;85;0,78;0,7;0,75;;25;48;20;;89;86,5;1;0;0;0;0;0;0;1;0;;0;;16;0;;5;4;0;0;;0;;;0;;0;0;;;;;;;;;;;;;;18. Jun 18;48,00;46;25;;0;0;0;0;0;;0;1;0;;
0047;20.07.61;1;58;2;62;159;24,5;;1,124%;0,687;;3;0;0;0;0;0;0;0,84;71,45;0;0;0;0;0;0;;R:17, L:14;22 NAS 5;7;PRE FRAIL;1,00;;21.06.18;1;1,0;144;88;1;;20;60;0;0;0;SR (VVI-Schutz);0;0;;2;0;0;0;;;0;;-14;-24;-34;-44;-53,965;SR (VVI-Schutz);0,071428571;0,035714286;4,996E-16;-0,035714286;-0,071428571;-0,107142857;-0,142857143;-0,178571429;-0,214285714;;30;36,8;5,122;1298;1000;0,5;1,7;105;105,2;103,6;103,6;1,3;1,4;1,2;;22;69;23;22;20;24;0;0;1;0;0;1;0;1;0;;0;;16;0;;6;5;0;0;;0;;;0;;0;0;;;27. Apr 18;55,00;71;24;;0;0;0;1;0;;26. Jun 18;;43;15;17;0;0;0;0;0;;1;1;0;;
0048;02.04.56;1;63;1;81;172;27,4;;0,543%;0,634;;1;0;0;0;0;1;0;0,86;100,73;0;0;0;0;0;0;;;;;;3,00;;25.06.18;2;4,0;96;72;1;;10;300;0;0;0;SR (VVI-Schutz);0;1 (Pneu);1,4;0;0;0;0;7;0;15;;-34;-66;-98;-130;-162;SR (VVI-Schutz);1;2 (Pneu);9,2;10,53333333;11,91666667;13,3;14,68333333;16,06666667;17,45;;31,7;37,5;6,88;-1196;6000;0,6;1,5;87;;;80;0,86;0,82;0,77;;37;42;20;;18;15;0;0;1;0;1;0;0;0;0;;0;;19;0;;12;9;1;0;;0;;;1;5;0;0;;;22.06.18;;62;22;;1;0;0;0;0;;02.07.18;;60;18;;0;0;0;0;0;;1;1;0;;
0049;10.03.56;1;63;1;87;177;27,8;;0,826%;0,763;;2;0;0;0;0;1;0;0,97;95,92;0;0;0;0;0;0;;;;;;2,00;;04.07.18;2;6,0;47;27;1;;15;135;0;0;0;SR (VVI-Schutz);0;0;2,9;0;0;0;0;8;2;15;;-20;-36;-52,5;-69;-85,5;SR (VVI-Schutz);8,606666667;9,664242424;10,72181818;11,77939394;12,8369697;13,89454545;14,95212121;16,00969697;17,06727273;;;37,5;6,62;-452;1500;0,9;1,5;87;;89;88,4;0,97;0,88;0,92;;30;27;35;;15;22;0;0;1;0;1;0;0;0;0;;0;;21;0;;7;5;0;0;;0;;;0;;0;0;;;24.05.18;49;48;25;;0;0;0;0;0;;06.07.18;;45;15;;0;0;0;0;0;;0;1;0;;
0050;26.04.84;1;35;2;77;163;29,0;;0,690%;0,322;;2;0;0;0;0;0;0;0,77;123,96;0;0;0;0;0;0;;;;;;1,00;;28.06.18;2;3,0;91;54;1;;20;200;0;0;0;SR (VVI-Schutz);0;0;1,7;0;0;0;0;;0;15;;-28;-52;-76;-100;-124;SR (VVI-Schutz);7,047058824;7,945588235;8,844117647;9,742647059;10,64117647;11,53970588;12,43823529;13,33676471;14,23529412;;33,9;37,2;5,936;-1541;4000;;1,3;76;;;81,9;1;0,9;0.86;;23;37;16;;12;14;0;0;1;0;1;0;0;0;0;;0;;25;0;;6;5;0;0;;0;;;0;;0;0;;;10.04.18;52;61;23;;0;1;0;0;0;;02.07.18;44;62;14;;0;0;0;0;0;;1;1;1;2;1