nursing_classes,age,gender,previous_cultural_awareness_course,general_attitudes,research_attitudes,clinical_experience
Prenursing,24,male,Both courses,6.330078157230162,6.253202198567335,4.348470552688405
Prenursing,31,female,Cultural diversity course,5.2516283423085035,3.3594922547817325,6.2306502266163815
Prenursing,28,male,None,5.635855117067981,5.458162925660387,3.513462947554886
Senior BSN,31,female,Cultural diversity course,4.459199398682396,5.5475080066500055,4.454296806062392
Prenursing,23,male,Cultural diversity course,5.873799315244951,5.326953305639995,5.381344593589257
Senior BSN,28,female,None,5.319650529478848,4.946077184546155,6.808964996631192
Prenursing,33,female,Global health course,4.9021426486551585,5.844163930431663,4.947472114283339
MSN,29,female,Cultural diversity course,4.723275730943999,6.881239062073231,5.384281729564433
MSN,21,female,Cultural diversity course,4.882083143755683,6.093564388455703,4.997549852056696
Prenursing,21,male,Cultural diversity course,6.250494179886094,5.317769451297016,5.429172107423334
Prenursing,22,male,Global health course,4.869785526613337,6.622382830279093,5.9893942991941405
MSN,22,female,Both courses,5.553702981160213,6.602675229170979,5.649540788098862
MSN,18,female,None,6.437458135670196,6.939017015281557,5.389020654294606
Prenursing,21,male,Both courses,3.9700028893158237,5.2417204175313294,4.500304784907081
Prenursing,19,male,Cultural diversity course,5.38133116748782,4.334355597803394,6.873057622144215
Senior BSN,23,female,Cultural diversity course,5.0549897794381184,4.755244889710272,6.744603610090083
Prenursing,21,female,None,4.211888289616853,4.7785193327582105,5.4986831312011
MSN,29,male,Cultural diversity course,4.633339930263474,6.373474312978447,5.704466032418924
Prenursing,18,female,Both courses,4.764522158771257,3.2294648575837344,5.50982037673819
Prenursing,33,female,Both courses,6.06405427045019,6.4690405739019345,6.083659063183996
Prenursing,30,male,None,4.722848053868204,6.039876178787243,6.555412305198179
Senior BSN,30,female,Both courses,4.799619262433116,6.38295477607916,6.963409838693786
Senior BSN,25,male,Global health course,5.479083863048883,6.277960440697756,6.2831270468095815
Senior BSN,37,male,Global health course,5.960467596444428,5.4423315263768135,6.247341489260517
Senior BSN,35,female,None,4.7208572028292135,5.153173234119327,4.897867702941195
MSN,28,female,Both courses,4.9524351758283105,5.468789899415933,6.113924675959308
MSN,26,male,Cultural diversity course,5.280088594128742,5.173686587048445,5.239493081776431
MSN,24,female,Global health course,5.857869632100039,5.12797512584424,5.210200039663405
MSN,25,female,Cultural diversity course,4.974648206858861,4.918942048192369,5.35949099096829
Senior BSN,42,female,None,5.211420608679748,6.778688791076561,6.4105270577565285
Prenursing,37,female,None,5.482316057456077,5.751269823020275,5.981071350917269
Prenursing,29,female,Cultural diversity course,5.146038776878443,4.568338476195764,4.662962492354115
MSN,24,male,Global health course,6.437551848403931,6.716739787987075,5.600172087105589
MSN,28,female,Global health course,6.063395012311183,4.226760916045103,5.610376431532638
MSN,19,male,Both courses,5.804729404061477,6.892733709612796,5.925753414778917
Prenursing,24,female,None,4.50199426835945,5.556644515927231,6.519753483528775
Prenursing,27,female,Cultural diversity course,4.909972396568499,4.476419137567077,5.149755689067992
Prenursing,21,male,Global health course,4.943845280650991,5.604645325140546,6.658366431846153
Senior BSN,24,female,Both courses,5.074486060544668,5.725258494585574,5.285782493878467
Prenursing,27,female,Both courses,4.728710304355551,3.0097947994676164,4.857367300215638
Prenursing,29,female,None,4.533984608177921,4.438374955922856,4.6983455865126915
Prenursing,22,female,None,5.684707455936867,6.149483433611201,6.779503251257758
Prenursing,37,female,None,4.615742710668764,4.838270772140097,5.42503777705697
Prenursing,21,female,None,5.302984234271944,5.266820501327679,5.602271465461182
Senior BSN,20,male,Both courses,5.5521945773286,5.915943802198432,5.903883300996677
Prenursing,29,male,Cultural diversity course,5.121900374186974,5.311450854584629,4.658744143499042
Senior BSN,20,male,Global health course,5.219563499571148,4.811679044932349,6.167063171224779
MSN,19,male,Both courses,5.519249767816184,4.025517722975447,6.918633397414091
Senior BSN,23,female,None,5.370018401725437,5.447097408436227,4.200577407520258
Prenursing,18,male,Global health course,5.269520746186131,6.360590135210831,4.290747485320329
MSN,39,female,Cultural diversity course,5.172986579836264,5.5906353960008435,6.002131097800543
Senior BSN,29,female,Cultural diversity course,5.3275019007132025,6.041608180587033,5.834774385459584
MSN,22,male,None,5.353409315951359,4.28317685063225,5.747815048293604
Senior BSN,26,female,Cultural diversity course,6.175454211786114,6.682801666791349,5.487768264714072
MSN,26,female,Global health course,5.034493897250752,4.711078288937812,5.4738996311143095
Senior BSN,30,female,Global health course,4.546321898463738,6.251232460355333,6.765932334486436
Senior BSN,28,female,Both courses,5.896069795083963,6.446764193485061,6.406650603159303
MSN,18,female,None,5.369868242072595,5.650273710037674,5.01903325688105
MSN,32,male,None,5.730618147503223,4.0853236582331816,5.496631359158278
Senior BSN,26,female,Cultural diversity course,6.691073619991629,4.910500415873469,6.9368115403212025
Senior BSN,30,male,None,4.832595404028353,4.746695248692203,4.003485050652708
MSN,26,female,Global health course,5.02226662531936,4.609810218244614,4.586964162598024
Senior BSN,23,female,Both courses,4.766184578884291,4.949283895199544,3.5651105466151485
MSN,39,female,Both courses,5.670980051131864,4.999693409406931,5.232150699886508
Senior BSN,28,male,Cultural diversity course,5.50818102927353,5.810189465691119,5.999692281184886
MSN,22,male,Global health course,4.763207559764261,5.149360987089043,5.747146243698311
MSN,28,female,Both courses,4.965853938753896,5.711581772830176,4.945750522164013
MSN,34,female,Both courses,5.16247901518722,4.795495966685964,5.883149828233173
MSN,19,male,Cultural diversity course,5.754663917282768,4.6114530567012935,5.140602005392509
Senior BSN,21,female,Global health course,5.408009893056005,5.322307802408041,6.589210435216487
Prenursing,25,male,Cultural diversity course,4.9626028672329126,4.22938116814306,6.836173428812056
Prenursing,20,female,Cultural diversity course,5.976362704913371,3.9247644539161985,4.851077002025645
Senior BSN,20,female,Global health course,4.5697262748598995,6.348756353470475,4.764587562276993
Senior BSN,31,male,Global health course,6.181447536496146,5.835341857149625,6.3591490955999594
Senior BSN,21,male,None,5.89950154986204,5.937734366829067,6.454110755105997
Prenursing,21,female,Global health course,5.511757497208502,4.566036414200679,5.640310364861607
Prenursing,31,male,Global health course,5.985386738876551,4.017792346905826,5.9858577709757546
MSN,23,male,Global health course,4.919715566427911,6.1897600449697405,6.323339126968872
Prenursing,20,female,Cultural diversity course,6.51256902445192,5.4196733168353965,6.382706104173931
Prenursing,27,female,Both courses,6.240290798008597,5.446726736232189,5.031426703031044
MSN,27,male,Both courses,5.493789051294211,4.193884820898649,5.673053870453729
MSN,21,male,None,6.020336436442658,6.6540932824671,5.092903309289116
MSN,26,female,Both courses,5.499712119974102,5.335972817796666,6.597889545599086
Prenursing,32,male,Cultural diversity course,5.365622294581352,6.022594757762839,4.3806777397348275
MSN,19,female,Global health course,5.6656382637718155,4.2897034405873695,6.765871565713909
Senior BSN,29,female,None,4.931391612990791,5.916674494984734,5.0655535898729
MSN,23,female,Both courses,5.8539425762906525,5.964175702769893,6.248293790309217
MSN,27,female,Cultural diversity course,5.345435573778491,4.916361734934748,5.689246038242066
Prenursing,30,female,Cultural diversity course,5.45311051049652,4.063345132615203,5.503642886719247
MSN,29,female,Global health course,4.223022641391722,6.929143233151859,5.160187475123403
Senior BSN,27,female,Global health course,5.476973860635235,6.1185106852072995,6.670592603347295
Prenursing,23,female,Cultural diversity course,5.245535814427779,5.182229718098079,5.216386831097337
MSN,18,female,None,6.050263805844448,6.463424447594326,5.856144058352327
Senior BSN,24,female,Both courses,4.467524189831567,4.840572753281728,5.660003450984188
MSN,27,female,Global health course,4.9939856536261615,5.39772106536252,6.733635369951039
Senior BSN,19,male,None,5.032695086278739,5.7931453785154305,6.438495036318724
MSN,26,female,Global health course,3.6835355971174453,6.217794357040931,5.325703147954389
Senior BSN,32,female,Global health course,4.938432625355051,6.905598397793666,6.0671247964918855
MSN,35,female,Global health course,6.813802774898484,6.310178175141277,6.6922141069434495
Senior BSN,22,male,None,6.183847388986008,5.369416781036707,5.603164272456312
