book_first_published,book_author_name,book_title,book_url
1859,Charles Darwin,the Origin of Species,https://slcladal.github.io/data/origindarwin.txt
2007,Muzaffar Iqbal,"The Making of Islamic Science
The Making of Islamic Science",https://ia803207.us.archive.org/18/items/TheMakingOfIslamicScienceByMuzaffarIqbal/TheMakingOfIslamicScienceByMuzaffarIqbal_djvu.txt
2007,George Saliba,Islamic Science and the Making of the European Renaissance,https://ia801602.us.archive.org/18/items/GeorgeSalibaIslamicScienceAndTheMakingOfTheEuropeanRenaissanceTransformationsStu/George%20Saliba-Islamic%20Science%20and%20the%20Making%20of%20the%20European%20Renaissance%20%28Transformations_%20Studies%20in%20the%20History%20of%20Science%20and%20Tec_djvu.txt
2003,"
Jan P. Hogendijk and Abdelhamid l. Sabra",The Enterprise of Science in Islam ,https://ia801302.us.archive.org/2/items/TheEnterpriseOfScienceInIslamByHogendijkAndSabra/The%20Enterprise%20ofScience%20in%20Islam%20by%20Hogendijk%20and%20Sabra_djvu.txt
1963,Stanwood Cobb,Islamic Contributions to Civilization,https://ia600109.us.archive.org/9/items/IslamicContributionsToCivilizationStanwoodCobb/Islamic%20Contributions%20to%20Civilization%20Stanwood%20Cobb_djvu.txt
1993,Beatrice Gruendler,The development of the Arabic scripts,https://ia902801.us.archive.org/30/items/TheDevelopmentOfTheArabicScriptsFromTheNabateanEraToTheFirstIslamicCentury/The%20Development%20of%20the%20Arabic%20Scripts%20From%20the%20Nabatean%20Era%20to%20the%20First%20Islamic%20Century_djvu.txt
1998,Fred M. Donner,Narratives of Islamic origins : the beginnings of Islamic historical writing,https://ia802708.us.archive.org/17/items/NarrativesOfIslamicOriginsTheBeginningsOfIslamicHistoricalWriting/Narratives%20of%20Islamic%20Origins-%20The%20Beginnings%20of%20Islamic%20Historical%20Writing_djvu.txt
1996,Roshdi Rashed,"Encyclopedia of the History of 
Arabic Science ",https://ia801608.us.archive.org/5/items/RoshdiRasheded.EncyclopediaOfTheHistoryOfArabicScienceVol.3Routledge1996/Qisar-Roshdi-Rashed-Encyclopedia-of-the-History-of-Arabic-Science_djvu.txt
2010,Fuat Sezgin,"Science and Technology 
in Islam ",https://ia801303.us.archive.org/27/items/HistoryOfScienceAndTechnologyInIslam/History%20of%20Science%20and%20Technology%20in%20Islam_djvu.txt